﻿<master version="5.2" minAllowVersion="5.2" ID="BC529BFF-4460-4D9A-B074-C42373EB8A59">
  <controls>
    <control controlID="3D66E5EF-421E-4168-8CD6-6509552F2197" controlTypeID="Master" x="0" y="70" w="1100" h="605" zOrder="2" masterID="BC529BFF-4460-4D9A-B074-C42373EB8A59">
      <groupChildrenDescriptors>
        <control controlID="AB858194-F38E-483C-97B6-1A549B2DA1E6" controlTypeID="Shape" x="0" y="0" w="1100" h="605" zOrder="0">
          <verticalScrollbarShow>True</verticalScrollbarShow>
          <ShadowBlur>0</ShadowBlur>
          <font family="Segoe+UI" displayName="Segoe+UI" postScript="" weightStyle="Standard" weight="400" isBold="False" isItalic="False"/>
          <textSize>14</textSize>
          <selectedIndex>-1</selectedIndex>
        </control>
      </groupChildrenDescriptors>
    </control>
  </controls>
</master>