<?xml version="1.0" encoding="UTF-8"?>
<!DOCTYPE isys [
        <!ELEMENT isys (info|queries)*>
        <!ELEMENT info (title|version|requirement|directory|revision|release)*>
        <!ELEMENT title (#PCDATA)>
        <!ELEMENT version (#PCDATA)>
        <!ELEMENT requirement (revision|version)*>
        <!ELEMENT revision (#PCDATA)>
        <!ELEMENT directory (#PCDATA)>
        <!ELEMENT release (#PCDATA)>
        <!ELEMENT queries (query)*>
        <!ELEMENT query (id|title|check|errmsg|sql)*>
        <!ELEMENT id (#PCDATA)>
        <!ELEMENT check (#PCDATA)>
        <!ATTLIST check ident CDATA #REQUIRED>
        <!ELEMENT errmsg (#PCDATA)>
        <!ELEMENT sql (exec)*>
        <!ELEMENT exec (#PCDATA)>
        <!ATTLIST exec ident CDATA #REQUIRED>
        ]>
<isys>
    <info>
        <title>becon_MK</title>
        <version>1.0</version>
        <release>2021-03-30</release>
    </info>
    <queries>
        <query>
            <id>1</id>
            <title>Create table: isys_becon_oc_config</title>
            <check ident="C_CREATE_TABLE">isys_becon_oc_config</check>
            <sql>
                <exec ident="false">
                    CREATE TABLE `isys_becon_oc_config` (
                    `isys_becon_oc_config__id` int(10) unsigned NOT NULL AUTO_INCREMENT,
                    `isys_becon_oc_config__object_types` varchar(255) COLLATE utf8_unicode_ci DEFAULT NULL,
                    `isys_becon_oc_config__categories` varchar(255) COLLATE utf8_unicode_ci DEFAULT NULL,
                    `isys_becon_oc_config__hooks` text COLLATE utf8_unicode_ci,
                    PRIMARY KEY (`isys_becon_oc_config__id`)
                    ) ENGINE=InnoDB DEFAULT CHARSET=utf8 COLLATE=utf8_unicode_ci;
                </exec>
            </sql>
        </query>

        <query>
            <id>2</id>
            <title>Define default execution rights for admin group for webhook configuration</title>
            <check ident="C_VALUE_EXISTS">SELECT isys_auth__id FROM isys_auth WHERE isys_auth__isys_module__id = (SELECT isys_module__id FROM isys_module WHERE isys_module__const = "C__MODULE__BECON_OC" LIMIT 1) AND isys_auth__path='BECON_OC_CONFIG';</check>
            <sql>
                <exec ident="false">
                    SET @MODULE = (SELECT isys_module__id FROM isys_module WHERE isys_module__const = "C__MODULE__BECON_OC" LIMIT 1);
                    SET @ADMIN = (SELECT isys_obj__id FROM isys_obj WHERE isys_obj__const = "C__OBJ__PERSON_GROUP_ADMIN" LIMIT 1);

                    INSERT INTO isys_auth
                    (isys_auth__isys_obj__id, isys_auth__type, isys_auth__isys_module__id, isys_auth__path, isys_auth__status) VALUES
                    (@ADMIN, 8, @MODULE, 'BECON_OC_CONFIG', 2);
                </exec>
            </sql>
        </query>

        <query>
            <id>3</id>
            <title>Add column for specific categories</title>
            <check ident="C_ADD_FIELD">isys_becon_oc_config,isys_becon_oc_config__categories_s</check>
            <sql>
                <exec ident="false">
                    ALTER TABLE isys_becon_oc_config ADD COLUMN isys_becon_oc_config__categories_s VARCHAR(255) COLLATE utf8_unicode_ci DEFAULT NULL AFTER isys_becon_oc_config__categories;
                </exec>
            </sql>
        </query>

    </queries>
</isys>
