<?xml version="1.0" encoding="UTF-8"?>
<!DOCTYPE isys [
        <!ELEMENT isys (info|queries)*>
        <!ELEMENT info (title|version|requirement|directory|revision|release)*>
        <!ELEMENT title (#PCDATA)>
        <!ELEMENT version (#PCDATA)>
        <!ELEMENT requirement (revision|version)*>
        <!ELEMENT revision (#PCDATA)>
        <!ELEMENT directory (#PCDATA)>
        <!ELEMENT release (#PCDATA)>
        <!ELEMENT queries (query)*>
        <!ELEMENT query (id|title|check|errmsg|sql)*>
        <!ELEMENT id (#PCDATA)>
        <!ELEMENT check (#PCDATA)>
        <!ATTLIST check
                ident CDATA #REQUIRED>
        <!ELEMENT errmsg (#PCDATA)>
        <!ELEMENT sql (exec)*>
        <!ELEMENT exec (#PCDATA)>
        <!ATTLIST exec
                ident CDATA #REQUIRED>
        ]>
<isys>
    <info>
        <title>OTRSC Module</title>
        <version>3.0.1</version>
        <release>2023-01-16</release>
    </info>
    <queries>
        <query>
            <id>1</id>
            <title>OTRSC Module</title>
            <check ident="C_CREATE_TABLE">isys_otrsc</check>
            <errmsg></errmsg>
            <sql>
                <exec ident="false">
                    SET FOREIGN_KEY_CHECKS = 0;

                    CREATE TABLE IF NOT EXISTS `isys_otrsc` (
                    `isys_otrsc_user` varchar(254),
                    `isys_otrsc_pass` varchar(254),
                    `isys_otrsc_url` varchar(254),
                    `isys_otrsc_tenant` varchar(254)
                    ) ENGINE=InnoDB DEFAULT CHARSET=utf8;
                </exec>
            </sql>
        </query>
        <query>
            <id>2</id>
            <title>Delete obsolet virtual category</title>
            <check ident="C_VALUE_EXISTS">SELECT * FROM isysgui_catg where isysgui_catg__const = 'C__CATG__OTRSC';</check>
            <errmsg></errmsg>
            <sql>
                <exec ident="true">
                    DELETE FROM `isysgui_catg` WHERE `isysgui_catg__const` = 'C__CATG__OTRSC';
                </exec>
            </sql>
        </query>
        <query>
            <id>3</id>
            <title>Adding fields: isys_otrsc_system</title>
            <check ident="C_ADD_FIELD">isys_otrsc,isys_otrsc_system</check>
            <errmsg></errmsg>
            <sql>
                <exec ident="false">
                    ALTER TABLE `isys_otrsc` ADD COLUMN `isys_otrsc_system` varchar(254) NOT NULL DEFAULT 'otrs' AFTER `isys_otrsc_pass`;
                    ALTER TABLE `isys_otrsc` ADD COLUMN `isys_otrsc_path` varchar(254) NOT NULL DEFAULT '/otrs' AFTER `isys_otrsc_system`;
                    ALTER TABLE `isys_otrsc` CHANGE COLUMN `isys_otrsc_url` `isys_otrsc_domain` varchar(254);
                </exec>
            </sql>
        </query>
        <query>
            <id>4</id>
            <title>Define default execution rights for admin group</title>
            <check ident="C_VALUE_EXISTS">SELECT isys_auth__id FROM isys_auth WHERE isys_auth__isys_module__id = (SELECT isys_module__id FROM isys_module WHERE isys_module__const = "C__MODULE__OTRSC" LIMIT 1) AND isys_auth__path='OTRSC_CONFIG';</check>
            <sql>
                <exec ident="false">
                    SET @MODULE = (SELECT isys_module__id FROM isys_module WHERE isys_module__const = "C__MODULE__OTRSC" LIMIT 1);
                    SET @ADMIN = (SELECT isys_obj__id FROM isys_obj WHERE isys_obj__const = "C__OBJ__PERSON_GROUP_ADMIN" LIMIT 1);
                    INSERT INTO isys_auth 
                    (isys_auth__isys_obj__id, isys_auth__type, isys_auth__isys_module__id, isys_auth__path, isys_auth__status) VALUES
                    (@ADMIN, 3, @MODULE, 'OTRSC_CONFIG', 2),(@ADMIN, 8, @MODULE, 'OTRSC_GET_TICKETS', 2);
                </exec>
            </sql>
        </query>
    </queries>
</isys>
