﻿<project version="2.9" name="OC" ID="69217B43-F57C-4466-B314-9C8D5C7B5EE8">
  <params>
    <pageParam version="5.2" minAllowVersion="5.2"/>
    <projectParam version="2.9" minAllowVersion="2.9" platform="MtWeb" pageSize="(1100,1000)" backgroundColor="4294967295" fontSize="14" fontFamily="Segoe UI" projectType="ptPersonalProject" isShowTitleIndex="False"/>
    <previewParam version="1.0"/>
    <colorParam version="1.0"/>
  </params>
  <pages>
    <page name="MyProfile" ID="44125103-4D9E-4980-98D9-A3364FC456E4" expanded="True" code="ixOIG5rW1G" thumbCode="ixOIG5rW1G" status="psWhite" isfolder="False" isshownode="True">
      <images>
        <image key="119C857C4792E02327F609276285EAD8.svg"/>
        <image key="CB1D4BD70EFAF9D0D63B9D0659D62AAA.svg"/>
        <image key="342E995849FF1332274CA5C809F35463.jpg"/>
        <image key="976481E0FBEB84C2585025769B665392.png"/>
        <image key="5009BE1A7E81EECD2CBC930CA5A8E0AD.png"/>
        <image key="3C8DF9DE80057200F41F28DCE285D271.svg"/>
        <image key="E7D27E7A00FA7023CB70F7694DE9F06F.svg"/>
      </images>
    </page>
    <page name="login" ID="854361E7-1B3A-40C0-BD20-E7D957150E25" expanded="True" code="cfjZeYZLV1" thumbCode="cfjZeYZLV1" status="psWhite" isfolder="False" isshownode="True">
      <images>
        <image key="671B6BE607975A74FB470B2A24F33C46.svg"/>
      </images>
    </page>
    <page name="logining" ID="5FF07864-4055-4362-B6B2-C6881651CED3" expanded="True" code="TcCsHc8bmH" thumbCode="TcCsHc8bmH" isLastOpen="True" status="psWhite" isfolder="False" isshownode="True">
      <images>
        <image key="671B6BE607975A74FB470B2A24F33C46.svg"/>
      </images>
    </page>
    <page name="greeting" ID="6542CB8E-2320-4767-B9A7-0E7302DAF938" expanded="True" code="AmBMRHpMrj" thumbCode="AmBMRHpMrj" status="psWhite" isfolder="False" isshownode="True">
      <images>
        <image key="976481E0FBEB84C2585025769B665392.png"/>
        <image key="119C857C4792E02327F609276285EAD8.svg"/>
        <image key="CB1D4BD70EFAF9D0D63B9D0659D62AAA.svg"/>
        <image key="3C8DF9DE80057200F41F28DCE285D271.svg"/>
        <image key="E7D27E7A00FA7023CB70F7694DE9F06F.svg"/>
      </images>
    </page>
    <page name="User" ID="8EEBBC95-8CA7-4D99-B956-4FE5EDE663BD" expanded="True" status="psGreen" isfolder="True" isshownode="True">
      <page name="UserList" ID="A3D043D4-D3D3-41FD-905A-5203E0D6854A" expanded="True" code="fI1NnDOLxk" thumbCode="fI1NnDOLxk" status="psWhite" isfolder="False" isshownode="True">
        <images>
          <image key="BA04972E3182AD905AFF05C0CCA8C3E7.png"/>
          <image key="119C857C4792E02327F609276285EAD8.svg"/>
          <image key="342E995849FF1332274CA5C809F35463.jpg"/>
          <image key="2B26C789AF3EFEA925A6893B9D4A201A.svg"/>
          <image key="E46CFD1A0CE30F7F71FABDCC41C41B38.jpg"/>
          <image key="99D18E524D2BEF9446942FB6A373FE26.svg"/>
          <image key="CB1D4BD70EFAF9D0D63B9D0659D62AAA.svg"/>
          <image key="5009BE1A7E81EECD2CBC930CA5A8E0AD.png"/>
          <image key="976481E0FBEB84C2585025769B665392.png"/>
          <image key="3C8DF9DE80057200F41F28DCE285D271.svg"/>
          <image key="E7D27E7A00FA7023CB70F7694DE9F06F.svg"/>
        </images>
      </page>
      <page name="UserView" ID="393A58B6-141F-4FD9-A983-10A014DF0C00" expanded="True" code="6IjqKSeSCp" thumbCode="6IjqKSeSCp" status="psWhite" isfolder="False" isshownode="True">
        <images>
          <image key="119C857C4792E02327F609276285EAD8.svg"/>
          <image key="23C89C10F7B3376AE4E32DC5E7C501A2.svg"/>
          <image key="CB1D4BD70EFAF9D0D63B9D0659D62AAA.svg"/>
          <image key="342E995849FF1332274CA5C809F35463.jpg"/>
          <image key="8D87F0B6E067D29DE1E9AC9BADB84F13.svg"/>
          <image key="E9143260ECAAF58DF8A7271B16D9CAAE.svg"/>
          <image key="976481E0FBEB84C2585025769B665392.png"/>
          <image key="5009BE1A7E81EECD2CBC930CA5A8E0AD.png"/>
          <image key="5E98D2A591BAC40C8F4087F7DA8C54F9.svg"/>
          <image key="3C8DF9DE80057200F41F28DCE285D271.svg"/>
          <image key="E7D27E7A00FA7023CB70F7694DE9F06F.svg"/>
        </images>
      </page>
      <page name="UserViewActions" ID="561FF271-E316-4C06-90E7-F57DE9C85576" expanded="True" code="SsASX7ahmS" thumbCode="SsASX7ahmS" status="psWhite" isfolder="False" isshownode="True">
        <images>
          <image key="119C857C4792E02327F609276285EAD8.svg"/>
          <image key="23C89C10F7B3376AE4E32DC5E7C501A2.svg"/>
          <image key="CB1D4BD70EFAF9D0D63B9D0659D62AAA.svg"/>
          <image key="342E995849FF1332274CA5C809F35463.jpg"/>
          <image key="E9143260ECAAF58DF8A7271B16D9CAAE.svg"/>
          <image key="8D87F0B6E067D29DE1E9AC9BADB84F13.svg"/>
          <image key="976481E0FBEB84C2585025769B665392.png"/>
          <image key="5009BE1A7E81EECD2CBC930CA5A8E0AD.png"/>
          <image key="5E98D2A591BAC40C8F4087F7DA8C54F9.svg"/>
          <image key="3C8DF9DE80057200F41F28DCE285D271.svg"/>
          <image key="E7D27E7A00FA7023CB70F7694DE9F06F.svg"/>
        </images>
      </page>
      <page name="UserAdd" ID="4F1236D3-4822-4200-82CF-5EEA7A3E30AE" expanded="True" code="UOcqHwlQcy" thumbCode="UOcqHwlQcy" status="psWhite" isfolder="False" isshownode="True">
        <images>
          <image key="119C857C4792E02327F609276285EAD8.svg"/>
          <image key="23C89C10F7B3376AE4E32DC5E7C501A2.svg"/>
          <image key="CB1D4BD70EFAF9D0D63B9D0659D62AAA.svg"/>
          <image key="2B26C789AF3EFEA925A6893B9D4A201A.svg"/>
          <image key="70987BBBAB2116F8F2969789465AA2A3.svg"/>
          <image key="976481E0FBEB84C2585025769B665392.png"/>
          <image key="B006535552ADCF3C660B10FA6D267D70.svg"/>
          <image key="3C8DF9DE80057200F41F28DCE285D271.svg"/>
          <image key="E7D27E7A00FA7023CB70F7694DE9F06F.svg"/>
        </images>
      </page>
      <page name="UserAddUserDetails" ID="F2097F9D-06ED-4604-968D-4C0C260E2B58" expanded="True" code="uD1Nrx2kgB" thumbCode="uD1Nrx2kgB" status="psWhite" isfolder="False" isshownode="True">
        <images>
          <image key="119C857C4792E02327F609276285EAD8.svg"/>
          <image key="E9BC305766B471DFFF8260E11E938D6D.svg"/>
          <image key="CB1D4BD70EFAF9D0D63B9D0659D62AAA.svg"/>
          <image key="2B26C789AF3EFEA925A6893B9D4A201A.svg"/>
          <image key="23C89C10F7B3376AE4E32DC5E7C501A2.svg"/>
          <image key="99D18E524D2BEF9446942FB6A373FE26.svg"/>
          <image key="70987BBBAB2116F8F2969789465AA2A3.svg"/>
          <image key="976481E0FBEB84C2585025769B665392.png"/>
          <image key="B006535552ADCF3C660B10FA6D267D70.svg"/>
          <image key="3C8DF9DE80057200F41F28DCE285D271.svg"/>
          <image key="4CF8189AEC8EC77CE51D110A00EE2B85.svg"/>
          <image key="E7D27E7A00FA7023CB70F7694DE9F06F.svg"/>
        </images>
      </page>
      <page name="UserAddUserGroup" ID="5C74B88B-6522-40CF-9F03-23EF0E8E6DAA" expanded="True" code="IBFIEu1VaY" thumbCode="IBFIEu1VaY" status="psWhite" isfolder="False" isshownode="True">
        <images>
          <image key="119C857C4792E02327F609276285EAD8.svg"/>
          <image key="23C89C10F7B3376AE4E32DC5E7C501A2.svg"/>
          <image key="CB1D4BD70EFAF9D0D63B9D0659D62AAA.svg"/>
          <image key="99D18E524D2BEF9446942FB6A373FE26.svg"/>
          <image key="976481E0FBEB84C2585025769B665392.png"/>
          <image key="B006535552ADCF3C660B10FA6D267D70.svg"/>
          <image key="3C8DF9DE80057200F41F28DCE285D271.svg"/>
          <image key="643399502F4A768B9C36424C2FD37F95.svg"/>
          <image key="E7D27E7A00FA7023CB70F7694DE9F06F.svg"/>
          <image key="6C1A97633069949454001927C72295D2.svg"/>
        </images>
      </page>
      <page name="UserUpdate" ID="83F4FBB0-586C-442A-A81D-B843126E8780" expanded="True" code="jSgShwwvNQ" thumbCode="jSgShwwvNQ" status="psWhite" isfolder="False" isshownode="True">
        <images>
          <image key="119C857C4792E02327F609276285EAD8.svg"/>
          <image key="23C89C10F7B3376AE4E32DC5E7C501A2.svg"/>
          <image key="CB1D4BD70EFAF9D0D63B9D0659D62AAA.svg"/>
          <image key="2B26C789AF3EFEA925A6893B9D4A201A.svg"/>
          <image key="70987BBBAB2116F8F2969789465AA2A3.svg"/>
          <image key="976481E0FBEB84C2585025769B665392.png"/>
          <image key="B006535552ADCF3C660B10FA6D267D70.svg"/>
          <image key="3C8DF9DE80057200F41F28DCE285D271.svg"/>
          <image key="E7D27E7A00FA7023CB70F7694DE9F06F.svg"/>
        </images>
      </page>
      <page name="UserUpdateUserDetails" ID="786DEA8B-C94F-4C57-8224-35291022F1BE" expanded="True" code="TlxfiiLLBw" thumbCode="TlxfiiLLBw" status="psWhite" isfolder="False" isshownode="True">
        <images>
          <image key="119C857C4792E02327F609276285EAD8.svg"/>
          <image key="E9BC305766B471DFFF8260E11E938D6D.svg"/>
          <image key="CB1D4BD70EFAF9D0D63B9D0659D62AAA.svg"/>
          <image key="2B26C789AF3EFEA925A6893B9D4A201A.svg"/>
          <image key="23C89C10F7B3376AE4E32DC5E7C501A2.svg"/>
          <image key="99D18E524D2BEF9446942FB6A373FE26.svg"/>
          <image key="70987BBBAB2116F8F2969789465AA2A3.svg"/>
          <image key="976481E0FBEB84C2585025769B665392.png"/>
          <image key="B006535552ADCF3C660B10FA6D267D70.svg"/>
          <image key="3C8DF9DE80057200F41F28DCE285D271.svg"/>
          <image key="4CF8189AEC8EC77CE51D110A00EE2B85.svg"/>
          <image key="E7D27E7A00FA7023CB70F7694DE9F06F.svg"/>
        </images>
      </page>
      <page name="UserUpdateUserGroup" ID="3B6426FA-14F9-4353-BECE-35C0F9A9BC0F" expanded="True" code="oJFVDvWUgK" thumbCode="oJFVDvWUgK" status="psWhite" isfolder="False" isshownode="True">
        <images>
          <image key="119C857C4792E02327F609276285EAD8.svg"/>
          <image key="23C89C10F7B3376AE4E32DC5E7C501A2.svg"/>
          <image key="CB1D4BD70EFAF9D0D63B9D0659D62AAA.svg"/>
          <image key="01DCD6AFD5583A4B865B91922BFCECAD.svg"/>
          <image key="99D18E524D2BEF9446942FB6A373FE26.svg"/>
          <image key="976481E0FBEB84C2585025769B665392.png"/>
          <image key="B006535552ADCF3C660B10FA6D267D70.svg"/>
          <image key="3C8DF9DE80057200F41F28DCE285D271.svg"/>
          <image key="E7D27E7A00FA7023CB70F7694DE9F06F.svg"/>
          <image key="6C1A97633069949454001927C72295D2.svg"/>
        </images>
      </page>
    </page>
    <page name="UserGroup" ID="6C1F8365-764C-4F48-BCE4-223967149C49" expanded="True" status="psGreen" isfolder="True" isshownode="True">
      <page name="UserGroupList" ID="82BF5C97-F060-4BEB-ACA8-E00897B8DEF5" expanded="True" code="YZE1aIqSpE" thumbCode="YZE1aIqSpE" status="psWhite" isfolder="False" isshownode="True">
        <images>
          <image key="119C857C4792E02327F609276285EAD8.svg"/>
          <image key="CB1D4BD70EFAF9D0D63B9D0659D62AAA.svg"/>
          <image key="2B26C789AF3EFEA925A6893B9D4A201A.svg"/>
          <image key="99D18E524D2BEF9446942FB6A373FE26.svg"/>
          <image key="FB9D9EB932548158FF639DC15B826204.svg"/>
          <image key="976481E0FBEB84C2585025769B665392.png"/>
          <image key="3C8DF9DE80057200F41F28DCE285D271.svg"/>
          <image key="E7D27E7A00FA7023CB70F7694DE9F06F.svg"/>
          <image key="8FA3001EC5B17F3E4C7D8FCE3B26A133.svg"/>
        </images>
      </page>
      <page name="UserGroupView" ID="9C195544-BC7E-4DBF-803A-735E94AF0447" expanded="True" code="nDuBO81uEI" thumbCode="nDuBO81uEI" status="psWhite" isfolder="False" isshownode="True">
        <images>
          <image key="23C89C10F7B3376AE4E32DC5E7C501A2.svg"/>
          <image key="119C857C4792E02327F609276285EAD8.svg"/>
          <image key="CB1D4BD70EFAF9D0D63B9D0659D62AAA.svg"/>
          <image key="976481E0FBEB84C2585025769B665392.png"/>
          <image key="5009BE1A7E81EECD2CBC930CA5A8E0AD.png"/>
          <image key="3C8DF9DE80057200F41F28DCE285D271.svg"/>
          <image key="E7D27E7A00FA7023CB70F7694DE9F06F.svg"/>
        </images>
      </page>
      <page name="UserGroupAdd_general_data" ID="F46B8BF0-6543-4F34-8649-6D72A6918666" expanded="True" code="qFxNW71BAx" thumbCode="qFxNW71BAx" status="psWhite" isfolder="False" isshownode="True">
        <images>
          <image key="119C857C4792E02327F609276285EAD8.svg"/>
          <image key="23C89C10F7B3376AE4E32DC5E7C501A2.svg"/>
          <image key="CB1D4BD70EFAF9D0D63B9D0659D62AAA.svg"/>
          <image key="33BCD4A5698DA36E5A9B0293C4C5DCF9.svg"/>
          <image key="2B26C789AF3EFEA925A6893B9D4A201A.svg"/>
          <image key="7972415BC2D766A62D9129334142851D.svg"/>
          <image key="976481E0FBEB84C2585025769B665392.png"/>
          <image key="3C8DF9DE80057200F41F28DCE285D271.svg"/>
          <image key="E7D27E7A00FA7023CB70F7694DE9F06F.svg"/>
          <image key="6C1A97633069949454001927C72295D2.svg"/>
        </images>
      </page>
      <page name="UserGroupAdd_components" ID="2F4535A7-785E-4FD6-ABCA-9A1EDBABB515" expanded="True" code="NuR8XIq91B" thumbCode="NuR8XIq91B" status="psWhite" isfolder="False" isshownode="True">
        <images>
          <image key="119C857C4792E02327F609276285EAD8.svg"/>
          <image key="23C89C10F7B3376AE4E32DC5E7C501A2.svg"/>
          <image key="CB1D4BD70EFAF9D0D63B9D0659D62AAA.svg"/>
          <image key="D25389732084BB204093B6C73FE4C76B.svg"/>
          <image key="2B26C789AF3EFEA925A6893B9D4A201A.svg"/>
          <image key="99D18E524D2BEF9446942FB6A373FE26.svg"/>
          <image key="976481E0FBEB84C2585025769B665392.png"/>
          <image key="3C8DF9DE80057200F41F28DCE285D271.svg"/>
          <image key="E7D27E7A00FA7023CB70F7694DE9F06F.svg"/>
        </images>
      </page>
      <page name="UserGroupAdd_permissions" ID="CC6AAB6C-27D7-4B4D-A501-4D17AFFF5D37" expanded="True" code="pi4PsT1aCF" thumbCode="pi4PsT1aCF" status="psWhite" isfolder="False" isshownode="True">
        <images>
          <image key="119C857C4792E02327F609276285EAD8.svg"/>
          <image key="23C89C10F7B3376AE4E32DC5E7C501A2.svg"/>
          <image key="CB1D4BD70EFAF9D0D63B9D0659D62AAA.svg"/>
          <image key="99D18E524D2BEF9446942FB6A373FE26.svg"/>
          <image key="41BACA5C90C06C95D081FB51FB64DE31.svg"/>
          <image key="976481E0FBEB84C2585025769B665392.png"/>
          <image key="3C8DF9DE80057200F41F28DCE285D271.svg"/>
          <image key="643399502F4A768B9C36424C2FD37F95.svg"/>
          <image key="E7D27E7A00FA7023CB70F7694DE9F06F.svg"/>
        </images>
      </page>
      <page name="UserGroupUpdate_general_data" ID="86517775-9192-4742-A2DD-30A8D4854D03" expanded="True" code="cn7OT9qxYz" thumbCode="cn7OT9qxYz" status="psWhite" isfolder="False" isshownode="True">
        <images>
          <image key="119C857C4792E02327F609276285EAD8.svg"/>
          <image key="23C89C10F7B3376AE4E32DC5E7C501A2.svg"/>
          <image key="CB1D4BD70EFAF9D0D63B9D0659D62AAA.svg"/>
          <image key="33BCD4A5698DA36E5A9B0293C4C5DCF9.svg"/>
          <image key="2B26C789AF3EFEA925A6893B9D4A201A.svg"/>
          <image key="7972415BC2D766A62D9129334142851D.svg"/>
          <image key="976481E0FBEB84C2585025769B665392.png"/>
          <image key="3C8DF9DE80057200F41F28DCE285D271.svg"/>
          <image key="E7D27E7A00FA7023CB70F7694DE9F06F.svg"/>
          <image key="6C1A97633069949454001927C72295D2.svg"/>
        </images>
      </page>
      <page name="UserGroupUpdate_components" ID="E54542EA-77E3-4599-BE39-11B66EDC96A8" expanded="True" code="W4QyvKTU8s" thumbCode="W4QyvKTU8s" status="psWhite" isfolder="False" isshownode="True">
        <images>
          <image key="119C857C4792E02327F609276285EAD8.svg"/>
          <image key="23C89C10F7B3376AE4E32DC5E7C501A2.svg"/>
          <image key="CB1D4BD70EFAF9D0D63B9D0659D62AAA.svg"/>
          <image key="D25389732084BB204093B6C73FE4C76B.svg"/>
          <image key="2B26C789AF3EFEA925A6893B9D4A201A.svg"/>
          <image key="99D18E524D2BEF9446942FB6A373FE26.svg"/>
          <image key="976481E0FBEB84C2585025769B665392.png"/>
          <image key="3C8DF9DE80057200F41F28DCE285D271.svg"/>
          <image key="E7D27E7A00FA7023CB70F7694DE9F06F.svg"/>
        </images>
      </page>
      <page name="UserGroupUpdate_permissions" ID="3ACB60DB-9321-4058-BAE1-F4CD54F70C90" expanded="True" code="GC9xOfPw5Q" thumbCode="GC9xOfPw5Q" status="psWhite" isfolder="False" isshownode="True">
        <images>
          <image key="119C857C4792E02327F609276285EAD8.svg"/>
          <image key="23C89C10F7B3376AE4E32DC5E7C501A2.svg"/>
          <image key="CB1D4BD70EFAF9D0D63B9D0659D62AAA.svg"/>
          <image key="01DCD6AFD5583A4B865B91922BFCECAD.svg"/>
          <image key="99D18E524D2BEF9446942FB6A373FE26.svg"/>
          <image key="41BACA5C90C06C95D081FB51FB64DE31.svg"/>
          <image key="976481E0FBEB84C2585025769B665392.png"/>
          <image key="3C8DF9DE80057200F41F28DCE285D271.svg"/>
          <image key="E7D27E7A00FA7023CB70F7694DE9F06F.svg"/>
        </images>
      </page>
    </page>
    <page name="Connector" ID="5082E13E-E9F2-4A92-AA5A-77B7918A6EE8" expanded="True" status="psGreen" isfolder="True" isshownode="True">
      <page name="ConnectorList" ID="C3BB989A-B050-42AB-BA9E-773B430DB219" expanded="True" code="s3t9bbz6Jm" thumbCode="s3t9bbz6Jm" status="psWhite" isfolder="False" isshownode="True">
        <images>
          <image key="D6117415B92B81ACCC00871D1EB9371F.jpg"/>
          <image key="8D87F0B6E067D29DE1E9AC9BADB84F13.svg"/>
          <image key="2B26C789AF3EFEA925A6893B9D4A201A.svg"/>
          <image key="99D18E524D2BEF9446942FB6A373FE26.svg"/>
          <image key="976481E0FBEB84C2585025769B665392.png"/>
          <image key="DED0E6A8242D8DE296EBCBE2FFA15EDA.svg"/>
          <image key="000987A029F19208C0EE6B82886308C1.png"/>
          <image key="3C8DF9DE80057200F41F28DCE285D271.svg"/>
          <image key="E7D27E7A00FA7023CB70F7694DE9F06F.svg"/>
          <image key="5E98D2A591BAC40C8F4087F7DA8C54F9.svg"/>
        </images>
      </page>
      <page name="ConnectorView" ID="261AE7F6-306B-4C74-81CB-6E034ADEC8A6" expanded="True" code="ttb6sgdYP2" thumbCode="ttb6sgdYP2" status="psWhite" isfolder="False" isshownode="True">
        <images>
          <image key="23C89C10F7B3376AE4E32DC5E7C501A2.svg"/>
          <image key="8D87F0B6E067D29DE1E9AC9BADB84F13.svg"/>
          <image key="976481E0FBEB84C2585025769B665392.png"/>
          <image key="DED0E6A8242D8DE296EBCBE2FFA15EDA.svg"/>
          <image key="3C8DF9DE80057200F41F28DCE285D271.svg"/>
          <image key="5E98D2A591BAC40C8F4087F7DA8C54F9.svg"/>
          <image key="E7D27E7A00FA7023CB70F7694DE9F06F.svg"/>
          <image key="000987A029F19208C0EE6B82886308C1.png"/>
        </images>
      </page>
      <page name="ConnectorAdd" ID="58C601DA-D1A1-47C7-A107-B0A128311AB9" expanded="True" code="I4urLW3j4U" thumbCode="I4urLW3j4U" status="psWhite" isfolder="False" isshownode="True">
        <images>
          <image key="23C89C10F7B3376AE4E32DC5E7C501A2.svg"/>
          <image key="8D87F0B6E067D29DE1E9AC9BADB84F13.svg"/>
          <image key="2B26C789AF3EFEA925A6893B9D4A201A.svg"/>
          <image key="33BCD4A5698DA36E5A9B0293C4C5DCF9.svg"/>
          <image key="976481E0FBEB84C2585025769B665392.png"/>
          <image key="DED0E6A8242D8DE296EBCBE2FFA15EDA.svg"/>
          <image key="3C8DF9DE80057200F41F28DCE285D271.svg"/>
          <image key="5E98D2A591BAC40C8F4087F7DA8C54F9.svg"/>
          <image key="E7D27E7A00FA7023CB70F7694DE9F06F.svg"/>
          <image key="79BAAA63D14B2BF2B6FAE7B237C01CFD.svg"/>
          <image key="6C1A97633069949454001927C72295D2.svg"/>
        </images>
      </page>
      <page name="ConnectorAddCredentials" ID="85B0E246-0849-4678-AF0B-329A364CD6FF" expanded="True" code="DSc4NLvZKe" thumbCode="DSc4NLvZKe" status="psWhite" isfolder="False" isshownode="True">
        <images>
          <image key="3E4CC55CD92B1FE24AE35A2C4C2CE2F7.svg"/>
          <image key="8D87F0B6E067D29DE1E9AC9BADB84F13.svg"/>
          <image key="23C89C10F7B3376AE4E32DC5E7C501A2.svg"/>
          <image key="99D18E524D2BEF9446942FB6A373FE26.svg"/>
          <image key="976481E0FBEB84C2585025769B665392.png"/>
          <image key="7FB5F9995E3F8BB7476028F1BBBD10C1.svg"/>
          <image key="DED0E6A8242D8DE296EBCBE2FFA15EDA.svg"/>
          <image key="3C8DF9DE80057200F41F28DCE285D271.svg"/>
          <image key="5E98D2A591BAC40C8F4087F7DA8C54F9.svg"/>
          <image key="E7D27E7A00FA7023CB70F7694DE9F06F.svg"/>
          <image key="A2A62CD6FACA5D2B626924DB816CB640.svg"/>
        </images>
      </page>
      <page name="ConnectorAddTestedSuccess" ID="42FC2385-D0D2-40D9-BF7F-58C32BE304BC" expanded="True" code="L98XPZOm9F" thumbCode="L98XPZOm9F" status="psWhite" isfolder="False" isshownode="True">
        <images>
          <image key="23C89C10F7B3376AE4E32DC5E7C501A2.svg"/>
          <image key="8D87F0B6E067D29DE1E9AC9BADB84F13.svg"/>
          <image key="643399502F4A768B9C36424C2FD37F95.svg"/>
          <image key="99D18E524D2BEF9446942FB6A373FE26.svg"/>
          <image key="976481E0FBEB84C2585025769B665392.png"/>
          <image key="7FB5F9995E3F8BB7476028F1BBBD10C1.svg"/>
          <image key="DED0E6A8242D8DE296EBCBE2FFA15EDA.svg"/>
          <image key="3C8DF9DE80057200F41F28DCE285D271.svg"/>
          <image key="5E98D2A591BAC40C8F4087F7DA8C54F9.svg"/>
          <image key="E7D27E7A00FA7023CB70F7694DE9F06F.svg"/>
          <image key="8C68413269FD91978C300BB43A9F7584.svg"/>
          <image key="A2A62CD6FACA5D2B626924DB816CB640.svg"/>
        </images>
      </page>
      <page name="ConnectorAddTestedError" ID="A964226D-E078-4627-9453-214535B4F205" expanded="True" code="ztgDiBjitI" thumbCode="ztgDiBjitI" status="psWhite" isfolder="False" isshownode="True">
        <images>
          <image key="23C89C10F7B3376AE4E32DC5E7C501A2.svg"/>
          <image key="8D87F0B6E067D29DE1E9AC9BADB84F13.svg"/>
          <image key="3E4CC55CD92B1FE24AE35A2C4C2CE2F7.svg"/>
          <image key="D461B89CFC537DBAD724FAD78224FD94.svg"/>
          <image key="99D18E524D2BEF9446942FB6A373FE26.svg"/>
          <image key="976481E0FBEB84C2585025769B665392.png"/>
          <image key="7FB5F9995E3F8BB7476028F1BBBD10C1.svg"/>
          <image key="DED0E6A8242D8DE296EBCBE2FFA15EDA.svg"/>
          <image key="3C8DF9DE80057200F41F28DCE285D271.svg"/>
          <image key="5E98D2A591BAC40C8F4087F7DA8C54F9.svg"/>
          <image key="E7D27E7A00FA7023CB70F7694DE9F06F.svg"/>
          <image key="A2A62CD6FACA5D2B626924DB816CB640.svg"/>
        </images>
      </page>
      <page name="ConnectorUpdate" ID="DE7D6576-5256-410C-9E9C-2882D49B43F0" expanded="True" code="cL2KqFG8J3" thumbCode="cL2KqFG8J3" status="psWhite" isfolder="False" isshownode="True">
        <images>
          <image key="23C89C10F7B3376AE4E32DC5E7C501A2.svg"/>
          <image key="8D87F0B6E067D29DE1E9AC9BADB84F13.svg"/>
          <image key="2B26C789AF3EFEA925A6893B9D4A201A.svg"/>
          <image key="33BCD4A5698DA36E5A9B0293C4C5DCF9.svg"/>
          <image key="976481E0FBEB84C2585025769B665392.png"/>
          <image key="DED0E6A8242D8DE296EBCBE2FFA15EDA.svg"/>
          <image key="3C8DF9DE80057200F41F28DCE285D271.svg"/>
          <image key="5E98D2A591BAC40C8F4087F7DA8C54F9.svg"/>
          <image key="E7D27E7A00FA7023CB70F7694DE9F06F.svg"/>
          <image key="79BAAA63D14B2BF2B6FAE7B237C01CFD.svg"/>
          <image key="6C1A97633069949454001927C72295D2.svg"/>
        </images>
      </page>
      <page name="ConnectorUpdateCredentials" ID="5C5A0B91-4A4E-41D0-B685-68D24283E715" expanded="True" code="WaTugCtcuy" thumbCode="WaTugCtcuy" status="psWhite" isfolder="False" isshownode="True">
        <images>
          <image key="3E4CC55CD92B1FE24AE35A2C4C2CE2F7.svg"/>
          <image key="8D87F0B6E067D29DE1E9AC9BADB84F13.svg"/>
          <image key="23C89C10F7B3376AE4E32DC5E7C501A2.svg"/>
          <image key="99D18E524D2BEF9446942FB6A373FE26.svg"/>
          <image key="976481E0FBEB84C2585025769B665392.png"/>
          <image key="7FB5F9995E3F8BB7476028F1BBBD10C1.svg"/>
          <image key="DED0E6A8242D8DE296EBCBE2FFA15EDA.svg"/>
          <image key="3C8DF9DE80057200F41F28DCE285D271.svg"/>
          <image key="5E98D2A591BAC40C8F4087F7DA8C54F9.svg"/>
          <image key="E7D27E7A00FA7023CB70F7694DE9F06F.svg"/>
          <image key="A2A62CD6FACA5D2B626924DB816CB640.svg"/>
        </images>
      </page>
      <page name="ConnectorUpdateTestedSuccess" ID="C1F16A51-F9C3-4061-AE95-95EC00931AA2" expanded="True" code="g637dhoYIz" thumbCode="g637dhoYIz" status="psWhite" isfolder="False" isshownode="True">
        <images>
          <image key="23C89C10F7B3376AE4E32DC5E7C501A2.svg"/>
          <image key="8D87F0B6E067D29DE1E9AC9BADB84F13.svg"/>
          <image key="643399502F4A768B9C36424C2FD37F95.svg"/>
          <image key="99D18E524D2BEF9446942FB6A373FE26.svg"/>
          <image key="976481E0FBEB84C2585025769B665392.png"/>
          <image key="7FB5F9995E3F8BB7476028F1BBBD10C1.svg"/>
          <image key="DED0E6A8242D8DE296EBCBE2FFA15EDA.svg"/>
          <image key="3C8DF9DE80057200F41F28DCE285D271.svg"/>
          <image key="5E98D2A591BAC40C8F4087F7DA8C54F9.svg"/>
          <image key="E7D27E7A00FA7023CB70F7694DE9F06F.svg"/>
          <image key="8C68413269FD91978C300BB43A9F7584.svg"/>
          <image key="A2A62CD6FACA5D2B626924DB816CB640.svg"/>
        </images>
      </page>
      <page name="ConnectorUpdateTestedError" ID="9F479D46-5EC0-42BB-AA0D-C946CE403C66" expanded="True" code="bt3HgFNhDu" thumbCode="bt3HgFNhDu" status="psWhite" isfolder="False" isshownode="True">
        <images>
          <image key="23C89C10F7B3376AE4E32DC5E7C501A2.svg"/>
          <image key="8D87F0B6E067D29DE1E9AC9BADB84F13.svg"/>
          <image key="3E4CC55CD92B1FE24AE35A2C4C2CE2F7.svg"/>
          <image key="D461B89CFC537DBAD724FAD78224FD94.svg"/>
          <image key="99D18E524D2BEF9446942FB6A373FE26.svg"/>
          <image key="976481E0FBEB84C2585025769B665392.png"/>
          <image key="7FB5F9995E3F8BB7476028F1BBBD10C1.svg"/>
          <image key="DED0E6A8242D8DE296EBCBE2FFA15EDA.svg"/>
          <image key="3C8DF9DE80057200F41F28DCE285D271.svg"/>
          <image key="5E98D2A591BAC40C8F4087F7DA8C54F9.svg"/>
          <image key="E7D27E7A00FA7023CB70F7694DE9F06F.svg"/>
          <image key="A2A62CD6FACA5D2B626924DB816CB640.svg"/>
        </images>
      </page>
    </page>
    <page name="Transaction" ID="2147CC55-1595-460C-AEEE-E995E65F68A4" expanded="True" status="psGreen" isfolder="True" isshownode="True">
      <page name="TransactionList" ID="A86ACDF1-332C-455C-955D-5CB007B8070D" expanded="True" code="s7YgdOaFt3" thumbCode="s7YgdOaFt3" status="psWhite" isfolder="False" isshownode="True">
        <images>
          <image key="8D87F0B6E067D29DE1E9AC9BADB84F13.svg"/>
          <image key="2B26C789AF3EFEA925A6893B9D4A201A.svg"/>
          <image key="99D18E524D2BEF9446942FB6A373FE26.svg"/>
          <image key="976481E0FBEB84C2585025769B665392.png"/>
          <image key="DED0E6A8242D8DE296EBCBE2FFA15EDA.svg"/>
          <image key="3C8DF9DE80057200F41F28DCE285D271.svg"/>
          <image key="5E98D2A591BAC40C8F4087F7DA8C54F9.svg"/>
          <image key="E7D27E7A00FA7023CB70F7694DE9F06F.svg"/>
        </images>
      </page>
      <page name="TransactionAdd" ID="009FD2FA-11CD-48B1-8DE1-02163E3093E7" expanded="True" code="jNN6XGlcXk" thumbCode="jNN6XGlcXk" status="psWhite" isfolder="False" isshownode="True">
        <images>
          <image key="23C89C10F7B3376AE4E32DC5E7C501A2.svg"/>
          <image key="8D87F0B6E067D29DE1E9AC9BADB84F13.svg"/>
          <image key="2B26C789AF3EFEA925A6893B9D4A201A.svg"/>
          <image key="33BCD4A5698DA36E5A9B0293C4C5DCF9.svg"/>
          <image key="90BED8AE3986D1D755AAF261B4ECB5E1.svg"/>
          <image key="976481E0FBEB84C2585025769B665392.png"/>
          <image key="DED0E6A8242D8DE296EBCBE2FFA15EDA.svg"/>
          <image key="3C8DF9DE80057200F41F28DCE285D271.svg"/>
          <image key="5E98D2A591BAC40C8F4087F7DA8C54F9.svg"/>
          <image key="E7D27E7A00FA7023CB70F7694DE9F06F.svg"/>
          <image key="D95E480717200F895E41DB6E5B869596.svg"/>
          <image key="84E43FD667F4EA128EEFBAD7B03B51F5.svg"/>
        </images>
      </page>
      <page name="TransactionAddMapping0" ID="F2E2FE36-1636-4575-AC77-B4F82E40321C" expanded="True" code="IdYo3B4wc7" thumbCode="IdYo3B4wc7" status="psWhite" isfolder="False" isshownode="True">
        <images>
          <image key="23C89C10F7B3376AE4E32DC5E7C501A2.svg"/>
          <image key="8D87F0B6E067D29DE1E9AC9BADB84F13.svg"/>
          <image key="2B26C789AF3EFEA925A6893B9D4A201A.svg"/>
          <image key="C0279681994F324A54B3DB37939C8984.svg"/>
          <image key="99D18E524D2BEF9446942FB6A373FE26.svg"/>
          <image key="976481E0FBEB84C2585025769B665392.png"/>
          <image key="84E43FD667F4EA128EEFBAD7B03B51F5.svg"/>
          <image key="DED0E6A8242D8DE296EBCBE2FFA15EDA.svg"/>
          <image key="3C8DF9DE80057200F41F28DCE285D271.svg"/>
          <image key="E7D27E7A00FA7023CB70F7694DE9F06F.svg"/>
          <image key="5E98D2A591BAC40C8F4087F7DA8C54F9.svg"/>
        </images>
      </page>
      <page name="TransactionAddMapping1" ID="98A23AE4-CD41-4E41-B1CA-393C4130960C" expanded="True" code="m7zXlA4v2z" thumbCode="m7zXlA4v2z" status="psWhite" isfolder="False" isshownode="True">
        <images>
          <image key="23C89C10F7B3376AE4E32DC5E7C501A2.svg"/>
          <image key="8D87F0B6E067D29DE1E9AC9BADB84F13.svg"/>
          <image key="99D18E524D2BEF9446942FB6A373FE26.svg"/>
          <image key="976481E0FBEB84C2585025769B665392.png"/>
          <image key="84E43FD667F4EA128EEFBAD7B03B51F5.svg"/>
          <image key="DED0E6A8242D8DE296EBCBE2FFA15EDA.svg"/>
          <image key="643399502F4A768B9C36424C2FD37F95.svg"/>
          <image key="E7D27E7A00FA7023CB70F7694DE9F06F.svg"/>
          <image key="3C8DF9DE80057200F41F28DCE285D271.svg"/>
          <image key="5E98D2A591BAC40C8F4087F7DA8C54F9.svg"/>
        </images>
      </page>
      <page name="TransactionUpdate" ID="6E9C4099-EBDF-461D-A5F3-666630B73CF1" expanded="True" code="krnGSSvFUo" thumbCode="krnGSSvFUo" status="psWhite" isfolder="False" isshownode="True">
        <images>
          <image key="23C89C10F7B3376AE4E32DC5E7C501A2.svg"/>
          <image key="8D87F0B6E067D29DE1E9AC9BADB84F13.svg"/>
          <image key="2B26C789AF3EFEA925A6893B9D4A201A.svg"/>
          <image key="33BCD4A5698DA36E5A9B0293C4C5DCF9.svg"/>
          <image key="90BED8AE3986D1D755AAF261B4ECB5E1.svg"/>
          <image key="976481E0FBEB84C2585025769B665392.png"/>
          <image key="DED0E6A8242D8DE296EBCBE2FFA15EDA.svg"/>
          <image key="3C8DF9DE80057200F41F28DCE285D271.svg"/>
          <image key="5E98D2A591BAC40C8F4087F7DA8C54F9.svg"/>
          <image key="E7D27E7A00FA7023CB70F7694DE9F06F.svg"/>
          <image key="D95E480717200F895E41DB6E5B869596.svg"/>
          <image key="84E43FD667F4EA128EEFBAD7B03B51F5.svg"/>
        </images>
      </page>
      <page name="TransactionUpdateMapping0" ID="79C9F905-FA4F-44AE-B746-61DC525C972F" expanded="True" code="p6mzByrZDM" thumbCode="ZqcPV1Z9V5" status="psWhite" isfolder="False" isshownode="True">
        <images>
          <image key="23C89C10F7B3376AE4E32DC5E7C501A2.svg"/>
          <image key="8D87F0B6E067D29DE1E9AC9BADB84F13.svg"/>
          <image key="2B26C789AF3EFEA925A6893B9D4A201A.svg"/>
          <image key="C0279681994F324A54B3DB37939C8984.svg"/>
          <image key="99D18E524D2BEF9446942FB6A373FE26.svg"/>
          <image key="976481E0FBEB84C2585025769B665392.png"/>
          <image key="84E43FD667F4EA128EEFBAD7B03B51F5.svg"/>
          <image key="DED0E6A8242D8DE296EBCBE2FFA15EDA.svg"/>
          <image key="3C8DF9DE80057200F41F28DCE285D271.svg"/>
          <image key="E7D27E7A00FA7023CB70F7694DE9F06F.svg"/>
          <image key="5E98D2A591BAC40C8F4087F7DA8C54F9.svg"/>
        </images>
      </page>
      <page name="TransactionUpdateMapping1" ID="82444FD2-A39E-4C93-9FC3-08892829875C" expanded="True" code="N1Sfork8D1" thumbCode="SZLKSBHsAg" status="psWhite" isfolder="False" isshownode="True">
        <images>
          <image key="23C89C10F7B3376AE4E32DC5E7C501A2.svg"/>
          <image key="01DCD6AFD5583A4B865B91922BFCECAD.svg"/>
          <image key="8D87F0B6E067D29DE1E9AC9BADB84F13.svg"/>
          <image key="99D18E524D2BEF9446942FB6A373FE26.svg"/>
          <image key="976481E0FBEB84C2585025769B665392.png"/>
          <image key="84E43FD667F4EA128EEFBAD7B03B51F5.svg"/>
          <image key="DED0E6A8242D8DE296EBCBE2FFA15EDA.svg"/>
          <image key="3C8DF9DE80057200F41F28DCE285D271.svg"/>
          <image key="E7D27E7A00FA7023CB70F7694DE9F06F.svg"/>
          <image key="5E98D2A591BAC40C8F4087F7DA8C54F9.svg"/>
        </images>
      </page>
      <page name="TransactionView" ID="58A49BA2-3971-4DE0-B14E-ADFAD5DE7F99" expanded="True" code="L4uM2cStjc" thumbCode="L4uM2cStjc" status="psWhite" isfolder="False" isshownode="True">
        <images>
          <image key="23C89C10F7B3376AE4E32DC5E7C501A2.svg"/>
          <image key="D6117415B92B81ACCC00871D1EB9371F.jpg"/>
          <image key="8D87F0B6E067D29DE1E9AC9BADB84F13.svg"/>
          <image key="976481E0FBEB84C2585025769B665392.png"/>
          <image key="84E43FD667F4EA128EEFBAD7B03B51F5.svg"/>
          <image key="000987A029F19208C0EE6B82886308C1.png"/>
          <image key="DED0E6A8242D8DE296EBCBE2FFA15EDA.svg"/>
          <image key="E7D27E7A00FA7023CB70F7694DE9F06F.svg"/>
          <image key="3C8DF9DE80057200F41F28DCE285D271.svg"/>
          <image key="5E98D2A591BAC40C8F4087F7DA8C54F9.svg"/>
        </images>
      </page>
    </page>
  </pages>
  <trash>
    <page name="Page" ID="8430787A-35B2-4C66-9D09-D8FC32B661AA" expanded="False" code="hHJZuQLdJ6" thumbCode="hHJZuQLdJ6" isLastOpen="True" status="psWhite" isfolder="False" isshownode="True"/>
    <page name="Page" ID="3CEF1780-B3D2-4C87-989C-9F35FBD37557" expanded="False" code="u1ui57zCaY" thumbCode="" isLastOpen="True" status="psWhite" isfolder="False" isshownode="True"/>
    <page name="UserViewActions" ID="4CEA0693-236C-4AFA-B565-2E080FEEA1A7" expanded="True" code="YEiPWxOx6G" thumbCode="GkXMQIRS7d" isLastOpen="True" status="psWhite" isfolder="False" isshownode="True">
      <images>
        <image key="119C857C4792E02327F609276285EAD8.svg"/>
        <image key="8D87F0B6E067D29DE1E9AC9BADB84F13.svg"/>
        <image key="CB1D4BD70EFAF9D0D63B9D0659D62AAA.svg"/>
        <image key="342E995849FF1332274CA5C809F35463.jpg"/>
        <image key="E9143260ECAAF58DF8A7271B16D9CAAE.svg"/>
        <image key="23C89C10F7B3376AE4E32DC5E7C501A2.svg"/>
        <image key="976481E0FBEB84C2585025769B665392.png"/>
        <image key="5009BE1A7E81EECD2CBC930CA5A8E0AD.png"/>
        <image key="5E98D2A591BAC40C8F4087F7DA8C54F9.svg"/>
        <image key="3C8DF9DE80057200F41F28DCE285D271.svg"/>
        <image key="E7D27E7A00FA7023CB70F7694DE9F06F.svg"/>
      </images>
    </page>
    <page name="UserGroupAdd_components" ID="EE906035-23E7-4F5F-9EBB-D452E52F8F7D" expanded="False" code="rPaKDTRWrS" thumbCode="" isLastOpen="True" status="psWhite" isfolder="False" isshownode="True">
      <images>
        <image key="119C857C4792E02327F609276285EAD8.svg"/>
        <image key="23C89C10F7B3376AE4E32DC5E7C501A2.svg"/>
        <image key="CB1D4BD70EFAF9D0D63B9D0659D62AAA.svg"/>
        <image key="D25389732084BB204093B6C73FE4C76B.svg"/>
        <image key="976481E0FBEB84C2585025769B665392.png"/>
        <image key="84E43FD667F4EA128EEFBAD7B03B51F5.svg"/>
        <image key="3C8DF9DE80057200F41F28DCE285D271.svg"/>
        <image key="E7D27E7A00FA7023CB70F7694DE9F06F.svg"/>
        <image key="D95E480717200F895E41DB6E5B869596.svg"/>
      </images>
    </page>
    <page name="Page" ID="D235E233-D5BD-4118-B9EE-374D2A1249C8" expanded="False" code="jn7keYNlgW" thumbCode="" isLastOpen="True" status="psWhite" isfolder="False" isshownode="True"/>
    <page name="Page" ID="BFF06AC5-C3C7-45E7-B3DD-922EB9924C6D" expanded="False" code="HEYgMx6no4" thumbCode="" isLastOpen="True" status="psWhite" isfolder="False" isshownode="True"/>
    <page name="UserViewActions" ID="26733B5E-5184-47B9-B967-20394AE167C2" expanded="False" code="1xwO6bkEB4" thumbCode="ZXvORPIlzM" isLastOpen="True" status="psWhite" isfolder="False" isshownode="True">
      <images>
        <image key="119C857C4792E02327F609276285EAD8.svg"/>
        <image key="8D87F0B6E067D29DE1E9AC9BADB84F13.svg"/>
        <image key="CB1D4BD70EFAF9D0D63B9D0659D62AAA.svg"/>
        <image key="342E995849FF1332274CA5C809F35463.jpg"/>
        <image key="E9143260ECAAF58DF8A7271B16D9CAAE.svg"/>
        <image key="23C89C10F7B3376AE4E32DC5E7C501A2.svg"/>
        <image key="976481E0FBEB84C2585025769B665392.png"/>
        <image key="5009BE1A7E81EECD2CBC930CA5A8E0AD.png"/>
        <image key="5E98D2A591BAC40C8F4087F7DA8C54F9.svg"/>
        <image key="3C8DF9DE80057200F41F28DCE285D271.svg"/>
        <image key="E7D27E7A00FA7023CB70F7694DE9F06F.svg"/>
      </images>
    </page>
    <page name="UserViewActions.r1" ID="8EF51E04-10B2-42F3-999B-3CEB8D4860CD" expanded="True" code="ZVgpyQUzze" thumbCode="ZE1dvrKiG8" isLastOpen="True" status="psWhite" isfolder="False" isshownode="True">
      <images>
        <image key="119C857C4792E02327F609276285EAD8.svg"/>
        <image key="8D87F0B6E067D29DE1E9AC9BADB84F13.svg"/>
        <image key="CB1D4BD70EFAF9D0D63B9D0659D62AAA.svg"/>
        <image key="342E995849FF1332274CA5C809F35463.jpg"/>
        <image key="E9143260ECAAF58DF8A7271B16D9CAAE.svg"/>
        <image key="23C89C10F7B3376AE4E32DC5E7C501A2.svg"/>
        <image key="976481E0FBEB84C2585025769B665392.png"/>
        <image key="5009BE1A7E81EECD2CBC930CA5A8E0AD.png"/>
        <image key="5E98D2A591BAC40C8F4087F7DA8C54F9.svg"/>
        <image key="3C8DF9DE80057200F41F28DCE285D271.svg"/>
        <image key="E7D27E7A00FA7023CB70F7694DE9F06F.svg"/>
      </images>
    </page>
    <page name="UserUpdate" ID="E60B3E72-B8A8-413E-A928-3FD0BA0D0C3A" expanded="True" code="iVDRxxvr5Z" thumbCode="eRwPzqYMRR" isLastOpen="True" status="psWhite" isfolder="False" isshownode="True">
      <images>
        <image key="119C857C4792E02327F609276285EAD8.svg"/>
        <image key="E9BC305766B471DFFF8260E11E938D6D.svg"/>
        <image key="CB1D4BD70EFAF9D0D63B9D0659D62AAA.svg"/>
        <image key="6DFE1BF6476B7504EDAC282764A0883C.svg"/>
        <image key="23C89C10F7B3376AE4E32DC5E7C501A2.svg"/>
        <image key="01DCD6AFD5583A4B865B91922BFCECAD.svg"/>
        <image key="70987BBBAB2116F8F2969789465AA2A3.svg"/>
        <image key="976481E0FBEB84C2585025769B665392.png"/>
        <image key="3E0037915FDA15712E7E88422547A8A2.svg"/>
        <image key="B006535552ADCF3C660B10FA6D267D70.svg"/>
        <image key="3C8DF9DE80057200F41F28DCE285D271.svg"/>
        <image key="E7D27E7A00FA7023CB70F7694DE9F06F.svg"/>
      </images>
    </page>
    <page name="MyProfile" ID="AB49ECA1-55B1-4560-B7A4-45986D5DD960" expanded="True" code="kXeyOFpyMD" thumbCode="nuFMjILijD" isLastOpen="True" status="psWhite" isfolder="False" isshownode="True">
      <images>
        <image key="119C857C4792E02327F609276285EAD8.svg"/>
        <image key="CB1D4BD70EFAF9D0D63B9D0659D62AAA.svg"/>
        <image key="342E995849FF1332274CA5C809F35463.jpg"/>
        <image key="976481E0FBEB84C2585025769B665392.png"/>
        <image key="5009BE1A7E81EECD2CBC930CA5A8E0AD.png"/>
        <image key="3C8DF9DE80057200F41F28DCE285D271.svg"/>
        <image key="E7D27E7A00FA7023CB70F7694DE9F06F.svg"/>
      </images>
    </page>
    <page name="UserUpdate" ID="AF175627-3679-4958-9397-A6F383AB99C1" expanded="True" code="qh2z5TSwlU" thumbCode="OrUUCHQJjN" isLastOpen="True" status="psWhite" isfolder="False" isshownode="True">
      <images>
        <image key="119C857C4792E02327F609276285EAD8.svg"/>
        <image key="E9BC305766B471DFFF8260E11E938D6D.svg"/>
        <image key="CB1D4BD70EFAF9D0D63B9D0659D62AAA.svg"/>
        <image key="6DFE1BF6476B7504EDAC282764A0883C.svg"/>
        <image key="23C89C10F7B3376AE4E32DC5E7C501A2.svg"/>
        <image key="01DCD6AFD5583A4B865B91922BFCECAD.svg"/>
        <image key="70987BBBAB2116F8F2969789465AA2A3.svg"/>
        <image key="976481E0FBEB84C2585025769B665392.png"/>
        <image key="3E0037915FDA15712E7E88422547A8A2.svg"/>
        <image key="B006535552ADCF3C660B10FA6D267D70.svg"/>
        <image key="3C8DF9DE80057200F41F28DCE285D271.svg"/>
        <image key="E7D27E7A00FA7023CB70F7694DE9F06F.svg"/>
      </images>
    </page>
    <page name="UserGroupUpdate_general_data" ID="2DF990FF-BF33-42C5-8DB8-F4E686B0C132" expanded="True" code="OuJfAA7r42" thumbCode="PanQ41VPki" isLastOpen="True" status="psWhite" isfolder="False" isshownode="True">
      <images>
        <image key="119C857C4792E02327F609276285EAD8.svg"/>
        <image key="7972415BC2D766A62D9129334142851D.svg"/>
        <image key="CB1D4BD70EFAF9D0D63B9D0659D62AAA.svg"/>
        <image key="33BCD4A5698DA36E5A9B0293C4C5DCF9.svg"/>
        <image key="23C89C10F7B3376AE4E32DC5E7C501A2.svg"/>
        <image key="2B26C789AF3EFEA925A6893B9D4A201A.svg"/>
        <image key="976481E0FBEB84C2585025769B665392.png"/>
        <image key="3C8DF9DE80057200F41F28DCE285D271.svg"/>
        <image key="E7D27E7A00FA7023CB70F7694DE9F06F.svg"/>
        <image key="6C1A97633069949454001927C72295D2.svg"/>
      </images>
    </page>
    <page name="UserGroupUpdate_components" ID="D955DF05-A645-42E3-8679-55A1EF27D495" expanded="True" code="knHY4PT8x8" thumbCode="ZqLtAMkoSB" status="psWhite" isfolder="False" isshownode="True">
      <images>
        <image key="119C857C4792E02327F609276285EAD8.svg"/>
        <image key="23C89C10F7B3376AE4E32DC5E7C501A2.svg"/>
        <image key="CB1D4BD70EFAF9D0D63B9D0659D62AAA.svg"/>
        <image key="D25389732084BB204093B6C73FE4C76B.svg"/>
        <image key="2B26C789AF3EFEA925A6893B9D4A201A.svg"/>
        <image key="99D18E524D2BEF9446942FB6A373FE26.svg"/>
        <image key="976481E0FBEB84C2585025769B665392.png"/>
        <image key="3C8DF9DE80057200F41F28DCE285D271.svg"/>
        <image key="E7D27E7A00FA7023CB70F7694DE9F06F.svg"/>
      </images>
    </page>
    <page name="UserGroupUpdate_permissions" ID="35B39795-0F37-410A-843A-9CFA765D2110" expanded="True" code="4EhpXb1VH6" thumbCode="6MRAGG2OsE" status="psWhite" isfolder="False" isshownode="True">
      <images>
        <image key="119C857C4792E02327F609276285EAD8.svg"/>
        <image key="23C89C10F7B3376AE4E32DC5E7C501A2.svg"/>
        <image key="CB1D4BD70EFAF9D0D63B9D0659D62AAA.svg"/>
        <image key="99D18E524D2BEF9446942FB6A373FE26.svg"/>
        <image key="41BACA5C90C06C95D081FB51FB64DE31.svg"/>
        <image key="976481E0FBEB84C2585025769B665392.png"/>
        <image key="4E4C2E0D6E6109D863E3A5E5B0BFACD3.svg"/>
        <image key="3C8DF9DE80057200F41F28DCE285D271.svg"/>
        <image key="E7D27E7A00FA7023CB70F7694DE9F06F.svg"/>
      </images>
    </page>
    <page name="ConnectorList.v2" ID="7A8EC69F-C1DA-4473-9DC5-DEB74FA9F8A9" expanded="True" code="WkaHFv6mIH" thumbCode="zfOH62olwc" isLastOpen="True" status="psWhite" isfolder="False" isshownode="True">
      <images>
        <image key="976481E0FBEB84C2585025769B665392.png"/>
        <image key="8D87F0B6E067D29DE1E9AC9BADB84F13.svg"/>
        <image key="DED0E6A8242D8DE296EBCBE2FFA15EDA.svg"/>
        <image key="3C8DF9DE80057200F41F28DCE285D271.svg"/>
        <image key="5E98D2A591BAC40C8F4087F7DA8C54F9.svg"/>
        <image key="E7D27E7A00FA7023CB70F7694DE9F06F.svg"/>
      </images>
    </page>
    <page name="ConnectorAdd1" ID="DEABDF81-801F-457B-87E9-83738782659F" expanded="False" code="HHAgRAoflA" thumbCode="ctiByVJi8N" isLastOpen="True" status="psWhite" isfolder="False" isshownode="True">
      <images>
        <image key="23C89C10F7B3376AE4E32DC5E7C501A2.svg"/>
        <image key="8D87F0B6E067D29DE1E9AC9BADB84F13.svg"/>
        <image key="79BAAA63D14B2BF2B6FAE7B237C01CFD.svg"/>
        <image key="33BCD4A5698DA36E5A9B0293C4C5DCF9.svg"/>
        <image key="6C1A97633069949454001927C72295D2.svg"/>
        <image key="976481E0FBEB84C2585025769B665392.png"/>
        <image key="DED0E6A8242D8DE296EBCBE2FFA15EDA.svg"/>
        <image key="3C8DF9DE80057200F41F28DCE285D271.svg"/>
        <image key="643399502F4A768B9C36424C2FD37F95.svg"/>
        <image key="E7D27E7A00FA7023CB70F7694DE9F06F.svg"/>
        <image key="5E98D2A591BAC40C8F4087F7DA8C54F9.svg"/>
        <image key="EBFD1029D6955A9D5EB2975E87CFF81D.svg"/>
      </images>
    </page>
    <page name="UserViewActions" ID="54E69588-6DC1-48E1-8091-CC0F7380D2E8" expanded="True" code="jGBFWn7ytT" thumbCode="DExLM9Z6WB" isLastOpen="True" status="psWhite" isfolder="False" isshownode="True">
      <images>
        <image key="119C857C4792E02327F609276285EAD8.svg"/>
        <image key="23C89C10F7B3376AE4E32DC5E7C501A2.svg"/>
        <image key="CB1D4BD70EFAF9D0D63B9D0659D62AAA.svg"/>
        <image key="342E995849FF1332274CA5C809F35463.jpg"/>
        <image key="E9143260ECAAF58DF8A7271B16D9CAAE.svg"/>
        <image key="8D87F0B6E067D29DE1E9AC9BADB84F13.svg"/>
        <image key="976481E0FBEB84C2585025769B665392.png"/>
        <image key="5009BE1A7E81EECD2CBC930CA5A8E0AD.png"/>
        <image key="5E98D2A591BAC40C8F4087F7DA8C54F9.svg"/>
        <image key="3C8DF9DE80057200F41F28DCE285D271.svg"/>
        <image key="E7D27E7A00FA7023CB70F7694DE9F06F.svg"/>
      </images>
    </page>
    <page name="ConnectorAddTesting" ID="2802CDFB-0C7E-45DE-8590-5D2F6E01463A" expanded="False" code="QrEOyQIpkz" thumbCode="1Z9QcFiX3w" isLastOpen="True" status="psWhite" isfolder="False" isshownode="True">
      <images>
        <image key="3E4CC55CD92B1FE24AE35A2C4C2CE2F7.svg"/>
        <image key="8D87F0B6E067D29DE1E9AC9BADB84F13.svg"/>
        <image key="23C89C10F7B3376AE4E32DC5E7C501A2.svg"/>
        <image key="33BCD4A5698DA36E5A9B0293C4C5DCF9.svg"/>
        <image key="99D18E524D2BEF9446942FB6A373FE26.svg"/>
        <image key="976481E0FBEB84C2585025769B665392.png"/>
        <image key="DED0E6A8242D8DE296EBCBE2FFA15EDA.svg"/>
        <image key="3C8DF9DE80057200F41F28DCE285D271.svg"/>
        <image key="5E98D2A591BAC40C8F4087F7DA8C54F9.svg"/>
        <image key="E7D27E7A00FA7023CB70F7694DE9F06F.svg"/>
        <image key="79BAAA63D14B2BF2B6FAE7B237C01CFD.svg"/>
        <image key="643399502F4A768B9C36424C2FD37F95.svg"/>
      </images>
    </page>
    <page name="ConnectorUpdate" ID="0FD6E6B3-42D1-4FC1-90C0-B298EDC7A216" expanded="True" code="XETaryNHIC" thumbCode="EGAe9Owxgx" isLastOpen="True" status="psWhite" isfolder="False" isshownode="True">
      <images>
        <image key="9561B92324835FA41EFAD935959C4850.svg"/>
        <image key="7972415BC2D766A62D9129334142851D.svg"/>
        <image key="23C89C10F7B3376AE4E32DC5E7C501A2.svg"/>
        <image key="976481E0FBEB84C2585025769B665392.png"/>
        <image key="7FB5F9995E3F8BB7476028F1BBBD10C1.svg"/>
        <image key="4E4C2E0D6E6109D863E3A5E5B0BFACD3.svg"/>
        <image key="E7D27E7A00FA7023CB70F7694DE9F06F.svg"/>
        <image key="8D87F0B6E067D29DE1E9AC9BADB84F13.svg"/>
        <image key="5E98D2A591BAC40C8F4087F7DA8C54F9.svg"/>
        <image key="79BAAA63D14B2BF2B6FAE7B237C01CFD.svg"/>
        <image key="DED0E6A8242D8DE296EBCBE2FFA15EDA.svg"/>
        <image key="3C8DF9DE80057200F41F28DCE285D271.svg"/>
        <image key="EBFD1029D6955A9D5EB2975E87CFF81D.svg"/>
      </images>
    </page>
    <page name="TransactionUpdate" ID="8FDF0A0E-8F4D-4376-B5B0-622AC20BCF50" expanded="True" code="cIlKLMzq6u" thumbCode="Q37NLmaceP" status="psWhite" isfolder="False" isshownode="True">
      <images>
        <image key="5E98D2A591BAC40C8F4087F7DA8C54F9.svg"/>
        <image key="8D87F0B6E067D29DE1E9AC9BADB84F13.svg"/>
        <image key="2B26C789AF3EFEA925A6893B9D4A201A.svg"/>
        <image key="23C89C10F7B3376AE4E32DC5E7C501A2.svg"/>
        <image key="976481E0FBEB84C2585025769B665392.png"/>
        <image key="84E43FD667F4EA128EEFBAD7B03B51F5.svg"/>
        <image key="90BED8AE3986D1D755AAF261B4ECB5E1.svg"/>
        <image key="DED0E6A8242D8DE296EBCBE2FFA15EDA.svg"/>
        <image key="E7D27E7A00FA7023CB70F7694DE9F06F.svg"/>
        <image key="D95E480717200F895E41DB6E5B869596.svg"/>
        <image key="3C8DF9DE80057200F41F28DCE285D271.svg"/>
      </images>
    </page>
    <page name="TransactionUpdateMapping" ID="A14BAAEE-DB60-4056-B3CC-3DBCFA68ADA4" expanded="True" code="6d1f48hLgJ" thumbCode="lw79kcuLFp" status="psWhite" isfolder="False" isshownode="True">
      <images>
        <image key="23C89C10F7B3376AE4E32DC5E7C501A2.svg"/>
        <image key="8D87F0B6E067D29DE1E9AC9BADB84F13.svg"/>
        <image key="2B26C789AF3EFEA925A6893B9D4A201A.svg"/>
        <image key="99D18E524D2BEF9446942FB6A373FE26.svg"/>
        <image key="976481E0FBEB84C2585025769B665392.png"/>
        <image key="84E43FD667F4EA128EEFBAD7B03B51F5.svg"/>
        <image key="DED0E6A8242D8DE296EBCBE2FFA15EDA.svg"/>
        <image key="3C8DF9DE80057200F41F28DCE285D271.svg"/>
        <image key="E7D27E7A00FA7023CB70F7694DE9F06F.svg"/>
        <image key="5E98D2A591BAC40C8F4087F7DA8C54F9.svg"/>
      </images>
    </page>
    <page name="TransactionUpdateMapping2" ID="193E4DEE-EB0F-4911-8A71-72A16A2A2F4E" expanded="True" code="ja639nivdx" thumbCode="7stJqA7UHG" isLastOpen="True" status="psWhite" isfolder="False" isshownode="True">
      <images>
        <image key="23C89C10F7B3376AE4E32DC5E7C501A2.svg"/>
        <image key="8D87F0B6E067D29DE1E9AC9BADB84F13.svg"/>
        <image key="99D18E524D2BEF9446942FB6A373FE26.svg"/>
        <image key="976481E0FBEB84C2585025769B665392.png"/>
        <image key="84E43FD667F4EA128EEFBAD7B03B51F5.svg"/>
        <image key="4E4C2E0D6E6109D863E3A5E5B0BFACD3.svg"/>
        <image key="DED0E6A8242D8DE296EBCBE2FFA15EDA.svg"/>
        <image key="E7D27E7A00FA7023CB70F7694DE9F06F.svg"/>
        <image key="3C8DF9DE80057200F41F28DCE285D271.svg"/>
        <image key="5E98D2A591BAC40C8F4087F7DA8C54F9.svg"/>
      </images>
    </page>
    <page name="TransactionAddMapping2" ID="5FC31F0B-014D-4510-8D72-80FA6FE8CC50" expanded="True" code="DQcc6tk7iQ" thumbCode="dFhJUoJlKy" isLastOpen="True" status="psWhite" isfolder="False" isshownode="True">
      <images>
        <image key="23C89C10F7B3376AE4E32DC5E7C501A2.svg"/>
        <image key="8D87F0B6E067D29DE1E9AC9BADB84F13.svg"/>
        <image key="99D18E524D2BEF9446942FB6A373FE26.svg"/>
        <image key="976481E0FBEB84C2585025769B665392.png"/>
        <image key="84E43FD667F4EA128EEFBAD7B03B51F5.svg"/>
        <image key="DED0E6A8242D8DE296EBCBE2FFA15EDA.svg"/>
        <image key="643399502F4A768B9C36424C2FD37F95.svg"/>
        <image key="E7D27E7A00FA7023CB70F7694DE9F06F.svg"/>
        <image key="3C8DF9DE80057200F41F28DCE285D271.svg"/>
        <image key="5E98D2A591BAC40C8F4087F7DA8C54F9.svg"/>
      </images>
    </page>
  </trash>
  <deletes/>
  <masters>
    <master name="Master" ID="BC529BFF-4460-4D9A-B074-C42373EB8A59" code="CsyRslI6r7" status="psWhite" createDate="2018-06-11 13:10:54">
      <refPages/>
    </master>
  </masters>
  <images>
    <image key="BA04972E3182AD905AFF05C0CCA8C3E7.png"/>
    <image key="23C89C10F7B3376AE4E32DC5E7C501A2.svg"/>
    <image key="2B26C789AF3EFEA925A6893B9D4A201A.svg"/>
    <image key="CB1D4BD70EFAF9D0D63B9D0659D62AAA.svg"/>
    <image key="D6117415B92B81ACCC00871D1EB9371F.jpg"/>
    <image key="99D18E524D2BEF9446942FB6A373FE26.svg"/>
    <image key="FB9D9EB932548158FF639DC15B826204.svg"/>
    <image key="EBFD1029D6955A9D5EB2975E87CFF81D.svg"/>
    <image key="976481E0FBEB84C2585025769B665392.png"/>
    <image key="01DCD6AFD5583A4B865B91922BFCECAD.svg"/>
    <image key="84E43FD667F4EA128EEFBAD7B03B51F5.svg"/>
    <image key="B006535552ADCF3C660B10FA6D267D70.svg"/>
    <image key="8C68413269FD91978C300BB43A9F7584.svg"/>
    <image key="E7D27E7A00FA7023CB70F7694DE9F06F.svg"/>
    <image key="6C1A97633069949454001927C72295D2.svg"/>
    <image key="119C857C4792E02327F609276285EAD8.svg"/>
    <image key="342E995849FF1332274CA5C809F35463.jpg"/>
    <image key="E9143260ECAAF58DF8A7271B16D9CAAE.svg"/>
    <image key="D461B89CFC537DBAD724FAD78224FD94.svg"/>
    <image key="DED0E6A8242D8DE296EBCBE2FFA15EDA.svg"/>
    <image key="3C8DF9DE80057200F41F28DCE285D271.svg"/>
    <image key="79BAAA63D14B2BF2B6FAE7B237C01CFD.svg"/>
    <image key="000987A029F19208C0EE6B82886308C1.png"/>
    <image key="E9BC305766B471DFFF8260E11E938D6D.svg"/>
    <image key="7972415BC2D766A62D9129334142851D.svg"/>
    <image key="6DFE1BF6476B7504EDAC282764A0883C.svg"/>
    <image key="33BCD4A5698DA36E5A9B0293C4C5DCF9.svg"/>
    <image key="E46CFD1A0CE30F7F71FABDCC41C41B38.jpg"/>
    <image key="70987BBBAB2116F8F2969789465AA2A3.svg"/>
    <image key="5009BE1A7E81EECD2CBC930CA5A8E0AD.png"/>
    <image key="7FB5F9995E3F8BB7476028F1BBBD10C1.svg"/>
    <image key="4E4C2E0D6E6109D863E3A5E5B0BFACD3.svg"/>
    <image key="90BED8AE3986D1D755AAF261B4ECB5E1.svg"/>
    <image key="671B6BE607975A74FB470B2A24F33C46.svg"/>
    <image key="D95E480717200F895E41DB6E5B869596.svg"/>
    <image key="8FA3001EC5B17F3E4C7D8FCE3B26A133.svg"/>
    <image key="3E4CC55CD92B1FE24AE35A2C4C2CE2F7.svg"/>
    <image key="8D87F0B6E067D29DE1E9AC9BADB84F13.svg"/>
    <image key="D25389732084BB204093B6C73FE4C76B.svg"/>
    <image key="C0279681994F324A54B3DB37939C8984.svg"/>
    <image key="41BACA5C90C06C95D081FB51FB64DE31.svg"/>
    <image key="3E0037915FDA15712E7E88422547A8A2.svg"/>
    <image key="5E98D2A591BAC40C8F4087F7DA8C54F9.svg"/>
    <image key="4CF8189AEC8EC77CE51D110A00EE2B85.svg"/>
    <image key="643399502F4A768B9C36424C2FD37F95.svg"/>
    <image key="A2A62CD6FACA5D2B626924DB816CB640.svg"/>
    <image key="9561B92324835FA41EFAD935959C4850.svg"/>
  </images>
</project>