﻿<mockup version="5.2" minAllowVersion="5.2" ID="26733B5E-5184-47B9-B967-20394AE167C2" platform="MtWeb" defaultW="1100" defaultH="1000" measureW="1100" measureH="1000" mobileScreenScale="0">
  <controls controlCount="75">
    <control controlID="7CE433F1-C562-487A-AAD1-E865A89A7D90" controlTypeID="__group__" x="0" y="0" w="1100" h="70" zOrder="0">
      <ShadowBlur>0</ShadowBlur>
      <groupChildrenDescriptors>
        <control controlID="6E9950C7-D3C4-45E2-BCDC-CB3D612F666E" controlTypeID="Panel" x="0" y="0" w="1100" h="70" zOrder="0">
          <color>4280642473</color>
          <borderColor>4280642473</borderColor>
          <ShadowBlur>0</ShadowBlur>
          <groupChildrenDescriptors>
            <control controlID="32A69F0E-38F1-4199-B096-FA613CE0D94B" controlTypeID="Border" x="0" y="0" w="1100" h="70" zOrder="0">
              <borderColor>4280642473</borderColor>
              <alias>borderLayer</alias>
              <ShadowBlur>0</ShadowBlur>
            </control>
          </groupChildrenDescriptors>
          <thinkness>1</thinkness>
        </control>
        <control controlID="64BDE9CC-B9BA-4CB7-A80D-6BFBDE1C00E6" controlTypeID="__group__" x="30" y="10" w="1033" h="50" zOrder="1">
          <ShadowBlur>0</ShadowBlur>
          <groupChildrenDescriptors>
            <control controlID="E60B02E9-BE4D-4D7A-AB34-759B5F3B928C" controlTypeID="Image" x="0" y="0" w="50" h="50" zOrder="0">
              <ShadowBlur>0</ShadowBlur>
              <URL>976481E0FBEB84C2585025769B665392.png</URL>
            </control>
            <control controlID="8CDA749D-FCB4-45B4-91D0-4B8A1284980A" controlTypeID="__group__" x="113" y="17" w="42" h="24" zOrder="1">
              <ShadowBlur>0</ShadowBlur>
              <groupChildrenDescriptors>
                <control controlID="9A7A9131-7392-4325-931C-E04E5FBC67B3" controlTypeID="Label" x="12" y="0" w="30" h="24" zOrder="0">
                  <ShadowBlur>0</ShadowBlur>
                  <font family="Segoe+UI" displayName="Segoe+UI" postScript="" weightStyle="Standard" weight="400" isBold="False" isItalic="False"/>
                  <text>sers</text>
                  <textColor>4290689342</textColor>
                  <textSize>18</textSize>
                  <lineSpacing>0</lineSpacing>
                  <useDefaultTextSize>False</useDefaultTextSize>
                  <selectedIndex>-1</selectedIndex>
                </control>
                <control controlID="D4BF0468-C904-4DF4-AEAA-8E3BB49EBE7A" controlTypeID="Label" x="0" y="0" w="11" h="24" zOrder="1">
                  <ShadowBlur>0</ShadowBlur>
                  <font family="Segoe+UI" displayName="Segoe+UI" postScript="" weightStyle="Standard" weight="400" isBold="False" isItalic="False"/>
                  <text>U</text>
                  <textColor>4290689342</textColor>
                  <textSize>18</textSize>
                  <lineSpacing>0</lineSpacing>
                  <textStyles>[fsUnderline]</textStyles>
                  <useDefaultTextSize>False</useDefaultTextSize>
                  <selectedIndex>-1</selectedIndex>
                </control>
              </groupChildrenDescriptors>
            </control>
            <control controlID="4FCA7AE9-E4D9-47F3-A4E4-C3AE1B43A1AF" controlTypeID="__group__" x="233" y="18" w="95" h="24" zOrder="2">
              <ShadowBlur>0</ShadowBlur>
              <groupChildrenDescriptors>
                <control controlID="FD35C4B9-F62E-482C-A0AE-6BC99D004428" controlTypeID="Label" x="0" y="0" w="95" h="24" zOrder="0">
                  <ShadowBlur>0</ShadowBlur>
                  <font family="Segoe+UI" displayName="Segoe+UI" postScript="" weightStyle="Standard" weight="400" isBold="False" isItalic="False"/>
                  <text>User+++roups</text>
                  <textColor>4294967295</textColor>
                  <textSize>18</textSize>
                  <lineSpacing>0</lineSpacing>
                  <useDefaultTextSize>False</useDefaultTextSize>
                  <selectedIndex>-1</selectedIndex>
                </control>
                <control controlID="CCB5CAFD-7747-4BFF-9D0B-0FB6B1F10FE6" controlTypeID="Label" x="39" y="0" w="11" h="24" zOrder="1">
                  <ShadowBlur>0</ShadowBlur>
                  <font family="Segoe+UI" displayName="Segoe+UI" postScript="" weightStyle="Standard" weight="400" isBold="False" isItalic="False"/>
                  <text>G</text>
                  <textColor>4290689342</textColor>
                  <textSize>18</textSize>
                  <lineSpacing>0</lineSpacing>
                  <textStyles>[fsUnderline]</textStyles>
                  <useDefaultTextSize>False</useDefaultTextSize>
                  <selectedIndex>-1</selectedIndex>
                </control>
              </groupChildrenDescriptors>
            </control>
            <control controlID="8A509C8C-5AE6-4BCD-AEAE-4AC6AA98E7BB" controlTypeID="__group__" x="968" y="16" w="65" h="25" zOrder="3">
              <ShadowBlur>0</ShadowBlur>
              <groupChildrenDescriptors>
                <control controlID="0615EC65-27AA-458C-9A68-536F3EA2F2B3" controlTypeID="Label" x="0" y="0" w="65" h="24" zOrder="0">
                  <ShadowBlur>0</ShadowBlur>
                  <font family="Segoe+UI" displayName="Segoe+UI" postScript="" weightStyle="Standard" weight="400" isBold="False" isItalic="False"/>
                  <text>Log++++ut</text>
                  <textColor>4294967295</textColor>
                  <textSize>18</textSize>
                  <lineSpacing>0</lineSpacing>
                  <useDefaultTextSize>False</useDefaultTextSize>
                  <selectedIndex>-1</selectedIndex>
                </control>
                <control controlID="FCEB4389-7866-462E-B56D-79680EADDF6D" controlTypeID="Label" x="36" y="1" w="13" h="24" zOrder="1">
                  <ShadowBlur>0</ShadowBlur>
                  <font family="Segoe+UI" displayName="Segoe+UI" postScript="" weightStyle="Standard" weight="400" isBold="False" isItalic="False"/>
                  <text>O</text>
                  <textColor>4290689342</textColor>
                  <textSize>18</textSize>
                  <lineSpacing>0</lineSpacing>
                  <textStyles>[fsUnderline]</textStyles>
                  <useDefaultTextSize>False</useDefaultTextSize>
                  <selectedIndex>-1</selectedIndex>
                </control>
              </groupChildrenDescriptors>
            </control>
            <control controlID="35A7574F-0103-4191-B0E7-9B1401F5CBF0" controlTypeID="__group__" x="818" y="16" w="80" h="24" zOrder="4">
              <ShadowBlur>0</ShadowBlur>
              <groupChildrenDescriptors>
                <control controlID="75EA0639-0EAF-43F8-940D-C7555A93F30E" controlTypeID="Label" x="0" y="0" w="80" h="24" zOrder="0">
                  <ShadowBlur>0</ShadowBlur>
                  <font family="Segoe+UI" displayName="Segoe+UI" postScript="" weightStyle="Standard" weight="400" isBold="False" isItalic="False"/>
                  <text>My+++rofile</text>
                  <textColor>4294967295</textColor>
                  <textSize>18</textSize>
                  <lineSpacing>0</lineSpacing>
                  <useDefaultTextSize>False</useDefaultTextSize>
                  <selectedIndex>-1</selectedIndex>
                </control>
                <control controlID="C2407EC8-B1D6-40CE-8CB7-F58DD82CD41F" controlTypeID="Label" x="29" y="0" w="9" h="24" zOrder="1">
                  <ShadowBlur>0</ShadowBlur>
                  <font family="Segoe+UI" displayName="Segoe+UI" postScript="" weightStyle="Standard" weight="400" isBold="False" isItalic="False"/>
                  <text>P</text>
                  <textColor>4290689342</textColor>
                  <textSize>18</textSize>
                  <lineSpacing>0</lineSpacing>
                  <textStyles>[fsUnderline]</textStyles>
                  <useDefaultTextSize>False</useDefaultTextSize>
                  <selectedIndex>-1</selectedIndex>
                </control>
              </groupChildrenDescriptors>
            </control>
            <control controlID="9EB130F5-1D64-4BA3-B04E-59C4B29B814F" controlTypeID="Icon" x="78" y="14" w="30" h="30" zOrder="5">
              <color>4290689342</color>
              <ShadowBlur>0</ShadowBlur>
              <icon>
                <ID/>
                <iconFontName>jdIonicons</iconFontName>
                <iconCode>62366</iconCode>
              </icon>
              <URL>CB1D4BD70EFAF9D0D63B9D0659D62AAA.svg</URL>
            </control>
            <control controlID="791F590A-7D8D-4DBC-9CD2-B836E5CF84C6" controlTypeID="Icon" x="198" y="14" w="30" h="30" zOrder="6">
              <color>4290689342</color>
              <ShadowBlur>0</ShadowBlur>
              <icon>
                <ID/>
                <iconFontName>jdIcoMoonFree</iconFontName>
                <iconCode>59762</iconCode>
              </icon>
              <URL>119C857C4792E02327F609276285EAD8.svg</URL>
            </control>
            <control controlID="2E79194A-FADA-402F-B060-9F3771623483" controlTypeID="Icon" x="784" y="14" w="30" h="30" zOrder="7">
              <color>4290689342</color>
              <ShadowBlur>0</ShadowBlur>
              <icon>
                <ID/>
                <iconFontName>jdIonicons</iconFontName>
                <iconCode>62489</iconCode>
              </icon>
              <URL>E7D27E7A00FA7023CB70F7694DE9F06F.svg</URL>
            </control>
            <control controlID="618CB0AC-B9FF-41C8-9EF9-743A03836CE0" controlTypeID="Icon" x="933" y="14" w="30" h="30" zOrder="8">
              <color>4290689342</color>
              <ShadowBlur>0</ShadowBlur>
              <icon>
                <ID/>
                <iconFontName>jdIonicons</iconFontName>
                <iconCode>62111</iconCode>
              </icon>
              <URL>3C8DF9DE80057200F41F28DCE285D271.svg</URL>
            </control>
          </groupChildrenDescriptors>
        </control>
      </groupChildrenDescriptors>
    </control>
    <control controlID="375A2D64-573D-4465-8AFE-BA29D4252E50" controlTypeID="__group__" x="0" y="689" w="1100" h="70" zOrder="1">
      <ShadowBlur>0</ShadowBlur>
      <groupChildrenDescriptors>
        <control controlID="D39477D0-2CD8-4115-8D55-39ED498DABAF" controlTypeID="Panel" x="0" y="0" w="1100" h="70" zOrder="0">
          <color>4280642473</color>
          <borderColor>4280642473</borderColor>
          <ShadowBlur>0</ShadowBlur>
          <groupChildrenDescriptors>
            <control controlID="4201B405-472F-41B6-B5D6-C8E1E6B7143A" controlTypeID="Border" x="0" y="0" w="1100" h="70" zOrder="0">
              <borderColor>4280642473</borderColor>
              <alias>borderLayer</alias>
              <ShadowBlur>0</ShadowBlur>
            </control>
          </groupChildrenDescriptors>
          <thinkness>1</thinkness>
        </control>
        <control controlID="599116AB-0164-443F-91FE-2DADBCBC4BF0" controlTypeID="Label" x="31" y="21" w="36" h="24" zOrder="1">
          <ShadowBlur>0</ShadowBlur>
          <font family="Segoe+UI" displayName="Segoe+UI" postScript="" weightStyle="Standard" weight="400" isBold="False" isItalic="False"/>
          <text>Help</text>
          <textColor>4294967295</textColor>
          <textSize>18</textSize>
          <lineSpacing>0</lineSpacing>
          <useDefaultTextSize>False</useDefaultTextSize>
          <selectedIndex>-1</selectedIndex>
        </control>
        <control controlID="638C3A96-5655-4FB8-9373-6E9CB749066D" controlTypeID="Label" x="95" y="21" w="75" h="24" zOrder="2">
          <ShadowBlur>0</ShadowBlur>
          <font family="Segoe+UI" displayName="Segoe+UI" postScript="" weightStyle="Standard" weight="400" isBold="False" isItalic="False"/>
          <text>Feedback</text>
          <textColor>4294967295</textColor>
          <textSize>18</textSize>
          <lineSpacing>0</lineSpacing>
          <useDefaultTextSize>False</useDefaultTextSize>
          <selectedIndex>-1</selectedIndex>
        </control>
        <control controlID="855CA5E6-317B-414E-95E4-79DD458F3ED2" controlTypeID="Label" x="207" y="21" w="57" h="24" zOrder="3">
          <ShadowBlur>0</ShadowBlur>
          <font family="Segoe+UI" displayName="Segoe+UI" postScript="" weightStyle="Standard" weight="400" isBold="False" isItalic="False"/>
          <text>Imprint</text>
          <textColor>4294967295</textColor>
          <textSize>18</textSize>
          <lineSpacing>0</lineSpacing>
          <useDefaultTextSize>False</useDefaultTextSize>
          <selectedIndex>-1</selectedIndex>
        </control>
        <control controlID="9F5E1F72-EC7D-45EB-A60C-B3E83D974057" controlTypeID="Label" x="830" y="24" w="250" h="24" zOrder="4">
          <ShadowBlur>0</ShadowBlur>
          <font family="Segoe+UI" displayName="Segoe+UI" postScript="" weightStyle="Standard" weight="400" isBold="False" isItalic="False"/>
          <text>%C2%A9+Copyright+201%3F+becon+GmbH</text>
          <textColor>4294967295</textColor>
          <textSize>18</textSize>
          <lineSpacing>0</lineSpacing>
          <useDefaultTextSize>False</useDefaultTextSize>
          <selectedIndex>-1</selectedIndex>
        </control>
      </groupChildrenDescriptors>
    </control>
    <control controlID="F63220CA-D455-410D-8ED1-5DB9F083E9F8" controlTypeID="Shape" x="0" y="70" w="1100" h="619" zOrder="2">
      <verticalScrollbarShow>True</verticalScrollbarShow>
      <ShadowBlur>0</ShadowBlur>
      <font family="Segoe+UI" displayName="Segoe+UI" postScript="" weightStyle="Standard" weight="400" isBold="False" isItalic="False"/>
      <textSize>14</textSize>
      <selectedIndex>-1</selectedIndex>
    </control>
    <control controlID="E08170EC-A6D8-44C2-AF6E-91D47D552833" controlTypeID="Panel" x="255" y="145" w="599" h="486" zOrder="3">
      <ShadowBlur>0</ShadowBlur>
      <groupChildrenDescriptors>
        <control controlID="83BD897F-3CC2-4364-BFDE-FA5546EE0B42" controlTypeID="Border" x="0" y="0" w="599" h="486" zOrder="0">
          <alias>borderLayer</alias>
          <ShadowBlur>0</ShadowBlur>
          <dashMode>SdDash</dashMode>
        </control>
      </groupChildrenDescriptors>
      <thinkness>1</thinkness>
      <dashMode>SdDash</dashMode>
    </control>
    <control controlID="19913967-BD5B-4F0E-AF06-70159078361C" controlTypeID="Label" x="285" y="162" w="149" h="19" zOrder="4">
      <ShadowBlur>0</ShadowBlur>
      <font family="Segoe+UI" displayName="Segoe+UI" postScript="" weightStyle="Standard" weight="400" isBold="False" isItalic="False"/>
      <text>bob.mustaev@becon.de</text>
      <lineSpacing>0</lineSpacing>
      <textStyles>[fsUnderline]</textStyles>
      <useDefaultTextSize>False</useDefaultTextSize>
      <selectedIndex>-1</selectedIndex>
    </control>
    <control controlID="5F97D462-E7F1-408A-9361-F0EA39D3C586" controlTypeID="__group__" x="284" y="217" w="242" h="90" zOrder="5">
      <ShadowBlur>0</ShadowBlur>
      <groupChildrenDescriptors>
        <control controlID="8D814DA2-B581-4D71-9007-4D0C4BD37F9C" controlTypeID="__group__" x="0" y="1" w="83" h="89" zOrder="0">
          <ShadowBlur>0</ShadowBlur>
          <groupChildrenDescriptors>
            <control controlID="046D9D6C-1480-4EE8-B7EC-7D693F5C32C1" controlTypeID="Label" x="1" y="0" w="39" h="19" zOrder="0">
              <ShadowBlur>0</ShadowBlur>
              <font family="Segoe+UI" displayName="Segoe+UI" postScript="" weightStyle="Standard" weight="400" isBold="False" isItalic="False"/>
              <text>Name%3A</text>
              <lineSpacing>0</lineSpacing>
              <useDefaultTextSize>False</useDefaultTextSize>
              <selectedIndex>-1</selectedIndex>
            </control>
            <control controlID="BFB4F044-F101-4365-A17D-3C7242CACA45" controlTypeID="Label" x="0" y="19" w="42" h="19" zOrder="1">
              <ShadowBlur>0</ShadowBlur>
              <font family="Segoe+UI" displayName="Segoe+UI" postScript="" weightStyle="Standard" weight="400" isBold="False" isItalic="False"/>
              <text>Phone%3A</text>
              <lineSpacing>0</lineSpacing>
              <useDefaultTextSize>False</useDefaultTextSize>
              <selectedIndex>-1</selectedIndex>
            </control>
            <control controlID="7ACA7840-DC9B-45D1-8F52-E44EAD40F8AE" controlTypeID="Label" x="1" y="36" w="76" h="19" zOrder="2">
              <ShadowBlur>0</ShadowBlur>
              <font family="Segoe+UI" displayName="Segoe+UI" postScript="" weightStyle="Standard" weight="400" isBold="False" isItalic="False"/>
              <text>Department%3A</text>
              <lineSpacing>0</lineSpacing>
              <useDefaultTextSize>False</useDefaultTextSize>
              <selectedIndex>-1</selectedIndex>
            </control>
            <control controlID="A30796BA-1CA5-445A-8ADB-DD73FEE75060" controlTypeID="Label" x="1" y="52" w="82" h="19" zOrder="3">
              <ShadowBlur>0</ShadowBlur>
              <font family="Segoe+UI" displayName="Segoe+UI" postScript="" weightStyle="Standard" weight="400" isBold="False" isItalic="False"/>
              <text>Organization%3A</text>
              <lineSpacing>0</lineSpacing>
              <useDefaultTextSize>False</useDefaultTextSize>
              <selectedIndex>-1</selectedIndex>
            </control>
            <control controlID="06EDC430-4177-4361-8885-E135E26CF74E" controlTypeID="Label" x="1" y="70" w="64" h="19" zOrder="4">
              <ShadowBlur>0</ShadowBlur>
              <font family="Segoe+UI" displayName="Segoe+UI" postScript="" weightStyle="Standard" weight="400" isBold="False" isItalic="False"/>
              <text>Salutation%3A</text>
              <lineSpacing>0</lineSpacing>
              <useDefaultTextSize>False</useDefaultTextSize>
              <selectedIndex>-1</selectedIndex>
            </control>
          </groupChildrenDescriptors>
        </control>
        <control controlID="5D590F9A-0A87-4E47-A289-A51AA6DB3E97" controlTypeID="__group__" x="106" y="0" w="111" h="89" zOrder="1">
          <ShadowBlur>0</ShadowBlur>
          <groupChildrenDescriptors>
            <control controlID="8640C6DE-6C91-4229-9B76-A9CFB0587AEB" controlTypeID="Label" x="30" y="0" w="81" h="19" zOrder="0">
              <ShadowBlur>0</ShadowBlur>
              <font family="Segoe+UI" displayName="Segoe+UI" postScript="" weightStyle="Standard" weight="400" isBold="False" isItalic="False"/>
              <text>Bob+Mustaev</text>
              <textAlign>HaRight</textAlign>
              <lineSpacing>0</lineSpacing>
              <useDefaultTextSize>False</useDefaultTextSize>
              <selectedIndex>-1</selectedIndex>
            </control>
            <control controlID="56C44ED3-5627-4637-9341-A81EBF0F7D01" controlTypeID="Label" x="0" y="19" w="111" h="19" zOrder="1">
              <ShadowBlur>0</ShadowBlur>
              <font family="Segoe+UI" displayName="Segoe+UI" postScript="" weightStyle="Standard" weight="400" isBold="False" isItalic="False"/>
              <text>%2B99830+302+03+23</text>
              <textAlign>HaRight</textAlign>
              <lineSpacing>0</lineSpacing>
              <useDefaultTextSize>False</useDefaultTextSize>
              <selectedIndex>-1</selectedIndex>
            </control>
            <control controlID="87299F77-BBEF-4A7C-B7C1-3D82D752EB3B" controlTypeID="Label" x="49" y="36" w="61" h="19" zOrder="2">
              <ShadowBlur>0</ShadowBlur>
              <font family="Segoe+UI" displayName="Segoe+UI" postScript="" weightStyle="Standard" weight="400" isBold="False" isItalic="False"/>
              <text>Managers</text>
              <textAlign>HaRight</textAlign>
              <lineSpacing>0</lineSpacing>
              <useDefaultTextSize>False</useDefaultTextSize>
              <selectedIndex>-1</selectedIndex>
            </control>
            <control controlID="66CC4039-506D-477F-BE6B-0593A0DEC25C" controlTypeID="Label" x="79" y="53" w="32" h="19" zOrder="3">
              <ShadowBlur>0</ShadowBlur>
              <font family="Segoe+UI" displayName="Segoe+UI" postScript="" weightStyle="Standard" weight="400" isBold="False" isItalic="False"/>
              <text>Locta</text>
              <lineSpacing>0</lineSpacing>
              <useDefaultTextSize>False</useDefaultTextSize>
              <selectedIndex>-1</selectedIndex>
            </control>
            <control controlID="CA3BCB9B-9E83-49E9-93C2-D579ABBC5BBE" controlTypeID="Label" x="92" y="70" w="18" h="19" zOrder="4">
              <ShadowBlur>0</ShadowBlur>
              <font family="Segoe+UI" displayName="Segoe+UI" postScript="" weightStyle="Standard" weight="400" isBold="False" isItalic="False"/>
              <text>Sir.</text>
              <lineSpacing>0</lineSpacing>
              <useDefaultTextSize>False</useDefaultTextSize>
              <selectedIndex>-1</selectedIndex>
            </control>
          </groupChildrenDescriptors>
        </control>
      </groupChildrenDescriptors>
    </control>
    <control controlID="AA426A28-B630-49A7-AE42-1C5E9CCF7389" controlTypeID="Label" x="285" y="192" w="81" h="22" zOrder="6">
      <ShadowBlur>0</ShadowBlur>
      <font family="Segoe+UI" displayName="Segoe+UI" postScript="" weightStyle="Standard" weight="400" isBold="False" isItalic="False"/>
      <text>User+details</text>
      <textSize>16</textSize>
      <lineSpacing>0</lineSpacing>
      <useDefaultTextSize>False</useDefaultTextSize>
      <selectedIndex>-1</selectedIndex>
    </control>
    <control controlID="95421D21-3AAE-419B-A7FB-42A7DD07F5A8" controlTypeID="Table" x="285" y="448" w="539" h="164" zOrder="7">
      <ShadowBlur>0</ShadowBlur>
      <font family="Segoe+UI" displayName="Segoe+UI" postScript="" weightStyle="Standard" weight="400" isBold="False" isItalic="False"/>
      <text>Component%2FPermission%09User%09Group%09Connector%09Transaction%09MyProfile%09EventHandler%09create%09%2B%09%2B%09-%09-%09%2B%09%2B%09read%09%2B%09%2B%09%2B%09%2B%09%2B%09%2B%09update%09%2B%09%2B%09-%09-%09%2B%09%2B%09delete%09%2B%09%2B%09-%09-%09%2B%09%2B</text>
      <textSize>14</textSize>
      <textAlign>HaCenter</textAlign>
      <lineSpacing>0</lineSpacing>
      <thickness>1</thickness>
      <dashMode>SdSolid</dashMode>
      <tableStyle>tsNone</tableStyle>
      <fontFamily/>
      <fontWeight>Regular</fontWeight>
      <textStyles>[]</textStyles>
      <cells>
        <cell rows="0,0" cols="0,0">
          <fontFamily>Segoe+UI</fontFamily>
          <fontWeight>Standard</fontWeight>
          <textStyles>[]</textStyles>
          <text>Component%2FPermission</text>
          <textHeight>44</textHeight>
          <font family="Segoe+UI" displayName="Segoe+UI" postScript="" weightStyle="Standard" weight="400" isBold="False" isItalic="False"/>
        </cell>
        <cell rows="0,0" cols="1,1">
          <fontFamily>Segoe+UI</fontFamily>
          <fontWeight>Standard</fontWeight>
          <textStyles>[]</textStyles>
          <text>User</text>
          <textHeight>28</textHeight>
          <font family="Segoe+UI" displayName="Segoe+UI" postScript="" weightStyle="Standard" weight="400" isBold="False" isItalic="False"/>
        </cell>
        <cell rows="0,0" cols="2,2">
          <fontFamily>Segoe+UI</fontFamily>
          <fontWeight>Standard</fontWeight>
          <textStyles>[]</textStyles>
          <text>Group</text>
          <textHeight>28</textHeight>
          <font family="Segoe+UI" displayName="Segoe+UI" postScript="" weightStyle="Standard" weight="400" isBold="False" isItalic="False"/>
        </cell>
        <cell rows="0,0" cols="3,3">
          <fontFamily>Segoe+UI</fontFamily>
          <fontWeight>Standard</fontWeight>
          <textStyles>[]</textStyles>
          <text>Connector</text>
          <textHeight>28</textHeight>
          <font family="Segoe+UI" displayName="Segoe+UI" postScript="" weightStyle="Standard" weight="400" isBold="False" isItalic="False"/>
        </cell>
        <cell rows="0,0" cols="4,4">
          <fontFamily>Segoe+UI</fontFamily>
          <fontWeight>Standard</fontWeight>
          <textStyles>[]</textStyles>
          <text>Transaction</text>
          <textHeight>28</textHeight>
          <font family="Segoe+UI" displayName="Segoe+UI" postScript="" weightStyle="Standard" weight="400" isBold="False" isItalic="False"/>
        </cell>
        <cell rows="0,0" cols="5,5">
          <fontFamily>Segoe+UI</fontFamily>
          <fontWeight>Standard</fontWeight>
          <textStyles>[]</textStyles>
          <text>MyProfile</text>
          <textHeight>28</textHeight>
          <font family="Segoe+UI" displayName="Segoe+UI" postScript="" weightStyle="Standard" weight="400" isBold="False" isItalic="False"/>
        </cell>
        <cell rows="0,0" cols="6,6">
          <fontFamily>Segoe+UI</fontFamily>
          <fontWeight>Standard</fontWeight>
          <textStyles>[]</textStyles>
          <text>EventHandler</text>
          <textHeight>28</textHeight>
          <font family="Segoe+UI" displayName="Segoe+UI" postScript="" weightStyle="Standard" weight="400" isBold="False" isItalic="False"/>
        </cell>
        <cell rows="1,1" cols="0,0">
          <fontFamily>Segoe+UI</fontFamily>
          <fontWeight>Standard</fontWeight>
          <textStyles>[]</textStyles>
          <text>create</text>
          <textHeight>28</textHeight>
          <font family="Segoe+UI" displayName="Segoe+UI" postScript="" weightStyle="Standard" weight="400" isBold="False" isItalic="False"/>
        </cell>
        <cell rows="1,1" cols="1,1">
          <fontFamily>Segoe+UI</fontFamily>
          <fontWeight>Standard</fontWeight>
          <textStyles>[]</textStyles>
          <text>%2B</text>
          <textHeight>28</textHeight>
          <font family="Segoe+UI" displayName="Segoe+UI" postScript="" weightStyle="Standard" weight="400" isBold="False" isItalic="False"/>
        </cell>
        <cell rows="1,1" cols="2,2">
          <fontFamily>Segoe+UI</fontFamily>
          <fontWeight>Standard</fontWeight>
          <textStyles>[]</textStyles>
          <text>%2B</text>
          <textHeight>28</textHeight>
          <font family="Segoe+UI" displayName="Segoe+UI" postScript="" weightStyle="Standard" weight="400" isBold="False" isItalic="False"/>
        </cell>
        <cell rows="1,1" cols="3,3">
          <fontFamily>Segoe+UI</fontFamily>
          <fontWeight>Standard</fontWeight>
          <textStyles>[]</textStyles>
          <text>-</text>
          <textHeight>28</textHeight>
          <font family="Segoe+UI" displayName="Segoe+UI" postScript="" weightStyle="Standard" weight="400" isBold="False" isItalic="False"/>
        </cell>
        <cell rows="1,1" cols="4,4">
          <fontFamily>Segoe+UI</fontFamily>
          <fontWeight>Standard</fontWeight>
          <textStyles>[]</textStyles>
          <text>-</text>
          <textHeight>28</textHeight>
          <font family="Segoe+UI" displayName="Segoe+UI" postScript="" weightStyle="Standard" weight="400" isBold="False" isItalic="False"/>
        </cell>
        <cell rows="1,1" cols="5,5">
          <fontFamily>Segoe+UI</fontFamily>
          <fontWeight>Standard</fontWeight>
          <textStyles>[]</textStyles>
          <text>%2B</text>
          <textHeight>28</textHeight>
          <font family="Segoe+UI" displayName="Segoe+UI" postScript="" weightStyle="Standard" weight="400" isBold="False" isItalic="False"/>
        </cell>
        <cell rows="1,1" cols="6,6">
          <fontFamily>Segoe+UI</fontFamily>
          <fontWeight>Standard</fontWeight>
          <textStyles>[]</textStyles>
          <text>%2B</text>
          <textHeight>28</textHeight>
          <font family="Segoe+UI" displayName="Segoe+UI" postScript="" weightStyle="Standard" weight="400" isBold="False" isItalic="False"/>
        </cell>
        <cell rows="2,2" cols="0,0">
          <fontFamily>Segoe+UI</fontFamily>
          <fontWeight>Standard</fontWeight>
          <textStyles>[]</textStyles>
          <text>read</text>
          <textHeight>28</textHeight>
          <font family="Segoe+UI" displayName="Segoe+UI" postScript="" weightStyle="Standard" weight="400" isBold="False" isItalic="False"/>
        </cell>
        <cell rows="2,2" cols="1,1">
          <fontFamily>Segoe+UI</fontFamily>
          <fontWeight>Standard</fontWeight>
          <textStyles>[]</textStyles>
          <text>%2B</text>
          <textHeight>28</textHeight>
          <font family="Segoe+UI" displayName="Segoe+UI" postScript="" weightStyle="Standard" weight="400" isBold="False" isItalic="False"/>
        </cell>
        <cell rows="2,2" cols="2,2">
          <fontFamily>Segoe+UI</fontFamily>
          <fontWeight>Standard</fontWeight>
          <textStyles>[]</textStyles>
          <text>%2B</text>
          <textHeight>28</textHeight>
          <font family="Segoe+UI" displayName="Segoe+UI" postScript="" weightStyle="Standard" weight="400" isBold="False" isItalic="False"/>
        </cell>
        <cell rows="2,2" cols="3,3">
          <fontFamily>Segoe+UI</fontFamily>
          <fontWeight>Standard</fontWeight>
          <textStyles>[]</textStyles>
          <text>%2B</text>
          <textHeight>28</textHeight>
          <font family="Segoe+UI" displayName="Segoe+UI" postScript="" weightStyle="Standard" weight="400" isBold="False" isItalic="False"/>
        </cell>
        <cell rows="2,2" cols="4,4">
          <fontFamily>Segoe+UI</fontFamily>
          <fontWeight>Standard</fontWeight>
          <textStyles>[]</textStyles>
          <text>%2B</text>
          <textHeight>28</textHeight>
          <font family="Segoe+UI" displayName="Segoe+UI" postScript="" weightStyle="Standard" weight="400" isBold="False" isItalic="False"/>
        </cell>
        <cell rows="2,2" cols="5,5">
          <fontFamily>Segoe+UI</fontFamily>
          <fontWeight>Standard</fontWeight>
          <textStyles>[]</textStyles>
          <text>%2B</text>
          <textHeight>28</textHeight>
          <font family="Segoe+UI" displayName="Segoe+UI" postScript="" weightStyle="Standard" weight="400" isBold="False" isItalic="False"/>
        </cell>
        <cell rows="2,2" cols="6,6">
          <fontFamily>Segoe+UI</fontFamily>
          <fontWeight>Standard</fontWeight>
          <textStyles>[]</textStyles>
          <text>%2B</text>
          <textHeight>28</textHeight>
          <font family="Segoe+UI" displayName="Segoe+UI" postScript="" weightStyle="Standard" weight="400" isBold="False" isItalic="False"/>
        </cell>
        <cell rows="3,3" cols="0,0">
          <fontFamily>Segoe+UI</fontFamily>
          <fontWeight>Standard</fontWeight>
          <textStyles>[]</textStyles>
          <text>update</text>
          <textHeight>28</textHeight>
          <font family="Segoe+UI" displayName="Segoe+UI" postScript="" weightStyle="Standard" weight="400" isBold="False" isItalic="False"/>
        </cell>
        <cell rows="3,3" cols="1,1">
          <fontFamily>Segoe+UI</fontFamily>
          <fontWeight>Standard</fontWeight>
          <textStyles>[]</textStyles>
          <text>%2B</text>
          <textHeight>28</textHeight>
          <font family="Segoe+UI" displayName="Segoe+UI" postScript="" weightStyle="Standard" weight="400" isBold="False" isItalic="False"/>
        </cell>
        <cell rows="3,3" cols="2,2">
          <fontFamily>Segoe+UI</fontFamily>
          <fontWeight>Standard</fontWeight>
          <textStyles>[]</textStyles>
          <text>%2B</text>
          <textHeight>28</textHeight>
          <font family="Segoe+UI" displayName="Segoe+UI" postScript="" weightStyle="Standard" weight="400" isBold="False" isItalic="False"/>
        </cell>
        <cell rows="3,3" cols="3,3">
          <fontFamily>Segoe+UI</fontFamily>
          <fontWeight>Standard</fontWeight>
          <textStyles>[]</textStyles>
          <text>-</text>
          <textHeight>28</textHeight>
          <font family="Segoe+UI" displayName="Segoe+UI" postScript="" weightStyle="Standard" weight="400" isBold="False" isItalic="False"/>
        </cell>
        <cell rows="3,3" cols="4,4">
          <fontFamily>Segoe+UI</fontFamily>
          <fontWeight>Standard</fontWeight>
          <textStyles>[]</textStyles>
          <text>-</text>
          <textHeight>28</textHeight>
          <font family="Segoe+UI" displayName="Segoe+UI" postScript="" weightStyle="Standard" weight="400" isBold="False" isItalic="False"/>
        </cell>
        <cell rows="3,3" cols="5,5">
          <fontFamily>Segoe+UI</fontFamily>
          <fontWeight>Standard</fontWeight>
          <textStyles>[]</textStyles>
          <text>%2B</text>
          <textHeight>28</textHeight>
          <font family="Segoe+UI" displayName="Segoe+UI" postScript="" weightStyle="Standard" weight="400" isBold="False" isItalic="False"/>
        </cell>
        <cell rows="3,3" cols="6,6">
          <fontFamily>Segoe+UI</fontFamily>
          <fontWeight>Standard</fontWeight>
          <textStyles>[]</textStyles>
          <text>%2B</text>
          <textHeight>28</textHeight>
          <font family="Segoe+UI" displayName="Segoe+UI" postScript="" weightStyle="Standard" weight="400" isBold="False" isItalic="False"/>
        </cell>
        <cell rows="4,4" cols="0,0">
          <fontFamily>Segoe+UI</fontFamily>
          <fontWeight>Standard</fontWeight>
          <textStyles>[]</textStyles>
          <text>delete</text>
          <textHeight>28</textHeight>
          <font family="Segoe+UI" displayName="Segoe+UI" postScript="" weightStyle="Standard" weight="400" isBold="False" isItalic="False"/>
        </cell>
        <cell rows="4,4" cols="1,1">
          <fontFamily>Segoe+UI</fontFamily>
          <fontWeight>Standard</fontWeight>
          <textStyles>[]</textStyles>
          <text>%2B</text>
          <textHeight>28</textHeight>
          <font family="Segoe+UI" displayName="Segoe+UI" postScript="" weightStyle="Standard" weight="400" isBold="False" isItalic="False"/>
        </cell>
        <cell rows="4,4" cols="2,2">
          <fontFamily>Segoe+UI</fontFamily>
          <fontWeight>Standard</fontWeight>
          <textStyles>[]</textStyles>
          <text>%2B</text>
          <textHeight>28</textHeight>
          <font family="Segoe+UI" displayName="Segoe+UI" postScript="" weightStyle="Standard" weight="400" isBold="False" isItalic="False"/>
        </cell>
        <cell rows="4,4" cols="3,3">
          <fontFamily>Segoe+UI</fontFamily>
          <fontWeight>Standard</fontWeight>
          <textStyles>[]</textStyles>
          <text>-</text>
          <textHeight>28</textHeight>
          <font family="Segoe+UI" displayName="Segoe+UI" postScript="" weightStyle="Standard" weight="400" isBold="False" isItalic="False"/>
        </cell>
        <cell rows="4,4" cols="4,4">
          <fontFamily>Segoe+UI</fontFamily>
          <fontWeight>Standard</fontWeight>
          <textStyles>[]</textStyles>
          <text>-</text>
          <textHeight>28</textHeight>
          <font family="Segoe+UI" displayName="Segoe+UI" postScript="" weightStyle="Standard" weight="400" isBold="False" isItalic="False"/>
        </cell>
        <cell rows="4,4" cols="5,5">
          <fontFamily>Segoe+UI</fontFamily>
          <fontWeight>Standard</fontWeight>
          <textStyles>[]</textStyles>
          <text>%2B</text>
          <textHeight>28</textHeight>
          <font family="Segoe+UI" displayName="Segoe+UI" postScript="" weightStyle="Standard" weight="400" isBold="False" isItalic="False"/>
        </cell>
        <cell rows="4,4" cols="6,6">
          <fontFamily>Segoe+UI</fontFamily>
          <fontWeight>Standard</fontWeight>
          <textStyles>[]</textStyles>
          <text>%2B</text>
          <textHeight>28</textHeight>
          <font family="Segoe+UI" displayName="Segoe+UI" postScript="" weightStyle="Standard" weight="400" isBold="False" isItalic="False"/>
        </cell>
      </cells>
      <rows>
        <row height="44">
          <fontFamily/>
          <fontWeight>Regular</fontWeight>
          <textStyles>[]</textStyles>
          <isAutoRowHeight>True</isAutoRowHeight>
        </row>
        <row height="30">
          <fontFamily/>
          <fontWeight>Regular</fontWeight>
          <textStyles>[]</textStyles>
          <isAutoRowHeight>True</isAutoRowHeight>
        </row>
        <row height="30">
          <fontFamily/>
          <fontWeight>Regular</fontWeight>
          <textStyles>[]</textStyles>
          <isAutoRowHeight>True</isAutoRowHeight>
        </row>
        <row height="30">
          <fontFamily/>
          <fontWeight>Regular</fontWeight>
          <textStyles>[]</textStyles>
          <isAutoRowHeight>True</isAutoRowHeight>
        </row>
        <row height="30">
          <fontFamily/>
          <fontWeight>Regular</fontWeight>
          <textStyles>[]</textStyles>
          <isAutoRowHeight>True</isAutoRowHeight>
        </row>
      </rows>
      <cols>
        <col width="88">
          <fontFamily/>
          <fontWeight>Regular</fontWeight>
          <textStyles>[]</textStyles>
        </col>
        <col width="49">
          <fontFamily/>
          <fontWeight>Regular</fontWeight>
          <textStyles>[]</textStyles>
        </col>
        <col width="55">
          <fontFamily/>
          <fontWeight>Regular</fontWeight>
          <textStyles>[]</textStyles>
        </col>
        <col width="78">
          <fontFamily/>
          <fontWeight>Regular</fontWeight>
          <textStyles>[]</textStyles>
        </col>
        <col width="81">
          <fontFamily/>
          <fontWeight>Regular</fontWeight>
          <textStyles>[]</textStyles>
        </col>
        <col width="76">
          <fontFamily/>
          <fontWeight>Regular</fontWeight>
          <textStyles>[]</textStyles>
        </col>
        <col width="112">
          <fontFamily/>
          <fontWeight>Regular</fontWeight>
          <textStyles>[]</textStyles>
        </col>
      </cols>
    </control>
    <control controlID="50794023-F583-48BB-8AA1-1E99DC91F16F" controlTypeID="__group__" x="285" y="352" w="528" h="86" zOrder="8">
      <ShadowBlur>0</ShadowBlur>
      <groupChildrenDescriptors>
        <control controlID="1E9D7752-C8F1-4E1D-94F7-73627BD0B079" controlTypeID="Label" x="0" y="0" w="78" h="22" zOrder="0">
          <ShadowBlur>0</ShadowBlur>
          <font family="Segoe+UI" displayName="Segoe+UI" postScript="" weightStyle="Standard" weight="400" isBold="False" isItalic="False"/>
          <text>User+group</text>
          <textSize>16</textSize>
          <lineSpacing>0</lineSpacing>
          <useDefaultTextSize>False</useDefaultTextSize>
          <selectedIndex>-1</selectedIndex>
        </control>
        <control controlID="27328CBE-1B39-4C67-A80F-C12A381762C7" controlTypeID="__group__" x="2" y="31" w="526" h="55" zOrder="1">
          <ShadowBlur>0</ShadowBlur>
          <groupChildrenDescriptors>
            <control controlID="98E484FB-442C-4950-81EF-8A8897CFF261" controlTypeID="Label" x="0" y="36" w="40" h="19" zOrder="0">
              <ShadowBlur>0</ShadowBlur>
              <font family="Segoe+UI" displayName="Segoe+UI" postScript="" weightStyle="Standard" weight="400" isBold="False" isItalic="False"/>
              <text>Admin</text>
              <lineSpacing>0</lineSpacing>
              <selectedIndex>-1</selectedIndex>
            </control>
            <control controlID="77337AB8-4CB3-452D-B61D-DDF25F9C943B" controlTypeID="Image" x="2" y="0" w="42" h="36" zOrder="1">
              <ShadowBlur>0</ShadowBlur>
              <URL>5009BE1A7E81EECD2CBC930CA5A8E0AD.png</URL>
            </control>
            <control controlID="24F3BF41-C3F5-465F-BFE7-7928B3F466A3" controlTypeID="__group__" x="134" y="6" w="392" h="46" zOrder="2">
              <ShadowBlur>0</ShadowBlur>
              <groupChildrenDescriptors>
                <control controlID="06C458AB-72D2-4D86-88B3-68527FFF04E1" controlTypeID="Label" x="0" y="0" w="392" h="14" zOrder="0">
                  <ShadowBlur>0</ShadowBlur>
                  <font family="Segoe+UI" displayName="Segoe+UI" postScript="" weightStyle="Standard" weight="400" isBold="False" isItalic="False"/>
                  <text>Lorem+Ipsum+is+simply+dummy+text+of+the+printing+and+typesetting+industry.+Lorem+Ipsum+</text>
                  <textSize>10</textSize>
                  <lineSpacing>0</lineSpacing>
                  <useDefaultTextSize>False</useDefaultTextSize>
                  <selectedIndex>-1</selectedIndex>
                </control>
                <control controlID="EA970197-2278-4CDB-BB1C-1584B2950107" controlTypeID="Label" x="0" y="16" w="376" h="14" zOrder="1">
                  <ShadowBlur>0</ShadowBlur>
                  <font family="Segoe+UI" displayName="Segoe+UI" postScript="" weightStyle="Standard" weight="400" isBold="False" isItalic="False"/>
                  <text>has+been+the+industry's+standard+dummy+text+ever+since+the+1500s%2C+when+an+unknown+</text>
                  <textSize>10</textSize>
                  <lineSpacing>0</lineSpacing>
                  <useDefaultTextSize>False</useDefaultTextSize>
                  <selectedIndex>-1</selectedIndex>
                </control>
                <control controlID="A3D24374-9DD9-4CF9-947A-F285D25BB907" controlTypeID="Label" x="0" y="32" w="339" h="14" zOrder="2">
                  <ShadowBlur>0</ShadowBlur>
                  <font family="Segoe+UI" displayName="Segoe+UI" postScript="" weightStyle="Standard" weight="400" isBold="False" isItalic="False"/>
                  <text>printer+took+a+galley+of+type+and+scrambled+it+to+make+a+type+specimen+book.</text>
                  <textSize>10</textSize>
                  <lineSpacing>0</lineSpacing>
                  <useDefaultTextSize>False</useDefaultTextSize>
                  <selectedIndex>-1</selectedIndex>
                </control>
              </groupChildrenDescriptors>
            </control>
          </groupChildrenDescriptors>
        </control>
      </groupChildrenDescriptors>
    </control>
    <control controlID="E2ABEE79-D8D1-4E8C-89D3-0E02931D9ACE" controlTypeID="__group__" x="672" y="160" w="152" h="164" zOrder="9">
      <ShadowBlur>0</ShadowBlur>
      <groupChildrenDescriptors>
        <control controlID="F006EC96-EF2D-4992-8FCF-AE9E3016037E" controlTypeID="Image" x="0" y="0" w="149" h="143" zOrder="0">
          <ShadowBlur>0</ShadowBlur>
          <URL>342E995849FF1332274CA5C809F35463.jpg</URL>
        </control>
        <control controlID="C1E3FE04-CAB0-4B63-97DB-138CDBB7FE88" controlTypeID="__group__" x="0" y="153" w="127" h="11" zOrder="1">
          <ShadowBlur>0</ShadowBlur>
          <groupChildrenDescriptors>
            <control controlID="B8F17CC8-906B-4015-A883-957CF25274EF" controlTypeID="Label" x="0" y="0" w="53" h="11" zOrder="0">
              <ShadowBlur>0</ShadowBlur>
              <font family="Segoe+UI" displayName="Segoe+UI" postScript="" weightStyle="Standard" weight="400" isBold="False" isItalic="False"/>
              <text>Last+time+login%3A</text>
              <textSize>8</textSize>
              <lineSpacing>0</lineSpacing>
              <useDefaultTextSize>False</useDefaultTextSize>
              <selectedIndex>-1</selectedIndex>
            </control>
            <control controlID="33AC22C2-A524-41F4-A165-62378F54FBC8" controlTypeID="Label" x="68" y="0" w="59" h="11" zOrder="1">
              <ShadowBlur>0</ShadowBlur>
              <font family="Segoe+UI" displayName="Segoe+UI" postScript="" weightStyle="Standard" weight="400" isBold="False" isItalic="False"/>
              <text>16%3A05+05.06.2018</text>
              <textSize>8</textSize>
              <lineSpacing>0</lineSpacing>
              <useDefaultTextSize>False</useDefaultTextSize>
              <selectedIndex>-1</selectedIndex>
            </control>
          </groupChildrenDescriptors>
        </control>
      </groupChildrenDescriptors>
    </control>
    <control controlID="513E59E4-D159-4EE5-93C4-D625D79A2737" controlTypeID="__group__" x="574" y="187" w="93" h="20" zOrder="10">
      <ShadowBlur>0</ShadowBlur>
      <groupChildrenDescriptors>
        <control controlID="00E3477F-279D-4516-AA88-40862FC87912" controlTypeID="Icon" x="73" y="0" w="20" h="20" zOrder="0">
          <color>4278190080</color>
          <ShadowBlur>0</ShadowBlur>
          <icon>
            <ID/>
            <iconFontName>jdIcoMoonFree</iconFontName>
            <iconCode>59796</iconCode>
          </icon>
          <URL>E9143260ECAAF58DF8A7271B16D9CAAE.svg</URL>
        </control>
        <control controlID="9E04100D-B7FB-4F32-8554-7B7EFE0D2E3A" controlTypeID="Label" x="0" y="0" w="70" h="19" zOrder="1">
          <ShadowBlur>0</ShadowBlur>
          <font family="Segoe+UI" displayName="Segoe+UI" postScript="" weightStyle="Standard" weight="400" isBold="False" isItalic="False"/>
          <text>Connectors</text>
          <lineSpacing>0</lineSpacing>
          <selectedIndex>-1</selectedIndex>
        </control>
      </groupChildrenDescriptors>
    </control>
    <control controlID="0B592A4E-9CD4-4D2B-AEFA-4620B1B73A01" controlTypeID="__group__" x="568" y="221" w="99" h="20" zOrder="11">
      <ShadowBlur>0</ShadowBlur>
      <groupChildrenDescriptors>
        <control controlID="16105705-F1BC-43B8-A7A9-B1C16B3D5460" controlTypeID="Icon" x="79" y="0" w="20" h="20" zOrder="0">
          <color>4278190080</color>
          <ShadowBlur>0</ShadowBlur>
          <icon>
            <ID/>
            <iconFontName>jdIcoMoonFree</iconFontName>
            <iconCode>59797</iconCode>
          </icon>
          <URL>5E98D2A591BAC40C8F4087F7DA8C54F9.svg</URL>
        </control>
        <control controlID="B1799B18-C2AD-4874-A5FD-AA2168992052" controlTypeID="Label" x="0" y="0" w="76" h="19" zOrder="1">
          <ShadowBlur>0</ShadowBlur>
          <font family="Segoe+UI" displayName="Segoe+UI" postScript="" weightStyle="Standard" weight="400" isBold="False" isItalic="False"/>
          <text>Transactions</text>
          <lineSpacing>0</lineSpacing>
          <selectedIndex>-1</selectedIndex>
        </control>
      </groupChildrenDescriptors>
    </control>
    <control controlID="935C966A-EF20-4B64-B4A6-41C070036488" controlTypeID="__group__" x="605" y="255" w="62" h="20" zOrder="12">
      <ShadowBlur>0</ShadowBlur>
      <groupChildrenDescriptors>
        <control controlID="4D089DE0-DE08-4B91-9E4B-473B77E3EC20" controlTypeID="Icon" x="42" y="0" w="20" h="20" zOrder="0">
          <color>4278190080</color>
          <ShadowBlur>0</ShadowBlur>
          <icon>
            <ID/>
            <iconFontName>jdIonicons</iconFontName>
            <iconCode>62062</iconCode>
          </icon>
          <URL>8D87F0B6E067D29DE1E9AC9BADB84F13.svg</URL>
        </control>
        <control controlID="19CFE0F1-6418-49F7-83F0-72DF1B09DC56" controlTypeID="Label" x="0" y="0" w="39" h="19" zOrder="1">
          <ShadowBlur>0</ShadowBlur>
          <font family="Segoe+UI" displayName="Segoe+UI" postScript="" weightStyle="Standard" weight="400" isBold="False" isItalic="False"/>
          <text>Events</text>
          <lineSpacing>0</lineSpacing>
          <selectedIndex>-1</selectedIndex>
        </control>
      </groupChildrenDescriptors>
    </control>
    <control controlID="4D4386C7-BB59-4F3A-BBD6-8611AF57B6FA" controlTypeID="Line" x="433" y="347" w="236" h="2" zOrder="13">
      <ShadowBlur>0</ShadowBlur>
      <font family="Segoe+UI" displayName="Segoe+UI" postScript="" weightStyle="Standard" weight="400" isBold="False" isItalic="False"/>
      <textSize>14</textSize>
      <lineSpacing>0</lineSpacing>
      <selectedIndex>-1</selectedIndex>
      <controlPoint>(118,1)</controlPoint>
      <startPoint>(1,1)</startPoint>
      <endPoint>(236,1)</endPoint>
    </control>
    <control controlID="121C8CA3-AA5A-4F88-B599-C12F0ACEC014" controlTypeID="Label" x="489" y="86" w="122" h="38" zOrder="14">
      <ShadowBlur>0</ShadowBlur>
      <font family="Segoe+UI" displayName="Segoe+UI" postScript="" weightStyle="Standard" weight="400" isBold="False" isItalic="False"/>
      <text>View+User</text>
      <textColor>4284900966</textColor>
      <textSize>28</textSize>
      <lineSpacing>0</lineSpacing>
      <useDefaultTextSize>False</useDefaultTextSize>
      <selectedIndex>-1</selectedIndex>
    </control>
    <control controlID="343CFA9B-516A-459B-8482-E9DA311AA638" controlTypeID="__group__" x="252" y="652" w="114" h="27" zOrder="15">
      <ShadowBlur>0</ShadowBlur>
      <groupChildrenDescriptors>
        <control controlID="75B19302-E538-4776-9F07-5AB2DBFCD7F3" controlTypeID="Icon" x="0" y="2" w="24" h="24" zOrder="0">
          <color>4278190080</color>
          <ShadowBlur>0</ShadowBlur>
          <icon>
            <ID/>
            <iconFontName>jdIonicons</iconFontName>
            <iconCode>62547</iconCode>
          </icon>
          <URL>23C89C10F7B3376AE4E32DC5E7C501A2.svg</URL>
        </control>
        <control controlID="EFACCB29-4E03-4BC2-BD68-7895172CE4D9" controlTypeID="Label" x="34" y="0" w="80" h="27" zOrder="1">
          <ShadowBlur>0</ShadowBlur>
          <font family="Segoe+UI" displayName="Segoe+UI_%26_Bold" postScript="" weightStyle="Bold" weight="700" isBold="True" isItalic="False"/>
          <text>User+List</text>
          <textSize>20</textSize>
          <lineSpacing>0</lineSpacing>
          <textStyles>[fsBold]</textStyles>
          <useDefaultTextSize>False</useDefaultTextSize>
          <selectedIndex>-1</selectedIndex>
        </control>
      </groupChildrenDescriptors>
    </control>
  </controls>
  <param>
    <backgroundColor>4294967295</backgroundColor>
    <fontSize>14</fontSize>
    <fontFamily>Segoe+UI</fontFamily>
    <guideLines/>
  </param>
</mockup>