﻿<mockup version="5.2" minAllowVersion="5.2" ID="35B39795-0F37-410A-843A-9CFA765D2110" platform="MtWeb" defaultW="1100" defaultH="1000" measureW="1100" measureH="1000" mobileScreenScale="0">
  <controls controlCount="67">
    <control controlID="C25F969F-C9B9-4DF3-8214-4D490EE8DE3F" controlTypeID="__group__" x="0" y="675" w="1100" h="70" zOrder="0">
      <ShadowBlur>0</ShadowBlur>
      <groupChildrenDescriptors>
        <control controlID="ECCA0DFF-B902-4A9B-BB68-0FD63F73F799" controlTypeID="Panel" x="0" y="0" w="1100" h="70" zOrder="0">
          <color>4280642473</color>
          <borderColor>4280642473</borderColor>
          <ShadowBlur>0</ShadowBlur>
          <groupChildrenDescriptors>
            <control controlID="34F2C668-BED9-4DCA-B17A-1BB7A085697D" controlTypeID="Border" x="0" y="0" w="1100" h="70" zOrder="0">
              <borderColor>4280642473</borderColor>
              <alias>borderLayer</alias>
              <ShadowBlur>0</ShadowBlur>
            </control>
          </groupChildrenDescriptors>
          <thinkness>1</thinkness>
        </control>
        <control controlID="CBBC815D-9024-4D25-B6DB-2B06E195AB1A" controlTypeID="Label" x="31" y="21" w="36" h="24" zOrder="1">
          <ShadowBlur>0</ShadowBlur>
          <font family="Segoe+UI" displayName="Segoe+UI" postScript="" weightStyle="Standard" weight="400" isBold="False" isItalic="False"/>
          <text>Help</text>
          <textColor>4294967295</textColor>
          <textSize>18</textSize>
          <lineSpacing>0</lineSpacing>
          <useDefaultTextSize>False</useDefaultTextSize>
          <selectedIndex>-1</selectedIndex>
        </control>
        <control controlID="59A98852-0CB1-4DE4-BA52-11543267BBA6" controlTypeID="Label" x="95" y="21" w="75" h="24" zOrder="2">
          <ShadowBlur>0</ShadowBlur>
          <font family="Segoe+UI" displayName="Segoe+UI" postScript="" weightStyle="Standard" weight="400" isBold="False" isItalic="False"/>
          <text>Feedback</text>
          <textColor>4294967295</textColor>
          <textSize>18</textSize>
          <lineSpacing>0</lineSpacing>
          <useDefaultTextSize>False</useDefaultTextSize>
          <selectedIndex>-1</selectedIndex>
        </control>
        <control controlID="A1E377D7-B9E4-4C4A-A76D-144559343C74" controlTypeID="Label" x="207" y="21" w="57" h="24" zOrder="3">
          <ShadowBlur>0</ShadowBlur>
          <font family="Segoe+UI" displayName="Segoe+UI" postScript="" weightStyle="Standard" weight="400" isBold="False" isItalic="False"/>
          <text>Imprint</text>
          <textColor>4294967295</textColor>
          <textSize>18</textSize>
          <lineSpacing>0</lineSpacing>
          <useDefaultTextSize>False</useDefaultTextSize>
          <selectedIndex>-1</selectedIndex>
        </control>
        <control controlID="98E38238-8309-4F5B-AA2B-8F32E0E2188F" controlTypeID="Label" x="830" y="24" w="250" h="24" zOrder="4">
          <ShadowBlur>0</ShadowBlur>
          <font family="Segoe+UI" displayName="Segoe+UI" postScript="" weightStyle="Standard" weight="400" isBold="False" isItalic="False"/>
          <text>%C2%A9+Copyright+201%3F+becon+GmbH</text>
          <textColor>4294967295</textColor>
          <textSize>18</textSize>
          <lineSpacing>0</lineSpacing>
          <useDefaultTextSize>False</useDefaultTextSize>
          <selectedIndex>-1</selectedIndex>
        </control>
      </groupChildrenDescriptors>
    </control>
    <control controlID="EDA8AB6C-3874-4CFC-BE06-2053DD27B1FE" controlTypeID="__group__" x="0" y="0" w="1100" h="70" zOrder="1">
      <ShadowBlur>0</ShadowBlur>
      <groupChildrenDescriptors>
        <control controlID="709DDE22-D70D-4D7C-9642-4BCB3ED0BA3F" controlTypeID="Panel" x="0" y="0" w="1100" h="70" zOrder="0">
          <color>4280642473</color>
          <borderColor>4280642473</borderColor>
          <ShadowBlur>0</ShadowBlur>
          <groupChildrenDescriptors>
            <control controlID="0EB870D0-2982-4464-8F82-438B0EF32BE1" controlTypeID="Border" x="0" y="0" w="1100" h="70" zOrder="0">
              <borderColor>4280642473</borderColor>
              <alias>borderLayer</alias>
              <ShadowBlur>0</ShadowBlur>
            </control>
          </groupChildrenDescriptors>
          <thinkness>1</thinkness>
        </control>
        <control controlID="AA52C0B5-07DA-4172-99D0-00767357E910" controlTypeID="__group__" x="30" y="10" w="1033" h="50" zOrder="1">
          <ShadowBlur>0</ShadowBlur>
          <groupChildrenDescriptors>
            <control controlID="19E3DB8C-B0EF-4891-B070-C6975A77728B" controlTypeID="Image" x="0" y="0" w="50" h="50" zOrder="0">
              <ShadowBlur>0</ShadowBlur>
              <URL>976481E0FBEB84C2585025769B665392.png</URL>
            </control>
            <control controlID="6FBF4E50-7B51-424C-92BE-5FC9BD1C1234" controlTypeID="__group__" x="113" y="17" w="42" h="24" zOrder="1">
              <ShadowBlur>0</ShadowBlur>
              <groupChildrenDescriptors>
                <control controlID="4DD1C295-0266-454B-99E5-D6774C6689D7" controlTypeID="Label" x="12" y="0" w="30" h="24" zOrder="0">
                  <ShadowBlur>0</ShadowBlur>
                  <font family="Segoe+UI" displayName="Segoe+UI" postScript="" weightStyle="Standard" weight="400" isBold="False" isItalic="False"/>
                  <text>sers</text>
                  <textColor>4294967295</textColor>
                  <textSize>18</textSize>
                  <lineSpacing>0</lineSpacing>
                  <useDefaultTextSize>False</useDefaultTextSize>
                  <selectedIndex>-1</selectedIndex>
                </control>
                <control controlID="1882AC71-9A9D-41DD-A6A6-0CE4B1C93E38" controlTypeID="Label" x="0" y="0" w="11" h="24" zOrder="1">
                  <ShadowBlur>0</ShadowBlur>
                  <font family="Segoe+UI" displayName="Segoe+UI" postScript="" weightStyle="Standard" weight="400" isBold="False" isItalic="False"/>
                  <text>U</text>
                  <textColor>4290689342</textColor>
                  <textSize>18</textSize>
                  <lineSpacing>0</lineSpacing>
                  <textStyles>[fsUnderline]</textStyles>
                  <useDefaultTextSize>False</useDefaultTextSize>
                  <selectedIndex>-1</selectedIndex>
                </control>
              </groupChildrenDescriptors>
            </control>
            <control controlID="E7473F20-AA3C-4CFD-99A1-F57C9F1358DD" controlTypeID="__group__" x="233" y="18" w="95" h="24" zOrder="2">
              <ShadowBlur>0</ShadowBlur>
              <groupChildrenDescriptors>
                <control controlID="EE67D46F-4E0C-45EA-A4DF-E694E751665E" controlTypeID="Label" x="0" y="0" w="95" h="24" zOrder="0">
                  <ShadowBlur>0</ShadowBlur>
                  <font family="Segoe+UI" displayName="Segoe+UI" postScript="" weightStyle="Standard" weight="400" isBold="False" isItalic="False"/>
                  <text>User+++roups</text>
                  <textColor>4290689342</textColor>
                  <textSize>18</textSize>
                  <lineSpacing>0</lineSpacing>
                  <useDefaultTextSize>False</useDefaultTextSize>
                  <selectedIndex>-1</selectedIndex>
                </control>
                <control controlID="D267E8A3-52C1-4FBE-9C60-370A3ACF2FD3" controlTypeID="Label" x="39" y="0" w="11" h="24" zOrder="1">
                  <ShadowBlur>0</ShadowBlur>
                  <font family="Segoe+UI" displayName="Segoe+UI" postScript="" weightStyle="Standard" weight="400" isBold="False" isItalic="False"/>
                  <text>G</text>
                  <textColor>4290689342</textColor>
                  <textSize>18</textSize>
                  <lineSpacing>0</lineSpacing>
                  <textStyles>[fsUnderline]</textStyles>
                  <useDefaultTextSize>False</useDefaultTextSize>
                  <selectedIndex>-1</selectedIndex>
                </control>
              </groupChildrenDescriptors>
            </control>
            <control controlID="116CBEDF-C455-4A9F-91BB-381399EEBCCB" controlTypeID="__group__" x="968" y="16" w="65" h="25" zOrder="3">
              <ShadowBlur>0</ShadowBlur>
              <groupChildrenDescriptors>
                <control controlID="852A53B9-60EE-46A6-9563-9BF21D026DF1" controlTypeID="Label" x="0" y="0" w="65" h="24" zOrder="0">
                  <ShadowBlur>0</ShadowBlur>
                  <font family="Segoe+UI" displayName="Segoe+UI" postScript="" weightStyle="Standard" weight="400" isBold="False" isItalic="False"/>
                  <text>Log++++ut</text>
                  <textColor>4294967295</textColor>
                  <textSize>18</textSize>
                  <lineSpacing>0</lineSpacing>
                  <useDefaultTextSize>False</useDefaultTextSize>
                  <selectedIndex>-1</selectedIndex>
                </control>
                <control controlID="6608AF59-48AE-4E6D-90A5-AECE427E154B" controlTypeID="Label" x="36" y="1" w="13" h="24" zOrder="1">
                  <ShadowBlur>0</ShadowBlur>
                  <font family="Segoe+UI" displayName="Segoe+UI" postScript="" weightStyle="Standard" weight="400" isBold="False" isItalic="False"/>
                  <text>O</text>
                  <textColor>4290689342</textColor>
                  <textSize>18</textSize>
                  <lineSpacing>0</lineSpacing>
                  <textStyles>[fsUnderline]</textStyles>
                  <useDefaultTextSize>False</useDefaultTextSize>
                  <selectedIndex>-1</selectedIndex>
                </control>
              </groupChildrenDescriptors>
            </control>
            <control controlID="9F05FE8F-CF9E-40D7-B0F0-ECBDFED869CA" controlTypeID="__group__" x="818" y="16" w="80" h="24" zOrder="4">
              <ShadowBlur>0</ShadowBlur>
              <groupChildrenDescriptors>
                <control controlID="FFDA48DB-3678-4998-99CF-9AB8E97FA5AB" controlTypeID="Label" x="0" y="0" w="80" h="24" zOrder="0">
                  <ShadowBlur>0</ShadowBlur>
                  <font family="Segoe+UI" displayName="Segoe+UI" postScript="" weightStyle="Standard" weight="400" isBold="False" isItalic="False"/>
                  <text>My+++rofile</text>
                  <textColor>4294967295</textColor>
                  <textSize>18</textSize>
                  <lineSpacing>0</lineSpacing>
                  <useDefaultTextSize>False</useDefaultTextSize>
                  <selectedIndex>-1</selectedIndex>
                </control>
                <control controlID="616C7C98-40E4-46C7-AB3A-53A204238510" controlTypeID="Label" x="29" y="0" w="9" h="24" zOrder="1">
                  <ShadowBlur>0</ShadowBlur>
                  <font family="Segoe+UI" displayName="Segoe+UI" postScript="" weightStyle="Standard" weight="400" isBold="False" isItalic="False"/>
                  <text>P</text>
                  <textColor>4290689342</textColor>
                  <textSize>18</textSize>
                  <lineSpacing>0</lineSpacing>
                  <textStyles>[fsUnderline]</textStyles>
                  <useDefaultTextSize>False</useDefaultTextSize>
                  <selectedIndex>-1</selectedIndex>
                </control>
              </groupChildrenDescriptors>
            </control>
            <control controlID="4A05F4A9-3584-48FC-BF75-53D18A690F62" controlTypeID="Icon" x="78" y="14" w="30" h="30" zOrder="5">
              <color>4290689342</color>
              <ShadowBlur>0</ShadowBlur>
              <icon>
                <ID/>
                <iconFontName>jdIonicons</iconFontName>
                <iconCode>62366</iconCode>
              </icon>
              <URL>CB1D4BD70EFAF9D0D63B9D0659D62AAA.svg</URL>
            </control>
            <control controlID="99557CC5-01B1-4783-A736-38BB5CE4FFD7" controlTypeID="Icon" x="198" y="14" w="30" h="30" zOrder="6">
              <color>4290689342</color>
              <ShadowBlur>0</ShadowBlur>
              <icon>
                <ID/>
                <iconFontName>jdIcoMoonFree</iconFontName>
                <iconCode>59762</iconCode>
              </icon>
              <URL>119C857C4792E02327F609276285EAD8.svg</URL>
            </control>
            <control controlID="3CA20807-21B3-4574-BC55-B120BCB14D83" controlTypeID="Icon" x="784" y="14" w="30" h="30" zOrder="7">
              <color>4290689342</color>
              <ShadowBlur>0</ShadowBlur>
              <icon>
                <ID/>
                <iconFontName>jdIonicons</iconFontName>
                <iconCode>62489</iconCode>
              </icon>
              <URL>E7D27E7A00FA7023CB70F7694DE9F06F.svg</URL>
            </control>
            <control controlID="B13C23D1-5F24-4012-9339-BF55633FB291" controlTypeID="Icon" x="933" y="14" w="30" h="30" zOrder="8">
              <color>4290689342</color>
              <ShadowBlur>0</ShadowBlur>
              <icon>
                <ID/>
                <iconFontName>jdIonicons</iconFontName>
                <iconCode>62111</iconCode>
              </icon>
              <URL>3C8DF9DE80057200F41F28DCE285D271.svg</URL>
            </control>
          </groupChildrenDescriptors>
        </control>
      </groupChildrenDescriptors>
    </control>
    <control controlID="AB858194-F38E-483C-97B6-1A549B2DA1E6" controlTypeID="Shape" x="0" y="70" w="1100" h="605" zOrder="2">
      <verticalScrollbarShow>True</verticalScrollbarShow>
      <ShadowBlur>0</ShadowBlur>
      <font family="Segoe+UI" displayName="Segoe+UI" postScript="" weightStyle="Standard" weight="400" isBold="False" isItalic="False"/>
      <textSize>14</textSize>
      <selectedIndex>-1</selectedIndex>
    </control>
    <control controlID="1D119FCD-2C3D-402F-BC5A-89BA7C36CA07" controlTypeID="__group__" x="253" y="565" w="178" h="27" zOrder="3">
      <ShadowBlur>0</ShadowBlur>
      <groupChildrenDescriptors>
        <control controlID="0D22D9BB-095C-4476-A4C9-1B94B2DF00D6" controlTypeID="Icon" x="0" y="2" w="24" h="24" zOrder="0">
          <color>4278190080</color>
          <ShadowBlur>0</ShadowBlur>
          <icon>
            <ID/>
            <iconFontName>jdIonicons</iconFontName>
            <iconCode>62547</iconCode>
          </icon>
          <URL>23C89C10F7B3376AE4E32DC5E7C501A2.svg</URL>
        </control>
        <control controlID="7B29E5B2-B8C7-4559-A656-A0D6821118FB" controlTypeID="Label" x="34" y="0" w="144" h="27" zOrder="1">
          <ShadowBlur>0</ShadowBlur>
          <font family="Segoe+UI" displayName="Segoe+UI_%26_Bold" postScript="" weightStyle="Bold" weight="700" isBold="True" isItalic="False"/>
          <text>User+Group+List</text>
          <textSize>20</textSize>
          <lineSpacing>0</lineSpacing>
          <textStyles>[fsBold]</textStyles>
          <useDefaultTextSize>False</useDefaultTextSize>
          <selectedIndex>-1</selectedIndex>
        </control>
      </groupChildrenDescriptors>
    </control>
    <control controlID="5EAACA2D-FD50-47A0-848B-8E556751969E" controlTypeID="Panel" x="253" y="144" w="594" h="400" zOrder="4">
      <ShadowBlur>0</ShadowBlur>
      <groupChildrenDescriptors>
        <control controlID="BCBD7712-9E17-4E9C-A614-2174381366B2" controlTypeID="Border" x="0" y="0" w="594" h="400" zOrder="0">
          <alias>borderLayer</alias>
          <ShadowBlur>0</ShadowBlur>
          <dashMode>SdDash</dashMode>
        </control>
      </groupChildrenDescriptors>
      <thinkness>1</thinkness>
      <dashMode>SdDash</dashMode>
    </control>
    <control controlID="46D0ABF9-A886-4C65-A2A2-6E29B8C13E30" controlTypeID="Label" x="502" y="458" w="96" h="19" zOrder="5">
      <ShadowBlur>0</ShadowBlur>
      <font family="Segoe+UI" displayName="Segoe+UI" postScript="" weightStyle="Standard" weight="400" isBold="False" isItalic="False"/>
      <text>Set+permissions</text>
      <lineSpacing>0</lineSpacing>
      <selectedIndex>-1</selectedIndex>
    </control>
    <control controlID="568FB9CE-2653-4DAC-8E5C-5A6C74BD6B79" controlTypeID="BreadCrumbs" x="274" y="203" w="256" h="19" zOrder="6">
      <ShadowBlur>0</ShadowBlur>
      <font family="Segoe+UI" displayName="Segoe+UI" postScript="" weightStyle="Standard" weight="400" isBold="False" isItalic="False"/>
      <text>General+Data%2CComponents%2CPermissions</text>
      <textSize>14</textSize>
      <lineSpacing>0</lineSpacing>
    </control>
    <control controlID="921680B8-C463-4A72-8E42-F358B814EEF6" controlTypeID="__group__" x="271" y="490" w="563" h="33" zOrder="7">
      <ShadowBlur>0</ShadowBlur>
      <groupChildrenDescriptors>
        <control controlID="EC55ADF9-660D-43F2-B94F-D62A6AA2A2D2" controlTypeID="IconButton2" x="0" y="2" w="31" h="31" zOrder="0">
          <ShadowBlur>0</ShadowBlur>
          <groupChildrenDescriptors>
            <control controlID="D2F0D5C2-8D57-4FD0-B479-E5EADFF758AD" controlTypeID="Shape" x="0" y="0" w="31" h="31" zOrder="0">
              <borderColor>4278190080</borderColor>
              <canMove>False</canMove>
              <alias>shape</alias>
              <ShadowBlur>0</ShadowBlur>
              <font family="Segoe+UI" displayName="Segoe+UI" postScript="" weightStyle="Standard" weight="400" isBold="False" isItalic="False"/>
              <textSize>14</textSize>
              <selectedIndex>-1</selectedIndex>
              <shapeBorderType>SbEllipse</shapeBorderType>
            </control>
            <control controlID="296CAB3D-AFC3-4A3F-9F98-B3D56B2230BC" controlTypeID="Icon" x="6" y="6" w="20" h="20" zOrder="1">
              <color>4278190080</color>
              <canMove>False</canMove>
              <alias>icon</alias>
              <ShadowBlur>0</ShadowBlur>
              <icon>
                <ID/>
                <iconFontName>jdIonicons</iconFontName>
                <iconCode>62305</iconCode>
              </icon>
              <URL>99D18E524D2BEF9446942FB6A373FE26.svg</URL>
            </control>
            <control controlID="B8D5266B-5343-453F-B008-1572F47DEA59" controlTypeID="Label" x="-2" y="0" w="32" h="19" zOrder="2">
              <canMove>False</canMove>
              <alias>label</alias>
              <ShadowBlur>0</ShadowBlur>
              <font family="Segoe+UI" displayName="Segoe+UI" postScript="" weightStyle="Standard" weight="400" isBold="False" isItalic="False"/>
              <text>Label</text>
              <textAlign>HaCenter</textAlign>
              <lineSpacing>0</lineSpacing>
              <selectedIndex>-1</selectedIndex>
            </control>
            <control controlID="2675DD7F-B1DF-4368-9560-5C84BEE32C3B" controlTypeID="Shape" x="19" y="0" w="12" h="12" zOrder="3">
              <color>4294901760</color>
              <borderVisible>False</borderVisible>
              <canMove>False</canMove>
              <alias>alarm</alias>
              <ShadowBlur>0</ShadowBlur>
              <font family="Segoe+UI" displayName="Segoe+UI" postScript="" weightStyle="Standard" weight="400" isBold="False" isItalic="False"/>
              <text>2</text>
              <textColor>4294967295</textColor>
              <textSize>7</textSize>
              <selectedIndex>-1</selectedIndex>
              <radius>100</radius>
              <radiusIsPercent>True</radiusIsPercent>
            </control>
          </groupChildrenDescriptors>
          <iconSize>20</iconSize>
        </control>
        <control controlID="D56043B5-57A4-4B8C-AE82-AC39FE121735" controlTypeID="IconButton2" x="459" y="0" w="31" h="31" zOrder="1">
          <ShadowBlur>0</ShadowBlur>
          <groupChildrenDescriptors>
            <control controlID="A61CF6CA-644E-4910-AE4C-3BD8E348E602" controlTypeID="Shape" x="0" y="0" w="31" h="31" zOrder="0">
              <borderColor>4278190080</borderColor>
              <canMove>False</canMove>
              <alias>shape</alias>
              <ShadowBlur>0</ShadowBlur>
              <font family="Segoe+UI" displayName="Segoe+UI" postScript="" weightStyle="Standard" weight="400" isBold="False" isItalic="False"/>
              <textSize>14</textSize>
              <selectedIndex>-1</selectedIndex>
              <shapeBorderType>SbEllipse</shapeBorderType>
            </control>
            <control controlID="E75C00C5-419E-479B-AC40-7563776AF48A" controlTypeID="Icon" x="6" y="6" w="20" h="20" zOrder="1">
              <color>4278190080</color>
              <canMove>False</canMove>
              <alias>icon</alias>
              <ShadowBlur>0</ShadowBlur>
              <icon>
                <ID/>
                <iconFontName>jdIonicons</iconFontName>
                <iconCode>62385</iconCode>
              </icon>
              <URL>4E4C2E0D6E6109D863E3A5E5B0BFACD3.svg</URL>
            </control>
            <control controlID="C386D9FB-F4C6-45D8-A973-13E48E0D849C" controlTypeID="Label" x="-2" y="0" w="32" h="19" zOrder="2">
              <canMove>False</canMove>
              <alias>label</alias>
              <ShadowBlur>0</ShadowBlur>
              <font family="Segoe+UI" displayName="Segoe+UI" postScript="" weightStyle="Standard" weight="400" isBold="False" isItalic="False"/>
              <text>Label</text>
              <textAlign>HaCenter</textAlign>
              <lineSpacing>0</lineSpacing>
              <selectedIndex>-1</selectedIndex>
            </control>
            <control controlID="0D1DF3A4-5A00-413C-A859-F4D235FCEE4E" controlTypeID="Shape" x="19" y="0" w="12" h="12" zOrder="3">
              <color>4294901760</color>
              <borderVisible>False</borderVisible>
              <canMove>False</canMove>
              <alias>alarm</alias>
              <ShadowBlur>0</ShadowBlur>
              <font family="Segoe+UI" displayName="Segoe+UI" postScript="" weightStyle="Standard" weight="400" isBold="False" isItalic="False"/>
              <text>2</text>
              <textColor>4294967295</textColor>
              <textSize>7</textSize>
              <selectedIndex>-1</selectedIndex>
              <radius>100</radius>
              <radiusIsPercent>True</radiusIsPercent>
            </control>
          </groupChildrenDescriptors>
          <iconSize>20</iconSize>
        </control>
        <control controlID="534B8CDB-0152-4DA9-9962-B7496F76876E" controlTypeID="Label" x="495" y="2" w="68" h="27" zOrder="2">
          <ShadowBlur>0</ShadowBlur>
          <font family="Segoe+UI" displayName="Segoe+UI_%26_Bold" postScript="" weightStyle="Bold" weight="700" isBold="True" isItalic="False"/>
          <text>Update</text>
          <textSize>20</textSize>
          <lineSpacing>0</lineSpacing>
          <textStyles>[fsBold]</textStyles>
          <useDefaultTextSize>False</useDefaultTextSize>
          <selectedIndex>-1</selectedIndex>
        </control>
      </groupChildrenDescriptors>
    </control>
    <control controlID="79A85A02-32E6-47F3-9588-C8F9030B72B3" controlTypeID="__group__" x="282" y="286" w="553" h="95" zOrder="8">
      <ShadowBlur>0</ShadowBlur>
      <groupChildrenDescriptors>
        <control controlID="17CC7E68-8BD9-4831-AD21-024034A8A01E" controlTypeID="Icon" x="0" y="0" w="23" h="23" zOrder="0">
          <ShadowBlur>0</ShadowBlur>
          <icon>
            <ID/>
            <iconFontName>jdIonicons</iconFontName>
            <iconCode>62315</iconCode>
          </icon>
          <URL>41BACA5C90C06C95D081FB51FB64DE31.svg</URL>
        </control>
        <control controlID="6BAB075A-EA50-43C4-A695-FB259F431A44" controlTypeID="Table" x="37" y="1" w="516" h="94" zOrder="1">
          <ShadowBlur>0</ShadowBlur>
          <font family="Segoe+UI" displayName="Segoe+UI" postScript="" weightStyle="Standard" weight="400" isBold="False" isItalic="False"/>
          <text>Component%09Create%09Read%09Update%09Delete%09Admin%09UserGroup%09%09%09%09%09%09MyProfile%09%09%09%09%09</text>
          <textSize>14</textSize>
          <textAlign>HaCenter</textAlign>
          <lineSpacing>0</lineSpacing>
          <useDefaultTextSize>False</useDefaultTextSize>
          <thickness>1</thickness>
          <dashMode>SdSolid</dashMode>
          <tableStyle>tsNone</tableStyle>
          <fontFamily/>
          <fontWeight>Regular</fontWeight>
          <textStyles>[]</textStyles>
          <cells>
            <cell rows="0,0" cols="0,0">
              <fontSize>14</fontSize>
              <fontFamily>Segoe+UI</fontFamily>
              <fontWeight>Bold</fontWeight>
              <textStyles>[fsBold]</textStyles>
              <text>Component</text>
              <textHeight>31</textHeight>
              <font family="Segoe+UI" displayName="Segoe+UI_%26_Bold" postScript="" weightStyle="Bold" weight="700" isBold="True" isItalic="False"/>
            </cell>
            <cell rows="0,0" cols="1,1">
              <fontSize>12</fontSize>
              <textHAlign>HaLeft</textHAlign>
              <fontFamily>Segoe+UI</fontFamily>
              <fontWeight>Standard</fontWeight>
              <textStyles>[]</textStyles>
              <text>Create</text>
              <textHeight>28</textHeight>
              <font family="Segoe+UI" displayName="Segoe+UI" postScript="" weightStyle="Standard" weight="400" isBold="False" isItalic="False"/>
            </cell>
            <cell rows="0,0" cols="2,2">
              <textHAlign>HaLeft</textHAlign>
              <fontFamily>Segoe+UI</fontFamily>
              <fontWeight>Standard</fontWeight>
              <textStyles>[]</textStyles>
              <text>Read</text>
              <textHeight>28</textHeight>
              <font family="Segoe+UI" displayName="Segoe+UI" postScript="" weightStyle="Standard" weight="400" isBold="False" isItalic="False"/>
            </cell>
            <cell rows="0,0" cols="3,3">
              <textHAlign>HaLeft</textHAlign>
              <fontFamily>Segoe+UI</fontFamily>
              <fontWeight>Standard</fontWeight>
              <textStyles>[]</textStyles>
              <text>Update</text>
              <textHeight>28</textHeight>
              <font family="Segoe+UI" displayName="Segoe+UI" postScript="" weightStyle="Standard" weight="400" isBold="False" isItalic="False"/>
            </cell>
            <cell rows="0,0" cols="4,4">
              <textHAlign>HaLeft</textHAlign>
              <fontFamily>Segoe+UI</fontFamily>
              <fontWeight>Standard</fontWeight>
              <textStyles>[]</textStyles>
              <text>Delete</text>
              <textHeight>28</textHeight>
              <font family="Segoe+UI" displayName="Segoe+UI" postScript="" weightStyle="Standard" weight="400" isBold="False" isItalic="False"/>
            </cell>
            <cell rows="0,0" cols="5,5">
              <textHAlign>HaLeft</textHAlign>
              <fontFamily>Segoe+UI</fontFamily>
              <fontWeight>Standard</fontWeight>
              <textStyles>[]</textStyles>
              <text>Admin</text>
              <textHeight>28</textHeight>
              <font family="Segoe+UI" displayName="Segoe+UI" postScript="" weightStyle="Standard" weight="400" isBold="False" isItalic="False"/>
            </cell>
            <cell rows="1,1" cols="0,0">
              <fontFamily>Segoe+UI</fontFamily>
              <fontWeight>Standard</fontWeight>
              <textStyles>[]</textStyles>
              <text>UserGroup</text>
              <textHeight>28</textHeight>
              <font family="Segoe+UI" displayName="Segoe+UI" postScript="" weightStyle="Standard" weight="400" isBold="False" isItalic="False"/>
            </cell>
            <cell rows="1,1" cols="1,1">
              <fontFamily>Segoe+UI</fontFamily>
              <fontWeight>Standard</fontWeight>
              <textStyles>[]</textStyles>
              <textHeight>12</textHeight>
              <font family="Segoe+UI" displayName="Segoe+UI" postScript="" weightStyle="Standard" weight="400" isBold="False" isItalic="False"/>
            </cell>
            <cell rows="1,1" cols="2,2">
              <fontFamily>Segoe+UI</fontFamily>
              <fontWeight>Standard</fontWeight>
              <textStyles>[]</textStyles>
              <textHeight>12</textHeight>
              <font family="Segoe+UI" displayName="Segoe+UI" postScript="" weightStyle="Standard" weight="400" isBold="False" isItalic="False"/>
            </cell>
            <cell rows="1,1" cols="3,3">
              <fontFamily>Segoe+UI</fontFamily>
              <fontWeight>Standard</fontWeight>
              <textStyles>[]</textStyles>
              <textHeight>12</textHeight>
              <font family="Segoe+UI" displayName="Segoe+UI" postScript="" weightStyle="Standard" weight="400" isBold="False" isItalic="False"/>
            </cell>
            <cell rows="1,1" cols="4,4">
              <fontFamily>Segoe+UI</fontFamily>
              <fontWeight>Standard</fontWeight>
              <textStyles>[]</textStyles>
              <textHeight>12</textHeight>
              <font family="Segoe+UI" displayName="Segoe+UI" postScript="" weightStyle="Standard" weight="400" isBold="False" isItalic="False"/>
            </cell>
            <cell rows="1,1" cols="5,5">
              <fontFamily>Segoe+UI</fontFamily>
              <fontWeight>Standard</fontWeight>
              <textStyles>[]</textStyles>
              <textHeight>12</textHeight>
              <font family="Segoe+UI" displayName="Segoe+UI" postScript="" weightStyle="Standard" weight="400" isBold="False" isItalic="False"/>
            </cell>
            <cell rows="2,2" cols="0,0">
              <fontFamily>Segoe+UI</fontFamily>
              <fontWeight>Standard</fontWeight>
              <textStyles>[]</textStyles>
              <text>MyProfile</text>
              <textHeight>28</textHeight>
              <font family="Segoe+UI" displayName="Segoe+UI" postScript="" weightStyle="Standard" weight="400" isBold="False" isItalic="False"/>
            </cell>
            <cell rows="2,2" cols="1,1">
              <fontFamily>Segoe+UI</fontFamily>
              <fontWeight>Standard</fontWeight>
              <textStyles>[]</textStyles>
              <textHeight>12</textHeight>
              <font family="Segoe+UI" displayName="Segoe+UI" postScript="" weightStyle="Standard" weight="400" isBold="False" isItalic="False"/>
            </cell>
            <cell rows="2,2" cols="2,2">
              <fontFamily>Segoe+UI</fontFamily>
              <fontWeight>Standard</fontWeight>
              <textStyles>[]</textStyles>
              <textHeight>12</textHeight>
              <font family="Segoe+UI" displayName="Segoe+UI" postScript="" weightStyle="Standard" weight="400" isBold="False" isItalic="False"/>
            </cell>
            <cell rows="2,2" cols="3,3">
              <fontFamily>Segoe+UI</fontFamily>
              <fontWeight>Standard</fontWeight>
              <textStyles>[]</textStyles>
              <textHeight>12</textHeight>
              <font family="Segoe+UI" displayName="Segoe+UI" postScript="" weightStyle="Standard" weight="400" isBold="False" isItalic="False"/>
            </cell>
            <cell rows="2,2" cols="4,4">
              <fontFamily>Segoe+UI</fontFamily>
              <fontWeight>Standard</fontWeight>
              <textStyles>[]</textStyles>
              <textHeight>12</textHeight>
              <font family="Segoe+UI" displayName="Segoe+UI" postScript="" weightStyle="Standard" weight="400" isBold="False" isItalic="False"/>
            </cell>
            <cell rows="2,2" cols="5,5">
              <fontFamily>Segoe+UI</fontFamily>
              <fontWeight>Standard</fontWeight>
              <textStyles>[]</textStyles>
              <textHeight>12</textHeight>
              <font family="Segoe+UI" displayName="Segoe+UI" postScript="" weightStyle="Standard" weight="400" isBold="False" isItalic="False"/>
            </cell>
          </cells>
          <rows>
            <row height="31">
              <fontFamily/>
              <fontWeight>Regular</fontWeight>
              <textStyles>[]</textStyles>
              <isAutoRowHeight>True</isAutoRowHeight>
            </row>
            <row height="30">
              <fontFamily/>
              <fontWeight>Regular</fontWeight>
              <textStyles>[]</textStyles>
              <isAutoRowHeight>True</isAutoRowHeight>
            </row>
            <row height="33">
              <fontFamily/>
              <fontWeight>Regular</fontWeight>
              <textStyles>[]</textStyles>
              <isAutoRowHeight>False</isAutoRowHeight>
            </row>
          </rows>
          <cols>
            <col width="216">
              <fontFamily/>
              <fontWeight>Regular</fontWeight>
              <textStyles>[]</textStyles>
            </col>
            <col width="60">
              <fontFamily/>
              <fontWeight>Regular</fontWeight>
              <textStyles>[]</textStyles>
            </col>
            <col width="60">
              <fontFamily/>
              <fontWeight>Regular</fontWeight>
              <textStyles>[]</textStyles>
            </col>
            <col width="60">
              <fontFamily/>
              <fontWeight>Regular</fontWeight>
              <textStyles>[]</textStyles>
            </col>
            <col width="60">
              <fontFamily/>
              <fontWeight>Regular</fontWeight>
              <textStyles>[]</textStyles>
            </col>
            <col width="60">
              <fontFamily/>
              <fontWeight>Regular</fontWeight>
              <textStyles>[]</textStyles>
            </col>
          </cols>
        </control>
        <control controlID="FF4E1FE7-8EBA-4108-B831-3B29ECD440F8" controlTypeID="CheckBox" x="278" y="42" w="13" h="13" zOrder="2">
          <font family="Segoe+UI" displayName="Segoe+UI" postScript="" weightStyle="Standard" weight="400" isBold="False" isItalic="False"/>
          <lineSpacing>0</lineSpacing>
          <selectedIndex>-1</selectedIndex>
        </control>
        <control controlID="25366CD2-B2C2-4255-8FF1-73375458FEEA" controlTypeID="CheckBox" x="278" y="74" w="13" h="13" zOrder="3">
          <font family="Segoe+UI" displayName="Segoe+UI" postScript="" weightStyle="Standard" weight="400" isBold="False" isItalic="False"/>
          <lineSpacing>0</lineSpacing>
          <selectedIndex>-1</selectedIndex>
          <state>MfEnabled</state>
        </control>
        <control controlID="1E96AB36-9B79-47F8-A09B-B1630035A957" controlTypeID="CheckBox" x="339" y="42" w="13" h="13" zOrder="4">
          <font family="Segoe+UI" displayName="Segoe+UI" postScript="" weightStyle="Standard" weight="400" isBold="False" isItalic="False"/>
          <lineSpacing>0</lineSpacing>
          <selectedIndex>-1</selectedIndex>
        </control>
        <control controlID="5C056B0D-369A-4A26-BD64-2B0E2309AB95" controlTypeID="CheckBox" x="340" y="74" w="13" h="13" zOrder="5">
          <font family="Segoe+UI" displayName="Segoe+UI" postScript="" weightStyle="Standard" weight="400" isBold="False" isItalic="False"/>
          <lineSpacing>0</lineSpacing>
          <selectedIndex>-1</selectedIndex>
        </control>
        <control controlID="026B639D-8828-4AB9-9A16-6E3F97366C2D" controlTypeID="CheckBox" x="398" y="42" w="13" h="13" zOrder="6">
          <font family="Segoe+UI" displayName="Segoe+UI" postScript="" weightStyle="Standard" weight="400" isBold="False" isItalic="False"/>
          <lineSpacing>0</lineSpacing>
          <selectedIndex>-1</selectedIndex>
        </control>
        <control controlID="42E7D3CA-8E91-4171-8C3C-90D643A64BCD" controlTypeID="CheckBox" x="398" y="74" w="13" h="13" zOrder="7">
          <font family="Segoe+UI" displayName="Segoe+UI" postScript="" weightStyle="Standard" weight="400" isBold="False" isItalic="False"/>
          <lineSpacing>0</lineSpacing>
          <selectedIndex>-1</selectedIndex>
        </control>
        <control controlID="FE93EF74-6AC8-4E6B-98CF-9397D561E5BF" controlTypeID="CheckBox" x="460" y="74" w="13" h="13" zOrder="8">
          <font family="Segoe+UI" displayName="Segoe+UI" postScript="" weightStyle="Standard" weight="400" isBold="False" isItalic="False"/>
          <lineSpacing>0</lineSpacing>
          <selectedIndex>-1</selectedIndex>
          <state>MfEnabled</state>
        </control>
        <control controlID="7767F141-F8B3-4433-A3EA-CE2DF655A7D3" controlTypeID="CheckBox" x="459" y="42" w="13" h="13" zOrder="9">
          <font family="Segoe+UI" displayName="Segoe+UI" postScript="" weightStyle="Standard" weight="400" isBold="False" isItalic="False"/>
          <lineSpacing>0</lineSpacing>
          <selectedIndex>-1</selectedIndex>
        </control>
        <control controlID="FE46A457-1AE2-499D-A696-BE9E0A15FE66" controlTypeID="CheckBox" x="518" y="42" w="13" h="13" zOrder="10">
          <font family="Segoe+UI" displayName="Segoe+UI" postScript="" weightStyle="Standard" weight="400" isBold="False" isItalic="False"/>
          <lineSpacing>0</lineSpacing>
          <selectedIndex>-1</selectedIndex>
        </control>
        <control controlID="0A0FCAEA-99BA-4D0C-B3E6-A4EC99F33E5C" controlTypeID="CheckBox" x="518" y="74" w="13" h="13" zOrder="11">
          <font family="Segoe+UI" displayName="Segoe+UI" postScript="" weightStyle="Standard" weight="400" isBold="False" isItalic="False"/>
          <lineSpacing>0</lineSpacing>
          <selectedIndex>-1</selectedIndex>
          <state>MfEnabled</state>
        </control>
        <control controlID="4CA99C03-143B-4839-966F-0C8BF16D62C7" controlTypeID="CheckBox" x="297" y="10" w="13" h="13" zOrder="12">
          <font family="Segoe+UI" displayName="Segoe+UI" postScript="" weightStyle="Standard" weight="400" isBold="False" isItalic="False"/>
          <lineSpacing>0</lineSpacing>
          <selectedIndex>-1</selectedIndex>
          <state>MfEnabled</state>
        </control>
        <control controlID="3152DB95-C145-4F6F-8695-7F67C4732729" controlTypeID="CheckBox" x="357" y="10" w="13" h="13" zOrder="13">
          <font family="Segoe+UI" displayName="Segoe+UI" postScript="" weightStyle="Standard" weight="400" isBold="False" isItalic="False"/>
          <lineSpacing>0</lineSpacing>
          <selectedIndex>-1</selectedIndex>
        </control>
        <control controlID="8113032E-8EF5-422C-A268-F8FB3B9F674B" controlTypeID="CheckBox" x="418" y="10" w="13" h="13" zOrder="14">
          <font family="Segoe+UI" displayName="Segoe+UI" postScript="" weightStyle="Standard" weight="400" isBold="False" isItalic="False"/>
          <lineSpacing>0</lineSpacing>
          <selectedIndex>-1</selectedIndex>
        </control>
        <control controlID="CF0915F9-3B63-433E-AFEC-29F2611E5CDA" controlTypeID="CheckBox" x="477" y="10" w="13" h="13" zOrder="15">
          <font family="Segoe+UI" displayName="Segoe+UI" postScript="" weightStyle="Standard" weight="400" isBold="False" isItalic="False"/>
          <lineSpacing>0</lineSpacing>
          <selectedIndex>-1</selectedIndex>
          <state>MfEnabled</state>
        </control>
        <control controlID="7B367AAE-4928-4BD8-B9A0-1300634DA36A" controlTypeID="CheckBox" x="535" y="10" w="13" h="13" zOrder="16">
          <font family="Segoe+UI" displayName="Segoe+UI" postScript="" weightStyle="Standard" weight="400" isBold="False" isItalic="False"/>
          <lineSpacing>0</lineSpacing>
          <selectedIndex>-1</selectedIndex>
          <state>MfEnabled</state>
        </control>
      </groupChildrenDescriptors>
    </control>
    <control controlID="522C8399-867F-43DF-B487-3C9A49604747" controlTypeID="Label" x="431" y="86" w="238" h="38" zOrder="9">
      <ShadowBlur>0</ShadowBlur>
      <font family="Segoe+UI" displayName="Segoe+UI" postScript="" weightStyle="Standard" weight="400" isBold="False" isItalic="False"/>
      <text>Update+User+Group</text>
      <textColor>4284900966</textColor>
      <textSize>28</textSize>
      <lineSpacing>0</lineSpacing>
      <useDefaultTextSize>False</useDefaultTextSize>
      <selectedIndex>-1</selectedIndex>
    </control>
  </controls>
  <param>
    <backgroundColor>4294967295</backgroundColor>
    <fontSize>14</fontSize>
    <fontFamily>Segoe+UI</fontFamily>
    <guideLines/>
  </param>
</mockup>