﻿<mockup version="5.2" minAllowVersion="5.2" ID="393A58B6-141F-4FD9-A983-10A014DF0C00" platform="MtWeb" defaultW="1100" defaultH="1000" measureW="1100" measureH="1000" mobileScreenScale="0">
  <controls controlCount="67">
    <control controlID="7CE433F1-C562-487A-AAD1-E865A89A7D90" controlTypeID="__group__" x="0" y="0" w="1100" h="70" zOrder="0">
      <ShadowBlur>0</ShadowBlur>
      <groupChildrenDescriptors>
        <control controlID="6E9950C7-D3C4-45E2-BCDC-CB3D612F666E" controlTypeID="Panel" x="0" y="0" w="1100" h="70" zOrder="0">
          <color>4280642473</color>
          <borderColor>4280642473</borderColor>
          <ShadowBlur>0</ShadowBlur>
          <groupChildrenDescriptors>
            <control controlID="32A69F0E-38F1-4199-B096-FA613CE0D94B" controlTypeID="Border" x="0" y="0" w="1100" h="70" zOrder="0">
              <borderColor>4280642473</borderColor>
              <alias>borderLayer</alias>
              <ShadowBlur>0</ShadowBlur>
            </control>
          </groupChildrenDescriptors>
          <thinkness>1</thinkness>
        </control>
        <control controlID="64BDE9CC-B9BA-4CB7-A80D-6BFBDE1C00E6" controlTypeID="__group__" x="30" y="10" w="1033" h="50" zOrder="1">
          <ShadowBlur>0</ShadowBlur>
          <groupChildrenDescriptors>
            <control controlID="E60B02E9-BE4D-4D7A-AB34-759B5F3B928C" controlTypeID="Image" x="0" y="0" w="50" h="50" zOrder="0">
              <ShadowBlur>0</ShadowBlur>
              <URL>976481E0FBEB84C2585025769B665392.png</URL>
            </control>
            <control controlID="8CDA749D-FCB4-45B4-91D0-4B8A1284980A" controlTypeID="__group__" x="113" y="17" w="42" h="24" zOrder="1">
              <ShadowBlur>0</ShadowBlur>
              <groupChildrenDescriptors>
                <control controlID="9A7A9131-7392-4325-931C-E04E5FBC67B3" controlTypeID="Label" x="12" y="0" w="30" h="24" zOrder="0">
                  <ShadowBlur>0</ShadowBlur>
                  <font family="Segoe+UI" displayName="Segoe+UI" postScript="" weightStyle="Standard" weight="400" isBold="False" isItalic="False"/>
                  <text>sers</text>
                  <textColor>4290689342</textColor>
                  <textSize>18</textSize>
                  <lineSpacing>0</lineSpacing>
                  <useDefaultTextSize>False</useDefaultTextSize>
                  <selectedIndex>-1</selectedIndex>
                </control>
                <control controlID="D4BF0468-C904-4DF4-AEAA-8E3BB49EBE7A" controlTypeID="Label" x="0" y="0" w="11" h="24" zOrder="1">
                  <ShadowBlur>0</ShadowBlur>
                  <font family="Segoe+UI" displayName="Segoe+UI" postScript="" weightStyle="Standard" weight="400" isBold="False" isItalic="False"/>
                  <text>U</text>
                  <textColor>4290689342</textColor>
                  <textSize>18</textSize>
                  <lineSpacing>0</lineSpacing>
                  <textStyles>[fsUnderline]</textStyles>
                  <useDefaultTextSize>False</useDefaultTextSize>
                  <selectedIndex>-1</selectedIndex>
                </control>
              </groupChildrenDescriptors>
            </control>
            <control controlID="4FCA7AE9-E4D9-47F3-A4E4-C3AE1B43A1AF" controlTypeID="__group__" x="233" y="18" w="95" h="24" zOrder="2">
              <ShadowBlur>0</ShadowBlur>
              <groupChildrenDescriptors>
                <control controlID="FD35C4B9-F62E-482C-A0AE-6BC99D004428" controlTypeID="Label" x="0" y="0" w="95" h="24" zOrder="0">
                  <ShadowBlur>0</ShadowBlur>
                  <font family="Segoe+UI" displayName="Segoe+UI" postScript="" weightStyle="Standard" weight="400" isBold="False" isItalic="False"/>
                  <text>User+++roups</text>
                  <textColor>4294967295</textColor>
                  <textSize>18</textSize>
                  <lineSpacing>0</lineSpacing>
                  <useDefaultTextSize>False</useDefaultTextSize>
                  <selectedIndex>-1</selectedIndex>
                </control>
                <control controlID="CCB5CAFD-7747-4BFF-9D0B-0FB6B1F10FE6" controlTypeID="Label" x="39" y="0" w="11" h="24" zOrder="1">
                  <ShadowBlur>0</ShadowBlur>
                  <font family="Segoe+UI" displayName="Segoe+UI" postScript="" weightStyle="Standard" weight="400" isBold="False" isItalic="False"/>
                  <text>G</text>
                  <textColor>4290689342</textColor>
                  <textSize>18</textSize>
                  <lineSpacing>0</lineSpacing>
                  <textStyles>[fsUnderline]</textStyles>
                  <useDefaultTextSize>False</useDefaultTextSize>
                  <selectedIndex>-1</selectedIndex>
                </control>
              </groupChildrenDescriptors>
            </control>
            <control controlID="8A509C8C-5AE6-4BCD-AEAE-4AC6AA98E7BB" controlTypeID="__group__" x="968" y="16" w="65" h="25" zOrder="3">
              <ShadowBlur>0</ShadowBlur>
              <groupChildrenDescriptors>
                <control controlID="0615EC65-27AA-458C-9A68-536F3EA2F2B3" controlTypeID="Label" x="0" y="0" w="65" h="24" zOrder="0">
                  <ShadowBlur>0</ShadowBlur>
                  <font family="Segoe+UI" displayName="Segoe+UI" postScript="" weightStyle="Standard" weight="400" isBold="False" isItalic="False"/>
                  <text>Log++++ut</text>
                  <textColor>4294967295</textColor>
                  <textSize>18</textSize>
                  <lineSpacing>0</lineSpacing>
                  <useDefaultTextSize>False</useDefaultTextSize>
                  <selectedIndex>-1</selectedIndex>
                </control>
                <control controlID="FCEB4389-7866-462E-B56D-79680EADDF6D" controlTypeID="Label" x="36" y="1" w="13" h="24" zOrder="1">
                  <ShadowBlur>0</ShadowBlur>
                  <font family="Segoe+UI" displayName="Segoe+UI" postScript="" weightStyle="Standard" weight="400" isBold="False" isItalic="False"/>
                  <text>O</text>
                  <textColor>4290689342</textColor>
                  <textSize>18</textSize>
                  <lineSpacing>0</lineSpacing>
                  <textStyles>[fsUnderline]</textStyles>
                  <useDefaultTextSize>False</useDefaultTextSize>
                  <selectedIndex>-1</selectedIndex>
                </control>
              </groupChildrenDescriptors>
            </control>
            <control controlID="35A7574F-0103-4191-B0E7-9B1401F5CBF0" controlTypeID="__group__" x="818" y="16" w="80" h="24" zOrder="4">
              <ShadowBlur>0</ShadowBlur>
              <groupChildrenDescriptors>
                <control controlID="75EA0639-0EAF-43F8-940D-C7555A93F30E" controlTypeID="Label" x="0" y="0" w="80" h="24" zOrder="0">
                  <ShadowBlur>0</ShadowBlur>
                  <font family="Segoe+UI" displayName="Segoe+UI" postScript="" weightStyle="Standard" weight="400" isBold="False" isItalic="False"/>
                  <text>My+++rofile</text>
                  <textColor>4294967295</textColor>
                  <textSize>18</textSize>
                  <lineSpacing>0</lineSpacing>
                  <useDefaultTextSize>False</useDefaultTextSize>
                  <selectedIndex>-1</selectedIndex>
                </control>
                <control controlID="C2407EC8-B1D6-40CE-8CB7-F58DD82CD41F" controlTypeID="Label" x="29" y="0" w="9" h="24" zOrder="1">
                  <ShadowBlur>0</ShadowBlur>
                  <font family="Segoe+UI" displayName="Segoe+UI" postScript="" weightStyle="Standard" weight="400" isBold="False" isItalic="False"/>
                  <text>P</text>
                  <textColor>4290689342</textColor>
                  <textSize>18</textSize>
                  <lineSpacing>0</lineSpacing>
                  <textStyles>[fsUnderline]</textStyles>
                  <useDefaultTextSize>False</useDefaultTextSize>
                  <selectedIndex>-1</selectedIndex>
                </control>
              </groupChildrenDescriptors>
            </control>
            <control controlID="9EB130F5-1D64-4BA3-B04E-59C4B29B814F" controlTypeID="Icon" x="78" y="14" w="30" h="30" zOrder="5">
              <color>4290689342</color>
              <ShadowBlur>0</ShadowBlur>
              <icon>
                <ID/>
                <iconFontName>jdIonicons</iconFontName>
                <iconCode>62366</iconCode>
              </icon>
              <URL>CB1D4BD70EFAF9D0D63B9D0659D62AAA.svg</URL>
            </control>
            <control controlID="791F590A-7D8D-4DBC-9CD2-B836E5CF84C6" controlTypeID="Icon" x="198" y="14" w="30" h="30" zOrder="6">
              <color>4290689342</color>
              <ShadowBlur>0</ShadowBlur>
              <icon>
                <ID/>
                <iconFontName>jdIcoMoonFree</iconFontName>
                <iconCode>59762</iconCode>
              </icon>
              <URL>119C857C4792E02327F609276285EAD8.svg</URL>
            </control>
            <control controlID="2E79194A-FADA-402F-B060-9F3771623483" controlTypeID="Icon" x="784" y="14" w="30" h="30" zOrder="7">
              <color>4290689342</color>
              <ShadowBlur>0</ShadowBlur>
              <icon>
                <ID/>
                <iconFontName>jdIonicons</iconFontName>
                <iconCode>62489</iconCode>
              </icon>
              <URL>E7D27E7A00FA7023CB70F7694DE9F06F.svg</URL>
            </control>
            <control controlID="618CB0AC-B9FF-41C8-9EF9-743A03836CE0" controlTypeID="Icon" x="933" y="14" w="30" h="30" zOrder="8">
              <color>4290689342</color>
              <ShadowBlur>0</ShadowBlur>
              <icon>
                <ID/>
                <iconFontName>jdIonicons</iconFontName>
                <iconCode>62111</iconCode>
              </icon>
              <URL>3C8DF9DE80057200F41F28DCE285D271.svg</URL>
            </control>
          </groupChildrenDescriptors>
        </control>
      </groupChildrenDescriptors>
    </control>
    <control controlID="375A2D64-573D-4465-8AFE-BA29D4252E50" controlTypeID="__group__" x="0" y="690" w="1100" h="70" zOrder="1">
      <ShadowBlur>0</ShadowBlur>
      <groupChildrenDescriptors>
        <control controlID="D39477D0-2CD8-4115-8D55-39ED498DABAF" controlTypeID="Panel" x="0" y="0" w="1100" h="70" zOrder="0">
          <color>4280642473</color>
          <borderColor>4280642473</borderColor>
          <ShadowBlur>0</ShadowBlur>
          <groupChildrenDescriptors>
            <control controlID="4201B405-472F-41B6-B5D6-C8E1E6B7143A" controlTypeID="Border" x="0" y="0" w="1100" h="70" zOrder="0">
              <borderColor>4280642473</borderColor>
              <alias>borderLayer</alias>
              <ShadowBlur>0</ShadowBlur>
            </control>
          </groupChildrenDescriptors>
          <thinkness>1</thinkness>
        </control>
        <control controlID="599116AB-0164-443F-91FE-2DADBCBC4BF0" controlTypeID="Label" x="31" y="21" w="36" h="24" zOrder="1">
          <ShadowBlur>0</ShadowBlur>
          <font family="Segoe+UI" displayName="Segoe+UI" postScript="" weightStyle="Standard" weight="400" isBold="False" isItalic="False"/>
          <text>Help</text>
          <textColor>4294967295</textColor>
          <textSize>18</textSize>
          <lineSpacing>0</lineSpacing>
          <useDefaultTextSize>False</useDefaultTextSize>
          <selectedIndex>-1</selectedIndex>
        </control>
        <control controlID="638C3A96-5655-4FB8-9373-6E9CB749066D" controlTypeID="Label" x="95" y="21" w="75" h="24" zOrder="2">
          <ShadowBlur>0</ShadowBlur>
          <font family="Segoe+UI" displayName="Segoe+UI" postScript="" weightStyle="Standard" weight="400" isBold="False" isItalic="False"/>
          <text>Feedback</text>
          <textColor>4294967295</textColor>
          <textSize>18</textSize>
          <lineSpacing>0</lineSpacing>
          <useDefaultTextSize>False</useDefaultTextSize>
          <selectedIndex>-1</selectedIndex>
        </control>
        <control controlID="855CA5E6-317B-414E-95E4-79DD458F3ED2" controlTypeID="Label" x="207" y="21" w="57" h="24" zOrder="3">
          <ShadowBlur>0</ShadowBlur>
          <font family="Segoe+UI" displayName="Segoe+UI" postScript="" weightStyle="Standard" weight="400" isBold="False" isItalic="False"/>
          <text>Imprint</text>
          <textColor>4294967295</textColor>
          <textSize>18</textSize>
          <lineSpacing>0</lineSpacing>
          <useDefaultTextSize>False</useDefaultTextSize>
          <selectedIndex>-1</selectedIndex>
        </control>
        <control controlID="9F5E1F72-EC7D-45EB-A60C-B3E83D974057" controlTypeID="Label" x="830" y="24" w="250" h="24" zOrder="4">
          <ShadowBlur>0</ShadowBlur>
          <font family="Segoe+UI" displayName="Segoe+UI" postScript="" weightStyle="Standard" weight="400" isBold="False" isItalic="False"/>
          <text>%C2%A9+Copyright+201%3F+becon+GmbH</text>
          <textColor>4294967295</textColor>
          <textSize>18</textSize>
          <lineSpacing>0</lineSpacing>
          <useDefaultTextSize>False</useDefaultTextSize>
          <selectedIndex>-1</selectedIndex>
        </control>
      </groupChildrenDescriptors>
    </control>
    <control controlID="F63220CA-D455-410D-8ED1-5DB9F083E9F8" controlTypeID="Shape" x="0" y="70" w="1100" h="620" zOrder="2">
      <verticalScrollbarShow>True</verticalScrollbarShow>
      <ShadowBlur>0</ShadowBlur>
      <font family="Segoe+UI" displayName="Segoe+UI" postScript="" weightStyle="Standard" weight="400" isBold="False" isItalic="False"/>
      <textSize>14</textSize>
      <selectedIndex>-1</selectedIndex>
    </control>
    <control controlID="121C8CA3-AA5A-4F88-B599-C12F0ACEC014" controlTypeID="Label" x="489" y="80" w="122" h="38" zOrder="3">
      <ShadowBlur>0</ShadowBlur>
      <font family="Segoe+UI" displayName="Segoe+UI" postScript="" weightStyle="Standard" weight="400" isBold="False" isItalic="False"/>
      <text>View+User</text>
      <textColor>4284900966</textColor>
      <textSize>28</textSize>
      <lineSpacing>0</lineSpacing>
      <useDefaultTextSize>False</useDefaultTextSize>
      <selectedIndex>-1</selectedIndex>
    </control>
    <control controlID="343CFA9B-516A-459B-8482-E9DA311AA638" controlTypeID="__group__" x="252" y="655" w="111" h="27" zOrder="4">
      <ShadowBlur>0</ShadowBlur>
      <groupChildrenDescriptors>
        <control controlID="75B19302-E538-4776-9F07-5AB2DBFCD7F3" controlTypeID="Icon" x="0" y="0" w="27" h="27" zOrder="0">
          <color>4278190080</color>
          <ShadowBlur>0</ShadowBlur>
          <icon>
            <ID/>
            <iconFontName>jdIonicons</iconFontName>
            <iconCode>62547</iconCode>
          </icon>
          <URL>23C89C10F7B3376AE4E32DC5E7C501A2.svg</URL>
        </control>
        <control controlID="EFACCB29-4E03-4BC2-BD68-7895172CE4D9" controlTypeID="Label" x="31" y="0" w="80" h="27" zOrder="1">
          <ShadowBlur>0</ShadowBlur>
          <font family="Segoe+UI" displayName="Segoe+UI_%26_Bold" postScript="" weightStyle="Bold" weight="700" isBold="True" isItalic="False"/>
          <text>User+List</text>
          <textSize>20</textSize>
          <lineSpacing>0</lineSpacing>
          <textStyles>[fsBold]</textStyles>
          <useDefaultTextSize>False</useDefaultTextSize>
          <selectedIndex>-1</selectedIndex>
        </control>
      </groupChildrenDescriptors>
    </control>
    <control controlID="E08170EC-A6D8-44C2-AF6E-91D47D552833" controlTypeID="Panel" x="252" y="140" w="596" h="495" zOrder="5">
      <ShadowBlur>0</ShadowBlur>
      <groupChildrenDescriptors>
        <control controlID="83BD897F-3CC2-4364-BFDE-FA5546EE0B42" controlTypeID="Border" x="0" y="0" w="596" h="495" zOrder="0">
          <alias>borderLayer</alias>
          <ShadowBlur>0</ShadowBlur>
          <dashMode>SdDash</dashMode>
        </control>
      </groupChildrenDescriptors>
      <thinkness>1</thinkness>
      <dashMode>SdDash</dashMode>
    </control>
    <control controlID="F006EC96-EF2D-4992-8FCF-AE9E3016037E" controlTypeID="Image" x="669" y="160" w="149" h="144" zOrder="6">
      <ShadowBlur>0</ShadowBlur>
      <URL>342E995849FF1332274CA5C809F35463.jpg</URL>
    </control>
    <control controlID="C1E3FE04-CAB0-4B63-97DB-138CDBB7FE88" controlTypeID="__group__" x="669" y="325" w="127" h="11" zOrder="7">
      <ShadowBlur>0</ShadowBlur>
      <groupChildrenDescriptors>
        <control controlID="B8F17CC8-906B-4015-A883-957CF25274EF" controlTypeID="Label" x="0" y="0" w="53" h="11" zOrder="0">
          <ShadowBlur>0</ShadowBlur>
          <font family="Segoe+UI" displayName="Segoe+UI" postScript="" weightStyle="Standard" weight="400" isBold="False" isItalic="False"/>
          <text>Last+time+login%3A</text>
          <textSize>8</textSize>
          <lineSpacing>0</lineSpacing>
          <useDefaultTextSize>False</useDefaultTextSize>
          <selectedIndex>-1</selectedIndex>
        </control>
        <control controlID="33AC22C2-A524-41F4-A165-62378F54FBC8" controlTypeID="Label" x="68" y="0" w="59" h="11" zOrder="1">
          <ShadowBlur>0</ShadowBlur>
          <font family="Segoe+UI" displayName="Segoe+UI" postScript="" weightStyle="Standard" weight="400" isBold="False" isItalic="False"/>
          <text>16%3A05+05.06.2018</text>
          <textSize>8</textSize>
          <lineSpacing>0</lineSpacing>
          <useDefaultTextSize>False</useDefaultTextSize>
          <selectedIndex>-1</selectedIndex>
        </control>
      </groupChildrenDescriptors>
    </control>
    <control controlID="19913967-BD5B-4F0E-AF06-70159078361C" controlTypeID="Label" x="669" y="305" w="149" h="19" zOrder="8">
      <ShadowBlur>0</ShadowBlur>
      <font family="Segoe+UI" displayName="Segoe+UI" postScript="" weightStyle="Standard" weight="400" isBold="False" isItalic="False"/>
      <text>bob.mustaev@becon.de</text>
      <lineSpacing>0</lineSpacing>
      <textStyles>[fsUnderline]</textStyles>
      <useDefaultTextSize>False</useDefaultTextSize>
      <selectedIndex>-1</selectedIndex>
    </control>
    <control controlID="DE4D6B8A-0806-457A-A67A-F60DCCE7A64B" controlTypeID="__group__" x="282" y="184" w="82" h="99" zOrder="9">
      <groupChildrenDescriptors>
        <control controlID="FF11C0DA-0F4B-4265-9673-6D5EB9547346" controlTypeID="Label" x="0" y="0" w="39" h="19" zOrder="0">
          <ShadowBlur>0</ShadowBlur>
          <font family="Segoe+UI" displayName="Segoe+UI" postScript="" weightStyle="Standard" weight="400" isBold="False" isItalic="False"/>
          <text>Name%3A</text>
          <lineSpacing>0</lineSpacing>
          <useDefaultTextSize>False</useDefaultTextSize>
          <selectedIndex>-1</selectedIndex>
        </control>
        <control controlID="5F71393D-541D-445E-837E-2C0C26D5B317" controlTypeID="Label" x="0" y="20" w="42" h="19" zOrder="1">
          <ShadowBlur>0</ShadowBlur>
          <font family="Segoe+UI" displayName="Segoe+UI" postScript="" weightStyle="Standard" weight="400" isBold="False" isItalic="False"/>
          <text>Phone%3A</text>
          <lineSpacing>0</lineSpacing>
          <useDefaultTextSize>False</useDefaultTextSize>
          <selectedIndex>-1</selectedIndex>
        </control>
        <control controlID="BFE26407-DCE3-405F-A01C-31F3F315A216" controlTypeID="Label" x="0" y="40" w="76" h="19" zOrder="2">
          <ShadowBlur>0</ShadowBlur>
          <font family="Segoe+UI" displayName="Segoe+UI" postScript="" weightStyle="Standard" weight="400" isBold="False" isItalic="False"/>
          <text>Department%3A</text>
          <lineSpacing>0</lineSpacing>
          <useDefaultTextSize>False</useDefaultTextSize>
          <selectedIndex>-1</selectedIndex>
        </control>
        <control controlID="556D2960-629E-4A31-8DAB-8A1264A468BA" controlTypeID="Label" x="0" y="60" w="82" h="19" zOrder="3">
          <ShadowBlur>0</ShadowBlur>
          <font family="Segoe+UI" displayName="Segoe+UI" postScript="" weightStyle="Standard" weight="400" isBold="False" isItalic="False"/>
          <text>Organization%3A</text>
          <lineSpacing>0</lineSpacing>
          <useDefaultTextSize>False</useDefaultTextSize>
          <selectedIndex>-1</selectedIndex>
        </control>
        <control controlID="F3EF81B9-DB3E-4127-9C2F-BC0492C8BB25" controlTypeID="Label" x="0" y="80" w="64" h="19" zOrder="4">
          <ShadowBlur>0</ShadowBlur>
          <font family="Segoe+UI" displayName="Segoe+UI" postScript="" weightStyle="Standard" weight="400" isBold="False" isItalic="False"/>
          <text>Salutation%3A</text>
          <lineSpacing>0</lineSpacing>
          <useDefaultTextSize>False</useDefaultTextSize>
          <selectedIndex>-1</selectedIndex>
        </control>
      </groupChildrenDescriptors>
    </control>
    <control controlID="46E90392-D3C4-472C-83D7-892C016F47DD" controlTypeID="__group__" x="387" y="184" w="111" h="99" zOrder="10">
      <groupChildrenDescriptors>
        <control controlID="41EA326A-3DDC-42B8-B873-E5E2F3CC0DB4" controlTypeID="Label" x="30" y="0" w="81" h="19" zOrder="0">
          <ShadowBlur>0</ShadowBlur>
          <font family="Segoe+UI" displayName="Segoe+UI" postScript="" weightStyle="Standard" weight="400" isBold="False" isItalic="False"/>
          <text>Bob+Mustaev</text>
          <textAlign>HaRight</textAlign>
          <lineSpacing>0</lineSpacing>
          <useDefaultTextSize>False</useDefaultTextSize>
          <selectedIndex>-1</selectedIndex>
        </control>
        <control controlID="5BBB62F6-8D7A-4290-9F4A-D2FC7808061D" controlTypeID="Label" x="0" y="20" w="111" h="19" zOrder="1">
          <ShadowBlur>0</ShadowBlur>
          <font family="Segoe+UI" displayName="Segoe+UI" postScript="" weightStyle="Standard" weight="400" isBold="False" isItalic="False"/>
          <text>%2B99830+302+03+23</text>
          <textAlign>HaRight</textAlign>
          <lineSpacing>0</lineSpacing>
          <useDefaultTextSize>False</useDefaultTextSize>
          <selectedIndex>-1</selectedIndex>
        </control>
        <control controlID="A611A9D1-2D78-4506-B1F6-5DF8311D5AE6" controlTypeID="Label" x="49" y="40" w="61" h="19" zOrder="2">
          <ShadowBlur>0</ShadowBlur>
          <font family="Segoe+UI" displayName="Segoe+UI" postScript="" weightStyle="Standard" weight="400" isBold="False" isItalic="False"/>
          <text>Managers</text>
          <textAlign>HaRight</textAlign>
          <lineSpacing>0</lineSpacing>
          <useDefaultTextSize>False</useDefaultTextSize>
          <selectedIndex>-1</selectedIndex>
        </control>
        <control controlID="74EE8C01-0DD1-4CC6-82D2-7CEBC5F85825" controlTypeID="Label" x="79" y="59" w="32" h="19" zOrder="3">
          <ShadowBlur>0</ShadowBlur>
          <font family="Segoe+UI" displayName="Segoe+UI" postScript="" weightStyle="Standard" weight="400" isBold="False" isItalic="False"/>
          <text>Locta</text>
          <lineSpacing>0</lineSpacing>
          <useDefaultTextSize>False</useDefaultTextSize>
          <selectedIndex>-1</selectedIndex>
        </control>
        <control controlID="4ED1A2A9-7127-4923-92F7-A4A2A17BC7E2" controlTypeID="Label" x="92" y="80" w="18" h="19" zOrder="4">
          <ShadowBlur>0</ShadowBlur>
          <font family="Segoe+UI" displayName="Segoe+UI" postScript="" weightStyle="Standard" weight="400" isBold="False" isItalic="False"/>
          <text>Sir.</text>
          <lineSpacing>0</lineSpacing>
          <useDefaultTextSize>False</useDefaultTextSize>
          <selectedIndex>-1</selectedIndex>
        </control>
      </groupChildrenDescriptors>
    </control>
    <control controlID="30B53FF7-7710-43C6-AF08-6881D302EA15" controlTypeID="Label" x="282" y="160" w="87" h="22" zOrder="11">
      <ShadowBlur>0</ShadowBlur>
      <font family="Segoe+UI" displayName="Segoe+UI_%26_Bold" postScript="" weightStyle="Bold" weight="700" isBold="True" isItalic="False"/>
      <text>User+details</text>
      <textSize>16</textSize>
      <lineSpacing>0</lineSpacing>
      <textStyles>[fsBold]</textStyles>
      <useDefaultTextSize>False</useDefaultTextSize>
      <selectedIndex>-1</selectedIndex>
    </control>
    <control controlID="95421D21-3AAE-419B-A7FB-42A7DD07F5A8" controlTypeID="Table" x="282" y="450" w="539" h="164" zOrder="12">
      <ShadowBlur>0</ShadowBlur>
      <font family="Segoe+UI" displayName="Segoe+UI" postScript="" weightStyle="Standard" weight="400" isBold="False" isItalic="False"/>
      <text>Component%2FPermission%09User%09Group%09Connector%09Transaction%09MyProfile%09EventHandler%09create%09%2B%09%2B%09-%09-%09%2B%09%2B%09read%09%2B%09%2B%09%2B%09%2B%09%2B%09%2B%09update%09%2B%09%2B%09-%09-%09%2B%09%2B%09delete%09%2B%09%2B%09-%09-%09%2B%09%2B</text>
      <textSize>14</textSize>
      <textAlign>HaCenter</textAlign>
      <lineSpacing>0</lineSpacing>
      <thickness>1</thickness>
      <dashMode>SdSolid</dashMode>
      <tableStyle>tsNone</tableStyle>
      <fontFamily/>
      <fontWeight>Regular</fontWeight>
      <textStyles>[]</textStyles>
      <cells>
        <cell rows="0,0" cols="0,0">
          <fontFamily>Segoe+UI</fontFamily>
          <fontWeight>Standard</fontWeight>
          <textStyles>[]</textStyles>
          <text>Component%2FPermission</text>
          <textHeight>44</textHeight>
          <font family="Segoe+UI" displayName="Segoe+UI" postScript="" weightStyle="Standard" weight="400" isBold="False" isItalic="False"/>
        </cell>
        <cell rows="0,0" cols="1,1">
          <fontFamily>Segoe+UI</fontFamily>
          <fontWeight>Standard</fontWeight>
          <textStyles>[]</textStyles>
          <text>User</text>
          <textHeight>28</textHeight>
          <font family="Segoe+UI" displayName="Segoe+UI" postScript="" weightStyle="Standard" weight="400" isBold="False" isItalic="False"/>
        </cell>
        <cell rows="0,0" cols="2,2">
          <fontFamily>Segoe+UI</fontFamily>
          <fontWeight>Standard</fontWeight>
          <textStyles>[]</textStyles>
          <text>Group</text>
          <textHeight>28</textHeight>
          <font family="Segoe+UI" displayName="Segoe+UI" postScript="" weightStyle="Standard" weight="400" isBold="False" isItalic="False"/>
        </cell>
        <cell rows="0,0" cols="3,3">
          <fontFamily>Segoe+UI</fontFamily>
          <fontWeight>Standard</fontWeight>
          <textStyles>[]</textStyles>
          <text>Connector</text>
          <textHeight>28</textHeight>
          <font family="Segoe+UI" displayName="Segoe+UI" postScript="" weightStyle="Standard" weight="400" isBold="False" isItalic="False"/>
        </cell>
        <cell rows="0,0" cols="4,4">
          <fontFamily>Segoe+UI</fontFamily>
          <fontWeight>Standard</fontWeight>
          <textStyles>[]</textStyles>
          <text>Transaction</text>
          <textHeight>28</textHeight>
          <font family="Segoe+UI" displayName="Segoe+UI" postScript="" weightStyle="Standard" weight="400" isBold="False" isItalic="False"/>
        </cell>
        <cell rows="0,0" cols="5,5">
          <fontFamily>Segoe+UI</fontFamily>
          <fontWeight>Standard</fontWeight>
          <textStyles>[]</textStyles>
          <text>MyProfile</text>
          <textHeight>28</textHeight>
          <font family="Segoe+UI" displayName="Segoe+UI" postScript="" weightStyle="Standard" weight="400" isBold="False" isItalic="False"/>
        </cell>
        <cell rows="0,0" cols="6,6">
          <fontFamily>Segoe+UI</fontFamily>
          <fontWeight>Standard</fontWeight>
          <textStyles>[]</textStyles>
          <text>EventHandler</text>
          <textHeight>28</textHeight>
          <font family="Segoe+UI" displayName="Segoe+UI" postScript="" weightStyle="Standard" weight="400" isBold="False" isItalic="False"/>
        </cell>
        <cell rows="1,1" cols="0,0">
          <fontFamily>Segoe+UI</fontFamily>
          <fontWeight>Standard</fontWeight>
          <textStyles>[]</textStyles>
          <text>create</text>
          <textHeight>28</textHeight>
          <font family="Segoe+UI" displayName="Segoe+UI" postScript="" weightStyle="Standard" weight="400" isBold="False" isItalic="False"/>
        </cell>
        <cell rows="1,1" cols="1,1">
          <fontFamily>Segoe+UI</fontFamily>
          <fontWeight>Standard</fontWeight>
          <textStyles>[]</textStyles>
          <text>%2B</text>
          <textHeight>28</textHeight>
          <font family="Segoe+UI" displayName="Segoe+UI" postScript="" weightStyle="Standard" weight="400" isBold="False" isItalic="False"/>
        </cell>
        <cell rows="1,1" cols="2,2">
          <fontFamily>Segoe+UI</fontFamily>
          <fontWeight>Standard</fontWeight>
          <textStyles>[]</textStyles>
          <text>%2B</text>
          <textHeight>28</textHeight>
          <font family="Segoe+UI" displayName="Segoe+UI" postScript="" weightStyle="Standard" weight="400" isBold="False" isItalic="False"/>
        </cell>
        <cell rows="1,1" cols="3,3">
          <fontFamily>Segoe+UI</fontFamily>
          <fontWeight>Standard</fontWeight>
          <textStyles>[]</textStyles>
          <text>-</text>
          <textHeight>28</textHeight>
          <font family="Segoe+UI" displayName="Segoe+UI" postScript="" weightStyle="Standard" weight="400" isBold="False" isItalic="False"/>
        </cell>
        <cell rows="1,1" cols="4,4">
          <fontFamily>Segoe+UI</fontFamily>
          <fontWeight>Standard</fontWeight>
          <textStyles>[]</textStyles>
          <text>-</text>
          <textHeight>28</textHeight>
          <font family="Segoe+UI" displayName="Segoe+UI" postScript="" weightStyle="Standard" weight="400" isBold="False" isItalic="False"/>
        </cell>
        <cell rows="1,1" cols="5,5">
          <fontFamily>Segoe+UI</fontFamily>
          <fontWeight>Standard</fontWeight>
          <textStyles>[]</textStyles>
          <text>%2B</text>
          <textHeight>28</textHeight>
          <font family="Segoe+UI" displayName="Segoe+UI" postScript="" weightStyle="Standard" weight="400" isBold="False" isItalic="False"/>
        </cell>
        <cell rows="1,1" cols="6,6">
          <fontFamily>Segoe+UI</fontFamily>
          <fontWeight>Standard</fontWeight>
          <textStyles>[]</textStyles>
          <text>%2B</text>
          <textHeight>28</textHeight>
          <font family="Segoe+UI" displayName="Segoe+UI" postScript="" weightStyle="Standard" weight="400" isBold="False" isItalic="False"/>
        </cell>
        <cell rows="2,2" cols="0,0">
          <fontFamily>Segoe+UI</fontFamily>
          <fontWeight>Standard</fontWeight>
          <textStyles>[]</textStyles>
          <text>read</text>
          <textHeight>28</textHeight>
          <font family="Segoe+UI" displayName="Segoe+UI" postScript="" weightStyle="Standard" weight="400" isBold="False" isItalic="False"/>
        </cell>
        <cell rows="2,2" cols="1,1">
          <fontFamily>Segoe+UI</fontFamily>
          <fontWeight>Standard</fontWeight>
          <textStyles>[]</textStyles>
          <text>%2B</text>
          <textHeight>28</textHeight>
          <font family="Segoe+UI" displayName="Segoe+UI" postScript="" weightStyle="Standard" weight="400" isBold="False" isItalic="False"/>
        </cell>
        <cell rows="2,2" cols="2,2">
          <fontFamily>Segoe+UI</fontFamily>
          <fontWeight>Standard</fontWeight>
          <textStyles>[]</textStyles>
          <text>%2B</text>
          <textHeight>28</textHeight>
          <font family="Segoe+UI" displayName="Segoe+UI" postScript="" weightStyle="Standard" weight="400" isBold="False" isItalic="False"/>
        </cell>
        <cell rows="2,2" cols="3,3">
          <fontFamily>Segoe+UI</fontFamily>
          <fontWeight>Standard</fontWeight>
          <textStyles>[]</textStyles>
          <text>%2B</text>
          <textHeight>28</textHeight>
          <font family="Segoe+UI" displayName="Segoe+UI" postScript="" weightStyle="Standard" weight="400" isBold="False" isItalic="False"/>
        </cell>
        <cell rows="2,2" cols="4,4">
          <fontFamily>Segoe+UI</fontFamily>
          <fontWeight>Standard</fontWeight>
          <textStyles>[]</textStyles>
          <text>%2B</text>
          <textHeight>28</textHeight>
          <font family="Segoe+UI" displayName="Segoe+UI" postScript="" weightStyle="Standard" weight="400" isBold="False" isItalic="False"/>
        </cell>
        <cell rows="2,2" cols="5,5">
          <fontFamily>Segoe+UI</fontFamily>
          <fontWeight>Standard</fontWeight>
          <textStyles>[]</textStyles>
          <text>%2B</text>
          <textHeight>28</textHeight>
          <font family="Segoe+UI" displayName="Segoe+UI" postScript="" weightStyle="Standard" weight="400" isBold="False" isItalic="False"/>
        </cell>
        <cell rows="2,2" cols="6,6">
          <fontFamily>Segoe+UI</fontFamily>
          <fontWeight>Standard</fontWeight>
          <textStyles>[]</textStyles>
          <text>%2B</text>
          <textHeight>28</textHeight>
          <font family="Segoe+UI" displayName="Segoe+UI" postScript="" weightStyle="Standard" weight="400" isBold="False" isItalic="False"/>
        </cell>
        <cell rows="3,3" cols="0,0">
          <fontFamily>Segoe+UI</fontFamily>
          <fontWeight>Standard</fontWeight>
          <textStyles>[]</textStyles>
          <text>update</text>
          <textHeight>28</textHeight>
          <font family="Segoe+UI" displayName="Segoe+UI" postScript="" weightStyle="Standard" weight="400" isBold="False" isItalic="False"/>
        </cell>
        <cell rows="3,3" cols="1,1">
          <fontFamily>Segoe+UI</fontFamily>
          <fontWeight>Standard</fontWeight>
          <textStyles>[]</textStyles>
          <text>%2B</text>
          <textHeight>28</textHeight>
          <font family="Segoe+UI" displayName="Segoe+UI" postScript="" weightStyle="Standard" weight="400" isBold="False" isItalic="False"/>
        </cell>
        <cell rows="3,3" cols="2,2">
          <fontFamily>Segoe+UI</fontFamily>
          <fontWeight>Standard</fontWeight>
          <textStyles>[]</textStyles>
          <text>%2B</text>
          <textHeight>28</textHeight>
          <font family="Segoe+UI" displayName="Segoe+UI" postScript="" weightStyle="Standard" weight="400" isBold="False" isItalic="False"/>
        </cell>
        <cell rows="3,3" cols="3,3">
          <fontFamily>Segoe+UI</fontFamily>
          <fontWeight>Standard</fontWeight>
          <textStyles>[]</textStyles>
          <text>-</text>
          <textHeight>28</textHeight>
          <font family="Segoe+UI" displayName="Segoe+UI" postScript="" weightStyle="Standard" weight="400" isBold="False" isItalic="False"/>
        </cell>
        <cell rows="3,3" cols="4,4">
          <fontFamily>Segoe+UI</fontFamily>
          <fontWeight>Standard</fontWeight>
          <textStyles>[]</textStyles>
          <text>-</text>
          <textHeight>28</textHeight>
          <font family="Segoe+UI" displayName="Segoe+UI" postScript="" weightStyle="Standard" weight="400" isBold="False" isItalic="False"/>
        </cell>
        <cell rows="3,3" cols="5,5">
          <fontFamily>Segoe+UI</fontFamily>
          <fontWeight>Standard</fontWeight>
          <textStyles>[]</textStyles>
          <text>%2B</text>
          <textHeight>28</textHeight>
          <font family="Segoe+UI" displayName="Segoe+UI" postScript="" weightStyle="Standard" weight="400" isBold="False" isItalic="False"/>
        </cell>
        <cell rows="3,3" cols="6,6">
          <fontFamily>Segoe+UI</fontFamily>
          <fontWeight>Standard</fontWeight>
          <textStyles>[]</textStyles>
          <text>%2B</text>
          <textHeight>28</textHeight>
          <font family="Segoe+UI" displayName="Segoe+UI" postScript="" weightStyle="Standard" weight="400" isBold="False" isItalic="False"/>
        </cell>
        <cell rows="4,4" cols="0,0">
          <fontFamily>Segoe+UI</fontFamily>
          <fontWeight>Standard</fontWeight>
          <textStyles>[]</textStyles>
          <text>delete</text>
          <textHeight>28</textHeight>
          <font family="Segoe+UI" displayName="Segoe+UI" postScript="" weightStyle="Standard" weight="400" isBold="False" isItalic="False"/>
        </cell>
        <cell rows="4,4" cols="1,1">
          <fontFamily>Segoe+UI</fontFamily>
          <fontWeight>Standard</fontWeight>
          <textStyles>[]</textStyles>
          <text>%2B</text>
          <textHeight>28</textHeight>
          <font family="Segoe+UI" displayName="Segoe+UI" postScript="" weightStyle="Standard" weight="400" isBold="False" isItalic="False"/>
        </cell>
        <cell rows="4,4" cols="2,2">
          <fontFamily>Segoe+UI</fontFamily>
          <fontWeight>Standard</fontWeight>
          <textStyles>[]</textStyles>
          <text>%2B</text>
          <textHeight>28</textHeight>
          <font family="Segoe+UI" displayName="Segoe+UI" postScript="" weightStyle="Standard" weight="400" isBold="False" isItalic="False"/>
        </cell>
        <cell rows="4,4" cols="3,3">
          <fontFamily>Segoe+UI</fontFamily>
          <fontWeight>Standard</fontWeight>
          <textStyles>[]</textStyles>
          <text>-</text>
          <textHeight>28</textHeight>
          <font family="Segoe+UI" displayName="Segoe+UI" postScript="" weightStyle="Standard" weight="400" isBold="False" isItalic="False"/>
        </cell>
        <cell rows="4,4" cols="4,4">
          <fontFamily>Segoe+UI</fontFamily>
          <fontWeight>Standard</fontWeight>
          <textStyles>[]</textStyles>
          <text>-</text>
          <textHeight>28</textHeight>
          <font family="Segoe+UI" displayName="Segoe+UI" postScript="" weightStyle="Standard" weight="400" isBold="False" isItalic="False"/>
        </cell>
        <cell rows="4,4" cols="5,5">
          <fontFamily>Segoe+UI</fontFamily>
          <fontWeight>Standard</fontWeight>
          <textStyles>[]</textStyles>
          <text>%2B</text>
          <textHeight>28</textHeight>
          <font family="Segoe+UI" displayName="Segoe+UI" postScript="" weightStyle="Standard" weight="400" isBold="False" isItalic="False"/>
        </cell>
        <cell rows="4,4" cols="6,6">
          <fontFamily>Segoe+UI</fontFamily>
          <fontWeight>Standard</fontWeight>
          <textStyles>[]</textStyles>
          <text>%2B</text>
          <textHeight>28</textHeight>
          <font family="Segoe+UI" displayName="Segoe+UI" postScript="" weightStyle="Standard" weight="400" isBold="False" isItalic="False"/>
        </cell>
      </cells>
      <rows>
        <row height="44">
          <fontFamily/>
          <fontWeight>Regular</fontWeight>
          <textStyles>[]</textStyles>
          <isAutoRowHeight>True</isAutoRowHeight>
        </row>
        <row height="30">
          <fontFamily/>
          <fontWeight>Regular</fontWeight>
          <textStyles>[]</textStyles>
          <isAutoRowHeight>True</isAutoRowHeight>
        </row>
        <row height="30">
          <fontFamily/>
          <fontWeight>Regular</fontWeight>
          <textStyles>[]</textStyles>
          <isAutoRowHeight>True</isAutoRowHeight>
        </row>
        <row height="30">
          <fontFamily/>
          <fontWeight>Regular</fontWeight>
          <textStyles>[]</textStyles>
          <isAutoRowHeight>True</isAutoRowHeight>
        </row>
        <row height="30">
          <fontFamily/>
          <fontWeight>Regular</fontWeight>
          <textStyles>[]</textStyles>
          <isAutoRowHeight>True</isAutoRowHeight>
        </row>
      </rows>
      <cols>
        <col width="88">
          <fontFamily/>
          <fontWeight>Regular</fontWeight>
          <textStyles>[]</textStyles>
        </col>
        <col width="49">
          <fontFamily/>
          <fontWeight>Regular</fontWeight>
          <textStyles>[]</textStyles>
        </col>
        <col width="55">
          <fontFamily/>
          <fontWeight>Regular</fontWeight>
          <textStyles>[]</textStyles>
        </col>
        <col width="78">
          <fontFamily/>
          <fontWeight>Regular</fontWeight>
          <textStyles>[]</textStyles>
        </col>
        <col width="81">
          <fontFamily/>
          <fontWeight>Regular</fontWeight>
          <textStyles>[]</textStyles>
        </col>
        <col width="76">
          <fontFamily/>
          <fontWeight>Regular</fontWeight>
          <textStyles>[]</textStyles>
        </col>
        <col width="112">
          <fontFamily/>
          <fontWeight>Regular</fontWeight>
          <textStyles>[]</textStyles>
        </col>
      </cols>
    </control>
    <control controlID="39EFFF15-9137-4E28-B8FF-F8B754B18986" controlTypeID="Label" x="283" y="336" w="83" h="22" zOrder="13">
      <font family="Segoe+UI" displayName="Segoe+UI_%26_Bold" postScript="" weightStyle="Bold" weight="700" isBold="True" isItalic="False"/>
      <text>User+group</text>
      <textSize>16</textSize>
      <lineSpacing>0</lineSpacing>
      <textStyles>[fsBold]</textStyles>
      <useDefaultTextSize>False</useDefaultTextSize>
      <selectedIndex>-1</selectedIndex>
    </control>
    <control controlID="EF05B960-C18B-4B17-A384-46306D1A09E5" controlTypeID="Label" x="376" y="360" w="45" h="22" zOrder="14">
      <font family="Segoe+UI" displayName="Segoe+UI" postScript="" weightStyle="Standard" weight="400" isBold="False" isItalic="False"/>
      <text>Admin</text>
      <textSize>16</textSize>
      <lineSpacing>0</lineSpacing>
      <useDefaultTextSize>False</useDefaultTextSize>
      <selectedIndex>-1</selectedIndex>
    </control>
    <control controlID="02440DA2-A81C-40D8-8DBD-7012A6E10556" controlTypeID="TextArea" x="376" y="391" w="445" h="60" zOrder="15">
      <font family="Segoe+UI" displayName="Segoe+UI" postScript="" weightStyle="Standard" weight="400" isBold="False" isItalic="False"/>
      <text>Ut+aliquam%2C+turpis+ac+efficitur+fringilla%2C+odio+velit+volutpat+ipsum%2C+id+facilisis+lorem+dolor+bibendum+orci.+Quisque+consectetur+justo+vitae+maximus+consequat.%0D%0A</text>
      <selectedIndex>-1</selectedIndex>
    </control>
    <control controlID="BFF67183-BFE9-4371-BCD1-D267066D09AB" controlTypeID="Image" x="283" y="391" w="73" h="59" zOrder="16">
      <ShadowBlur>0</ShadowBlur>
      <URL>5009BE1A7E81EECD2CBC930CA5A8E0AD.png</URL>
    </control>
    <control controlID="956F8584-E286-478D-84B3-D9494C7B9ACC" controlTypeID="__group__" x="565" y="189" w="99" h="21" zOrder="17">
      <groupChildrenDescriptors>
        <control controlID="A7931A3C-853B-4E9B-BE52-F6DF5FAA5723" controlTypeID="Icon" x="79" y="1" w="20" h="20" zOrder="0">
          <color>4278190080</color>
          <ShadowBlur>0</ShadowBlur>
          <icon>
            <ID/>
            <iconFontName>jdIcoMoonFree</iconFontName>
            <iconCode>59796</iconCode>
          </icon>
          <URL>E9143260ECAAF58DF8A7271B16D9CAAE.svg</URL>
        </control>
        <control controlID="B4CA57A8-7D5D-4A71-A22C-CF068CEAC7FF" controlTypeID="Label" x="0" y="0" w="75" h="20" zOrder="1">
          <font family="Segoe+UI" displayName="Segoe+UI" postScript="" weightStyle="Standard" weight="400" isBold="False" isItalic="False"/>
          <text>Connectors</text>
          <textSize>15</textSize>
          <lineSpacing>0</lineSpacing>
          <useDefaultTextSize>False</useDefaultTextSize>
          <selectedIndex>-1</selectedIndex>
        </control>
      </groupChildrenDescriptors>
    </control>
    <control controlID="E292A933-48C3-42B2-BA8A-DD8F7710C7DD" controlTypeID="__group__" x="558" y="219" w="106" h="21" zOrder="18">
      <groupChildrenDescriptors>
        <control controlID="90199B86-7560-4237-8840-B4B89A32CBFB" controlTypeID="Icon" x="86" y="1" w="20" h="20" zOrder="0">
          <color>4278190080</color>
          <ShadowBlur>0</ShadowBlur>
          <icon>
            <ID/>
            <iconFontName>jdIcoMoonFree</iconFontName>
            <iconCode>59797</iconCode>
          </icon>
          <URL>5E98D2A591BAC40C8F4087F7DA8C54F9.svg</URL>
        </control>
        <control controlID="5764618A-295D-4FFF-87B2-BBF5F1AA5852" controlTypeID="Label" x="0" y="0" w="82" h="20" zOrder="1">
          <font family="Segoe+UI" displayName="Segoe+UI" postScript="" weightStyle="Standard" weight="400" isBold="False" isItalic="False"/>
          <text>Transactions</text>
          <textSize>15</textSize>
          <lineSpacing>0</lineSpacing>
          <useDefaultTextSize>False</useDefaultTextSize>
          <selectedIndex>-1</selectedIndex>
        </control>
      </groupChildrenDescriptors>
    </control>
    <control controlID="CC043A2C-C088-4E29-B168-7B9184C28439" controlTypeID="__group__" x="598" y="249" w="66" h="21" zOrder="19">
      <groupChildrenDescriptors>
        <control controlID="0A2897BB-7540-410A-8B17-628401181A59" controlTypeID="Icon" x="46" y="1" w="20" h="20" zOrder="0">
          <color>4278190080</color>
          <ShadowBlur>0</ShadowBlur>
          <icon>
            <ID/>
            <iconFontName>jdIonicons</iconFontName>
            <iconCode>62062</iconCode>
          </icon>
          <URL>8D87F0B6E067D29DE1E9AC9BADB84F13.svg</URL>
        </control>
        <control controlID="727F7170-CE2C-4578-861F-D5A88C86C7C1" controlTypeID="Label" x="0" y="0" w="42" h="20" zOrder="1">
          <font family="Segoe+UI" displayName="Segoe+UI" postScript="" weightStyle="Standard" weight="400" isBold="False" isItalic="False"/>
          <text>Events</text>
          <textSize>15</textSize>
          <lineSpacing>0</lineSpacing>
          <useDefaultTextSize>False</useDefaultTextSize>
          <selectedIndex>-1</selectedIndex>
        </control>
      </groupChildrenDescriptors>
    </control>
  </controls>
  <param>
    <backgroundColor>4294967295</backgroundColor>
    <fontSize>14</fontSize>
    <fontFamily>Segoe+UI</fontFamily>
    <guideLines/>
  </param>
</mockup>