﻿<mockup version="5.2" minAllowVersion="5.2" ID="261AE7F6-306B-4C74-81CB-6E034ADEC8A6" platform="MtWeb" defaultW="1100" defaultH="1000" measureW="1100" measureH="1000" mobileScreenScale="0">
  <controls controlCount="96">
    <control controlID="375A2D64-573D-4465-8AFE-BA29D4252E50" controlTypeID="__group__" x="0" y="690" w="1100" h="70" zOrder="0">
      <ShadowBlur>0</ShadowBlur>
      <groupChildrenDescriptors>
        <control controlID="D39477D0-2CD8-4115-8D55-39ED498DABAF" controlTypeID="Panel" x="0" y="0" w="1100" h="70" zOrder="0">
          <color>4280642473</color>
          <borderColor>4280642473</borderColor>
          <ShadowBlur>0</ShadowBlur>
          <groupChildrenDescriptors>
            <control controlID="4201B405-472F-41B6-B5D6-C8E1E6B7143A" controlTypeID="Border" x="0" y="0" w="1100" h="70" zOrder="0">
              <borderColor>4280642473</borderColor>
              <alias>borderLayer</alias>
              <ShadowBlur>0</ShadowBlur>
            </control>
          </groupChildrenDescriptors>
          <thinkness>1</thinkness>
        </control>
        <control controlID="599116AB-0164-443F-91FE-2DADBCBC4BF0" controlTypeID="Label" x="31" y="21" w="36" h="24" zOrder="1">
          <ShadowBlur>0</ShadowBlur>
          <font family="Segoe+UI" displayName="Segoe+UI" postScript="" weightStyle="Standard" weight="400" isBold="False" isItalic="False"/>
          <text>Help</text>
          <textColor>4294967295</textColor>
          <textSize>18</textSize>
          <lineSpacing>0</lineSpacing>
          <useDefaultTextSize>False</useDefaultTextSize>
          <selectedIndex>-1</selectedIndex>
        </control>
        <control controlID="638C3A96-5655-4FB8-9373-6E9CB749066D" controlTypeID="Label" x="95" y="21" w="75" h="24" zOrder="2">
          <ShadowBlur>0</ShadowBlur>
          <font family="Segoe+UI" displayName="Segoe+UI" postScript="" weightStyle="Standard" weight="400" isBold="False" isItalic="False"/>
          <text>Feedback</text>
          <textColor>4294967295</textColor>
          <textSize>18</textSize>
          <lineSpacing>0</lineSpacing>
          <useDefaultTextSize>False</useDefaultTextSize>
          <selectedIndex>-1</selectedIndex>
        </control>
        <control controlID="855CA5E6-317B-414E-95E4-79DD458F3ED2" controlTypeID="Label" x="207" y="21" w="57" h="24" zOrder="3">
          <ShadowBlur>0</ShadowBlur>
          <font family="Segoe+UI" displayName="Segoe+UI" postScript="" weightStyle="Standard" weight="400" isBold="False" isItalic="False"/>
          <text>Imprint</text>
          <textColor>4294967295</textColor>
          <textSize>18</textSize>
          <lineSpacing>0</lineSpacing>
          <useDefaultTextSize>False</useDefaultTextSize>
          <selectedIndex>-1</selectedIndex>
        </control>
        <control controlID="9F5E1F72-EC7D-45EB-A60C-B3E83D974057" controlTypeID="Label" x="830" y="24" w="250" h="24" zOrder="4">
          <ShadowBlur>0</ShadowBlur>
          <font family="Segoe+UI" displayName="Segoe+UI" postScript="" weightStyle="Standard" weight="400" isBold="False" isItalic="False"/>
          <text>%C2%A9+Copyright+201%3F+becon+GmbH</text>
          <textColor>4294967295</textColor>
          <textSize>18</textSize>
          <lineSpacing>0</lineSpacing>
          <useDefaultTextSize>False</useDefaultTextSize>
          <selectedIndex>-1</selectedIndex>
        </control>
      </groupChildrenDescriptors>
    </control>
    <control controlID="F63220CA-D455-410D-8ED1-5DB9F083E9F8" controlTypeID="Shape" x="0" y="70" w="1100" h="620" zOrder="1">
      <verticalScrollbarShow>True</verticalScrollbarShow>
      <ShadowBlur>0</ShadowBlur>
      <font family="Segoe+UI" displayName="Segoe+UI" postScript="" weightStyle="Standard" weight="400" isBold="False" isItalic="False"/>
      <textSize>14</textSize>
      <selectedIndex>-1</selectedIndex>
    </control>
    <control controlID="410790EE-DF4F-4142-9C57-96388261E8DE" controlTypeID="Panel" x="252" y="140" w="594" h="495" zOrder="2">
      <ShadowBlur>0</ShadowBlur>
      <groupChildrenDescriptors>
        <control controlID="EC0833F3-EAC0-45B2-80FA-7F935B984994" controlTypeID="Border" x="0" y="0" w="594" h="495" zOrder="0">
          <alias>borderLayer</alias>
          <ShadowBlur>0</ShadowBlur>
          <dashMode>SdDash</dashMode>
        </control>
      </groupChildrenDescriptors>
      <thinkness>1</thinkness>
      <dashMode>SdDash</dashMode>
    </control>
    <control controlID="467327D2-42A4-4D0E-9B24-BDBAC0AABE1B" controlTypeID="Label" x="282" y="369" w="67" h="22" zOrder="3">
      <font family="Segoe+UI" displayName="Segoe+UI_%26_Bold" postScript="" weightStyle="Bold" weight="700" isBold="True" isItalic="False"/>
      <text>Mapping</text>
      <textSize>16</textSize>
      <lineSpacing>0</lineSpacing>
      <textStyles>[fsBold]</textStyles>
      <useDefaultTextSize>False</useDefaultTextSize>
      <selectedIndex>-1</selectedIndex>
    </control>
    <control controlID="F44A339C-6703-40B7-8108-52335485BA39" controlTypeID="__group__" x="282" y="160" w="166" h="45" zOrder="4">
      <groupChildrenDescriptors>
        <control controlID="D90E4D38-2584-4D87-9AF8-3DFEBBEF4DC5" controlTypeID="Label" x="0" y="0" w="33" h="22" zOrder="0">
          <font family="Segoe+UI" displayName="Segoe+UI_%26_Bold" postScript="" weightStyle="Bold" weight="700" isBold="True" isItalic="False"/>
          <text>Title</text>
          <textSize>16</textSize>
          <lineSpacing>0</lineSpacing>
          <textStyles>[fsBold]</textStyles>
          <useDefaultTextSize>False</useDefaultTextSize>
          <selectedIndex>-1</selectedIndex>
        </control>
        <control controlID="B746078B-7520-4F8E-8098-865342550E16" controlTypeID="Label" x="24" y="23" w="142" h="22" zOrder="1">
          <font family="Segoe+UI" displayName="Segoe+UI" postScript="" weightStyle="Standard" weight="400" isBold="False" isItalic="False"/>
          <text>The+best+transaction</text>
          <textSize>16</textSize>
          <lineSpacing>0</lineSpacing>
          <useDefaultTextSize>False</useDefaultTextSize>
          <selectedIndex>-1</selectedIndex>
        </control>
      </groupChildrenDescriptors>
    </control>
    <control controlID="8AC62D21-232B-49A0-983E-763BF0F026DE" controlTypeID="Label" x="446" y="80" w="207" h="38" zOrder="5">
      <ShadowBlur>0</ShadowBlur>
      <font family="Segoe+UI" displayName="Segoe+UI" postScript="" weightStyle="Standard" weight="400" isBold="False" isItalic="False"/>
      <text>View+Transaction</text>
      <textColor>4284900966</textColor>
      <textSize>28</textSize>
      <lineSpacing>0</lineSpacing>
      <useDefaultTextSize>False</useDefaultTextSize>
      <selectedIndex>-1</selectedIndex>
    </control>
    <control controlID="C0FB938D-F9EF-4719-B29D-5391F94450CC" controlTypeID="__group__" x="252" y="654" w="178" h="28" zOrder="6">
      <ShadowBlur>0</ShadowBlur>
      <groupChildrenDescriptors>
        <control controlID="04BB91EA-6C68-47EE-A57A-A9FD13D73CDA" controlTypeID="Icon" x="0" y="1" w="27" h="27" zOrder="0">
          <color>4278190080</color>
          <ShadowBlur>0</ShadowBlur>
          <icon>
            <ID/>
            <iconFontName>jdIonicons</iconFontName>
            <iconCode>62547</iconCode>
          </icon>
          <URL>23C89C10F7B3376AE4E32DC5E7C501A2.svg</URL>
        </control>
        <control controlID="802CFC76-2FA9-4C99-89E4-200EAF2CD9DD" controlTypeID="Label" x="31" y="0" w="147" h="27" zOrder="1">
          <ShadowBlur>0</ShadowBlur>
          <font family="Segoe+UI" displayName="Segoe+UI_%26_Bold" postScript="" weightStyle="Bold" weight="700" isBold="True" isItalic="False"/>
          <text>Transaction+List</text>
          <textSize>20</textSize>
          <lineSpacing>0</lineSpacing>
          <textStyles>[fsBold]</textStyles>
          <useDefaultTextSize>False</useDefaultTextSize>
          <selectedIndex>-1</selectedIndex>
        </control>
      </groupChildrenDescriptors>
    </control>
    <control controlID="BDA1CD6C-B1E7-4F14-A2A6-9160414F66C4" controlTypeID="__group__" x="282" y="246" w="361" h="96" zOrder="7">
      <groupChildrenDescriptors>
        <control controlID="4DA18349-5086-4B1B-A829-5C934DCCDC62" controlTypeID="Label" x="0" y="0" w="84" h="22" zOrder="0">
          <font family="Segoe+UI" displayName="Segoe+UI_%26_Bold" postScript="" weightStyle="Bold" weight="700" isBold="True" isItalic="False"/>
          <text>Connectors</text>
          <textSize>16</textSize>
          <lineSpacing>0</lineSpacing>
          <textStyles>[fsBold]</textStyles>
          <useDefaultTextSize>False</useDefaultTextSize>
          <selectedIndex>-1</selectedIndex>
        </control>
        <control controlID="2B1066C3-6A04-4B9E-A038-24F2C1F89F08" controlTypeID="__group__" x="137" y="24" w="82" h="66" zOrder="1">
          <groupChildrenDescriptors>
            <control controlID="8B2EE564-0ACF-4D2D-8302-CFD99E52802D" controlTypeID="Label" x="20" y="0" w="45" h="22" zOrder="0">
              <font family="Segoe+UI" displayName="Segoe+UI_%26_Bold" postScript="" weightStyle="Bold" weight="700" isBold="True" isItalic="False"/>
              <text>I-doIT</text>
              <textSize>16</textSize>
              <lineSpacing>0</lineSpacing>
              <textStyles>[fsBold,fsUnderline]</textStyles>
              <useDefaultTextSize>False</useDefaultTextSize>
              <selectedIndex>-1</selectedIndex>
            </control>
            <control controlID="A4782FF4-AFD4-44C0-8A63-2E4DEA1F2D0E" controlTypeID="Image" x="0" y="32" w="82" h="34" zOrder="1">
              <URL>000987A029F19208C0EE6B82886308C1.png</URL>
            </control>
          </groupChildrenDescriptors>
        </control>
        <control controlID="BAFC1447-8E0D-460C-8ED7-3235C05834AD" controlTypeID="IconButton2" x="249" y="38" w="35" h="35" zOrder="2">
          <ShadowBlur>0</ShadowBlur>
          <groupChildrenDescriptors>
            <control controlID="4A388BA5-506C-4D94-9707-F995594C20F3" controlTypeID="Shape" x="0" y="0" w="35" h="35" zOrder="0">
              <borderColor>4278190080</borderColor>
              <canMove>False</canMove>
              <alias>shape</alias>
              <ShadowBlur>0</ShadowBlur>
              <font family="Segoe+UI" displayName="Segoe+UI" postScript="" weightStyle="Standard" weight="400" isBold="False" isItalic="False"/>
              <textSize>14</textSize>
              <selectedIndex>-1</selectedIndex>
            </control>
            <control controlID="37A99D03-B5E6-4D5C-A1B1-604E58F7FA52" controlTypeID="Icon" x="6" y="6" w="22" h="22" zOrder="1">
              <color>4278190080</color>
              <canMove>False</canMove>
              <alias>icon</alias>
              <ShadowBlur>0</ShadowBlur>
              <icon>
                <ID/>
                <iconFontName>jdIonicons</iconFontName>
                <iconCode>62223</iconCode>
              </icon>
              <URL>84E43FD667F4EA128EEFBAD7B03B51F5.svg</URL>
            </control>
            <control controlID="2B6304CC-5D45-4A79-A243-ABB0041F4D51" controlTypeID="Label" x="-2" y="0" w="32" h="19" zOrder="2">
              <canMove>False</canMove>
              <alias>label</alias>
              <ShadowBlur>0</ShadowBlur>
              <font family="Segoe+UI" displayName="Segoe+UI" postScript="" weightStyle="Standard" weight="400" isBold="False" isItalic="False"/>
              <text>Label</text>
              <textAlign>HaCenter</textAlign>
              <lineSpacing>0</lineSpacing>
              <selectedIndex>-1</selectedIndex>
            </control>
            <control controlID="95B8C132-4BD2-46A6-8BC7-ACE37EFB1D02" controlTypeID="Shape" x="23" y="0" w="12" h="12" zOrder="3">
              <color>4294901760</color>
              <borderVisible>False</borderVisible>
              <canMove>False</canMove>
              <alias>alarm</alias>
              <ShadowBlur>0</ShadowBlur>
              <font family="Segoe+UI" displayName="Segoe+UI" postScript="" weightStyle="Standard" weight="400" isBold="False" isItalic="False"/>
              <text>2</text>
              <textColor>4294967295</textColor>
              <textSize>7</textSize>
              <selectedIndex>-1</selectedIndex>
              <radius>100</radius>
              <radiusIsPercent>True</radiusIsPercent>
            </control>
          </groupChildrenDescriptors>
          <style>ibsRectangle</style>
          <iconSize>22</iconSize>
        </control>
        <control controlID="79DE170D-8E88-4109-9993-4AD37F3E6608" controlTypeID="__group__" x="314" y="24" w="47" h="72" zOrder="3">
          <groupChildrenDescriptors>
            <control controlID="53BAB2C5-2B71-4728-8BDF-1064D5800344" controlTypeID="Label" x="5" y="0" w="40" h="22" zOrder="0">
              <font family="Segoe+UI" displayName="Segoe+UI_%26_Bold" postScript="" weightStyle="Bold" weight="700" isBold="True" isItalic="False"/>
              <text>OTRS</text>
              <textSize>16</textSize>
              <lineSpacing>0</lineSpacing>
              <textStyles>[fsBold,fsUnderline]</textStyles>
              <useDefaultTextSize>False</useDefaultTextSize>
              <selectedIndex>-1</selectedIndex>
            </control>
            <control controlID="ABC569EB-281F-464B-B530-C28A4CE8412E" controlTypeID="Image" x="0" y="25" w="47" h="47" zOrder="1">
              <URL>D6117415B92B81ACCC00871D1EB9371F.jpg</URL>
            </control>
          </groupChildrenDescriptors>
        </control>
      </groupChildrenDescriptors>
    </control>
    <control controlID="6FADA7AE-9911-4C6B-BE1B-FC517598D123" controlTypeID="__group__" x="349" y="401" w="401" h="204" zOrder="8">
      <groupChildrenDescriptors>
        <control controlID="D7A5BF9D-8647-4CC6-919A-B6970CC1F0FD" controlTypeID="__group__" x="240" y="19" w="160" h="53" zOrder="0">
          <groupChildrenDescriptors>
            <control controlID="B9399FF9-5141-4A23-A7B7-0067BC5F8BCE" controlTypeID="Label" x="55" y="0" w="54" h="19" zOrder="0">
              <font family="Segoe+UI" displayName="Segoe+UI" postScript="" weightStyle="Standard" weight="400" isBold="False" isItalic="False"/>
              <text>Methods</text>
              <lineSpacing>0</lineSpacing>
              <selectedIndex>-1</selectedIndex>
            </control>
            <control controlID="DEDD4D9D-DB30-4805-A96F-98625D8F1F67" controlTypeID="TextInput" x="4" y="29" w="156" h="24" zOrder="1">
              <font family="Segoe+UI" displayName="Segoe+UI" postScript="" weightStyle="Standard" weight="400" isBold="False" isItalic="False"/>
              <text>ConfigItemCreate</text>
              <lineSpacing>0</lineSpacing>
              <selectedIndex>-1</selectedIndex>
            </control>
            <control controlID="9A6884C2-E8EB-416E-A070-E22A6D61688A" controlTypeID="Circle" x="0" y="36" w="9" h="9" zOrder="2">
              <font family="Segoe+UI" displayName="Segoe+UI" postScript="" weightStyle="Standard" weight="400" isBold="False" isItalic="False"/>
              <textSize>14</textSize>
              <selectedIndex>-1</selectedIndex>
              <shapeBorderType>SbEllipse</shapeBorderType>
            </control>
          </groupChildrenDescriptors>
        </control>
        <control controlID="6D3066EA-1793-46B7-94FF-66C2E0DC3099" controlTypeID="__group__" x="0" y="19" w="160" h="82" zOrder="1">
          <groupChildrenDescriptors>
            <control controlID="E797DF6A-51DC-4A3D-98CD-15B7C7B31D54" controlTypeID="Label" x="51" y="0" w="54" h="19" zOrder="0">
              <font family="Segoe+UI" displayName="Segoe+UI" postScript="" weightStyle="Standard" weight="400" isBold="False" isItalic="False"/>
              <text>Methods</text>
              <lineSpacing>0</lineSpacing>
              <selectedIndex>-1</selectedIndex>
            </control>
            <control controlID="B3BFAB73-C492-4684-805D-E201FC11DD1E" controlTypeID="TextInput" x="0" y="29" w="156" h="24" zOrder="1">
              <font family="Segoe+UI" displayName="Segoe+UI" postScript="" weightStyle="Standard" weight="400" isBold="False" isItalic="False"/>
              <text>cmdb.object.read</text>
              <lineSpacing>0</lineSpacing>
              <selectedIndex>-1</selectedIndex>
            </control>
            <control controlID="2F5EDCC0-0CB9-493C-BE47-835624DFECD7" controlTypeID="TextInput" x="0" y="58" w="156" h="24" zOrder="2">
              <font family="Segoe+UI" displayName="Segoe+UI" postScript="" weightStyle="Standard" weight="400" isBold="False" isItalic="False"/>
              <text>cmdb.category.read</text>
              <lineSpacing>0</lineSpacing>
              <selectedIndex>-1</selectedIndex>
            </control>
            <control controlID="7AECE83F-ABCB-4E4F-AA87-CABA83323EDE" controlTypeID="Circle" x="151" y="35" w="9" h="9" zOrder="3">
              <font family="Segoe+UI" displayName="Segoe+UI" postScript="" weightStyle="Standard" weight="400" isBold="False" isItalic="False"/>
              <textSize>14</textSize>
              <selectedIndex>-1</selectedIndex>
              <shapeBorderType>SbEllipse</shapeBorderType>
            </control>
            <control controlID="9D57E550-18DB-4547-90FC-F7267F7F87AB" controlTypeID="Circle" x="151" y="65" w="9" h="9" zOrder="4">
              <font family="Segoe+UI" displayName="Segoe+UI" postScript="" weightStyle="Standard" weight="400" isBold="False" isItalic="False"/>
              <textSize>14</textSize>
              <selectedIndex>-1</selectedIndex>
              <shapeBorderType>SbEllipse</shapeBorderType>
            </control>
          </groupChildrenDescriptors>
        </control>
        <control controlID="50C5E683-9D85-4BBF-B73E-BB3EE21C13BB" controlTypeID="Label" x="169" y="120" w="69" h="19" zOrder="2">
          <font family="Segoe+UI" displayName="Segoe+UI_%26_Bold" postScript="" weightStyle="Bold" weight="700" isBold="True" isItalic="False"/>
          <text>Map+fields</text>
          <lineSpacing>0</lineSpacing>
          <textStyles>[fsBold]</textStyles>
          <selectedIndex>-1</selectedIndex>
        </control>
        <control controlID="3DD5AAEB-9409-4C24-8D0C-5D0365DBD0BA" controlTypeID="CompositeComboBox" x="0" y="146" w="156" h="24" zOrder="3">
          <groupChildrenDescriptors>
            <control controlID="ABF2668C-709C-4169-BF58-3FC2421E1BE8" controlTypeID="TextInput" x="0" y="0" w="133" h="24" zOrder="0">
              <locked>True</locked>
              <canMove>False</canMove>
              <alias>input</alias>
              <font family="Segoe+UI" displayName="Segoe+UI" postScript="" weightStyle="Standard" weight="400" isBold="False" isItalic="False"/>
              <text>Object-Title</text>
              <lineSpacing>0</lineSpacing>
              <selectedIndex>-1</selectedIndex>
            </control>
            <control controlID="8F63914B-AE27-4CE8-A3CC-48571B0A4674" controlTypeID="Button" x="132" y="0" w="24" h="24" zOrder="1">
              <locked>True</locked>
              <canMove>False</canMove>
              <alias>button</alias>
              <font family="Segoe+UI" displayName="Segoe+UI" postScript="" weightStyle="Standard" weight="400" isBold="False" isItalic="False"/>
              <lineSpacing>0</lineSpacing>
              <selectedIndex>-1</selectedIndex>
              <radius>0</radius>
            </control>
            <control controlID="185A0897-BE51-4458-90E7-F7825F96D84B" controlTypeID="List" x="0" y="24" w="156" h="26" zOrder="2">
              <isShow>False</isShow>
              <canMove>False</canMove>
              <alias>dropDown</alias>
              <font family="Segoe+UI" displayName="Segoe+UI" postScript="" weightStyle="Standard" weight="400" isBold="False" isItalic="False"/>
              <text>Object-Title</text>
              <textSize>14</textSize>
              <lineSpacing>0</lineSpacing>
              <itemHeight>24</itemHeight>
              <interlaceColor>4294967295</interlaceColor>
            </control>
          </groupChildrenDescriptors>
          <baseHeight>24</baseHeight>
          <font family="Segoe+UI"/>
          <textSize>14</textSize>
        </control>
        <control controlID="AFC5EC15-7794-491A-9790-C223148719EB" controlTypeID="CompositeComboBox" x="0" y="180" w="156" h="24" zOrder="4">
          <groupChildrenDescriptors>
            <control controlID="068232A5-686B-49AB-8EF5-F94CBFCCDC9C" controlTypeID="TextInput" x="0" y="0" w="133" h="24" zOrder="0">
              <locked>True</locked>
              <canMove>False</canMove>
              <alias>input</alias>
              <font family="Segoe+UI" displayName="Segoe+UI" postScript="" weightStyle="Standard" weight="400" isBold="False" isItalic="False"/>
              <text>CMDB-Status</text>
              <lineSpacing>0</lineSpacing>
              <selectedIndex>-1</selectedIndex>
            </control>
            <control controlID="826032AD-6E6B-4B3A-AE02-51C087C109C8" controlTypeID="Button" x="132" y="0" w="24" h="24" zOrder="1">
              <locked>True</locked>
              <canMove>False</canMove>
              <alias>button</alias>
              <font family="Segoe+UI" displayName="Segoe+UI" postScript="" weightStyle="Standard" weight="400" isBold="False" isItalic="False"/>
              <lineSpacing>0</lineSpacing>
              <selectedIndex>-1</selectedIndex>
              <radius>0</radius>
            </control>
            <control controlID="FD0ED852-82AE-4094-A2F4-AFE632175EFA" controlTypeID="List" x="0" y="24" w="156" h="26" zOrder="2">
              <isShow>False</isShow>
              <canMove>False</canMove>
              <alias>dropDown</alias>
              <font family="Segoe+UI" displayName="Segoe+UI" postScript="" weightStyle="Standard" weight="400" isBold="False" isItalic="False"/>
              <text>CMDB-Status</text>
              <textSize>14</textSize>
              <lineSpacing>0</lineSpacing>
              <itemHeight>24</itemHeight>
              <interlaceColor>4294967295</interlaceColor>
            </control>
          </groupChildrenDescriptors>
          <baseHeight>24</baseHeight>
          <font family="Segoe+UI"/>
          <textSize>14</textSize>
        </control>
        <control controlID="4685B8BB-A24C-4FF7-8E58-829A4B2BFAF7" controlTypeID="CompositeComboBox" x="251" y="146" w="149" h="24" zOrder="5">
          <groupChildrenDescriptors>
            <control controlID="499B8D4E-1507-4616-B19A-0079D9CB35C6" controlTypeID="TextInput" x="0" y="0" w="126" h="24" zOrder="0">
              <locked>True</locked>
              <canMove>False</canMove>
              <alias>input</alias>
              <font family="Segoe+UI" displayName="Segoe+UI" postScript="" weightStyle="Standard" weight="400" isBold="False" isItalic="False"/>
              <text>ConfigItemName</text>
              <lineSpacing>0</lineSpacing>
              <selectedIndex>-1</selectedIndex>
            </control>
            <control controlID="F212AF65-0F46-4DA0-B4D0-E51346F75669" controlTypeID="Button" x="125" y="0" w="24" h="24" zOrder="1">
              <locked>True</locked>
              <canMove>False</canMove>
              <alias>button</alias>
              <font family="Segoe+UI" displayName="Segoe+UI" postScript="" weightStyle="Standard" weight="400" isBold="False" isItalic="False"/>
              <lineSpacing>0</lineSpacing>
              <selectedIndex>-1</selectedIndex>
              <radius>0</radius>
            </control>
            <control controlID="0989426A-DE61-4E24-8C76-A87D8304B96C" controlTypeID="List" x="0" y="24" w="149" h="26" zOrder="2">
              <isShow>False</isShow>
              <canMove>False</canMove>
              <alias>dropDown</alias>
              <font family="Segoe+UI" displayName="Segoe+UI" postScript="" weightStyle="Standard" weight="400" isBold="False" isItalic="False"/>
              <text>ConfigItemName</text>
              <textSize>14</textSize>
              <lineSpacing>0</lineSpacing>
              <itemHeight>24</itemHeight>
              <interlaceColor>4294967295</interlaceColor>
            </control>
          </groupChildrenDescriptors>
          <baseHeight>24</baseHeight>
          <font family="Segoe+UI"/>
          <textSize>14</textSize>
        </control>
        <control controlID="51EC21AB-4F83-4D70-9BB5-3936D22E1E59" controlTypeID="CompositeComboBox" x="252" y="180" w="149" h="24" zOrder="6">
          <groupChildrenDescriptors>
            <control controlID="A77F6675-F5A2-40F8-BB5F-0AB9BF2271BB" controlTypeID="TextInput" x="0" y="0" w="126" h="24" zOrder="0">
              <locked>True</locked>
              <canMove>False</canMove>
              <alias>input</alias>
              <font family="Segoe+UI" displayName="Segoe+UI" postScript="" weightStyle="Standard" weight="400" isBold="False" isItalic="False"/>
              <text>ConfigItemStatus</text>
              <lineSpacing>0</lineSpacing>
              <selectedIndex>-1</selectedIndex>
            </control>
            <control controlID="8CED01F8-1214-4DB5-8021-2E2636557B82" controlTypeID="Button" x="125" y="0" w="24" h="24" zOrder="1">
              <locked>True</locked>
              <canMove>False</canMove>
              <alias>button</alias>
              <font family="Segoe+UI" displayName="Segoe+UI" postScript="" weightStyle="Standard" weight="400" isBold="False" isItalic="False"/>
              <lineSpacing>0</lineSpacing>
              <selectedIndex>-1</selectedIndex>
              <radius>0</radius>
            </control>
            <control controlID="133CB4C3-16F1-402F-9DC0-5001AB12BFC1" controlTypeID="List" x="0" y="24" w="149" h="21" zOrder="2">
              <isShow>False</isShow>
              <canMove>False</canMove>
              <alias>dropDown</alias>
              <font family="Segoe+UI" displayName="Segoe+UI" postScript="" weightStyle="Standard" weight="400" isBold="False" isItalic="False"/>
              <text>ConfigItemStatus</text>
              <textSize>14</textSize>
              <lineSpacing>0</lineSpacing>
              <itemHeight>24</itemHeight>
              <interlaceColor>4294967295</interlaceColor>
            </control>
          </groupChildrenDescriptors>
          <baseHeight>24</baseHeight>
          <font family="Segoe+UI"/>
          <textSize>14</textSize>
        </control>
        <control controlID="1E2C502B-9911-4999-8068-8AA6E2196B0C" controlTypeID="Label" x="160" y="0" w="91" h="19" zOrder="7">
          <font family="Segoe+UI" displayName="Segoe+UI_%26_Bold" postScript="" weightStyle="Bold" weight="700" isBold="True" isItalic="False"/>
          <text>Map+methods</text>
          <lineSpacing>0</lineSpacing>
          <textStyles>[fsBold]</textStyles>
          <selectedIndex>-1</selectedIndex>
        </control>
        <control controlID="07C1CBF1-2E9F-4F5E-A072-89D53E0FAC2A" controlTypeID="Arrow" x="159" y="57" w="82" h="30" zOrder="8">
          <isCommentCom>False</isCommentCom>
          <font family="Segoe+UI" displayName="Segoe+UI" postScript="" weightStyle="Standard" weight="400" isBold="False" isItalic="False"/>
          <textSize>14</textSize>
          <lineSpacing>0</lineSpacing>
          <selectedIndex>-1</selectedIndex>
          <controlPoint>(43,16)</controlPoint>
          <startPoint>(0,30)</startPoint>
          <endPoint>(76,6)</endPoint>
          <showEndArrow>1</showEndArrow>
        </control>
        <control controlID="CBF6AD33-7D94-47C8-8220-D616D6668C02" controlTypeID="Arrow" x="161" y="52" w="86" h="12" zOrder="9">
          <isCommentCom>False</isCommentCom>
          <font family="Segoe+UI" displayName="Segoe+UI" postScript="" weightStyle="Standard" weight="400" isBold="False" isItalic="False"/>
          <textSize>14</textSize>
          <lineSpacing>0</lineSpacing>
          <selectedIndex>-1</selectedIndex>
          <controlPoint>(43,7)</controlPoint>
          <startPoint>(0,7)</startPoint>
          <endPoint>(80,6)</endPoint>
          <showEndArrow>1</showEndArrow>
        </control>
        <control controlID="E5A67003-037D-494F-8840-7C8FB286FBE5" controlTypeID="Circle" x="151" y="154" w="9" h="9" zOrder="10">
          <font family="Segoe+UI" displayName="Segoe+UI" postScript="" weightStyle="Standard" weight="400" isBold="False" isItalic="False"/>
          <textSize>14</textSize>
          <selectedIndex>-1</selectedIndex>
          <shapeBorderType>SbEllipse</shapeBorderType>
        </control>
        <control controlID="5FA02005-7916-412D-A1E4-864575C95019" controlTypeID="Circle" x="152" y="188" w="9" h="9" zOrder="11">
          <font family="Segoe+UI" displayName="Segoe+UI" postScript="" weightStyle="Standard" weight="400" isBold="False" isItalic="False"/>
          <textSize>14</textSize>
          <selectedIndex>-1</selectedIndex>
          <shapeBorderType>SbEllipse</shapeBorderType>
        </control>
        <control controlID="5088B30C-EB0F-4737-BEF6-9515D4CE86AB" controlTypeID="Circle" x="248" y="154" w="9" h="9" zOrder="12">
          <font family="Segoe+UI" displayName="Segoe+UI" postScript="" weightStyle="Standard" weight="400" isBold="False" isItalic="False"/>
          <textSize>14</textSize>
          <selectedIndex>-1</selectedIndex>
          <shapeBorderType>SbEllipse</shapeBorderType>
        </control>
        <control controlID="E70CA096-0987-49AB-A23D-E81C40967899" controlTypeID="Circle" x="248" y="188" w="9" h="9" zOrder="13">
          <font family="Segoe+UI" displayName="Segoe+UI" postScript="" weightStyle="Standard" weight="400" isBold="False" isItalic="False"/>
          <textSize>14</textSize>
          <selectedIndex>-1</selectedIndex>
          <shapeBorderType>SbEllipse</shapeBorderType>
        </control>
        <control controlID="260CD01E-FB3F-41E4-88A9-404ECB1A79D5" controlTypeID="Arrow" x="158" y="153" w="96" h="12" zOrder="14">
          <isCommentCom>False</isCommentCom>
          <font family="Segoe+UI" displayName="Segoe+UI" postScript="" weightStyle="Standard" weight="400" isBold="False" isItalic="False"/>
          <textSize>14</textSize>
          <lineSpacing>0</lineSpacing>
          <selectedIndex>-1</selectedIndex>
          <controlPoint>(46,6)</controlPoint>
          <startPoint>(0,6)</startPoint>
          <endPoint>(90,6)</endPoint>
          <showEndArrow>1</showEndArrow>
        </control>
        <control controlID="16521BF8-C4C4-4213-AAAB-25AC64BE6FB3" controlTypeID="Arrow" x="157" y="186" w="98" h="12" zOrder="15">
          <isCommentCom>False</isCommentCom>
          <font family="Segoe+UI" displayName="Segoe+UI" postScript="" weightStyle="Standard" weight="400" isBold="False" isItalic="False"/>
          <textSize>14</textSize>
          <lineSpacing>0</lineSpacing>
          <selectedIndex>-1</selectedIndex>
          <controlPoint>(48,6)</controlPoint>
          <startPoint>(0,6)</startPoint>
          <endPoint>(92,6)</endPoint>
          <showEndArrow>1</showEndArrow>
        </control>
      </groupChildrenDescriptors>
    </control>
    <control controlID="CD29B46B-2887-4ECB-B2BE-7052ACCD03BF" controlTypeID="__group__" x="0" y="0" w="1100" h="70" zOrder="9">
      <ShadowBlur>0</ShadowBlur>
      <groupChildrenDescriptors>
        <control controlID="FBE1C77E-B8E6-4C05-ACE2-680D5E185CA7" controlTypeID="Panel" x="0" y="0" w="1100" h="70" zOrder="0">
          <color>4280642473</color>
          <borderColor>4280642473</borderColor>
          <ShadowBlur>0</ShadowBlur>
          <groupChildrenDescriptors>
            <control controlID="B85656D0-C43E-45DA-84EA-27AA8F03C912" controlTypeID="Border" x="0" y="0" w="1100" h="70" zOrder="0">
              <borderColor>4280642473</borderColor>
              <alias>borderLayer</alias>
              <ShadowBlur>0</ShadowBlur>
            </control>
          </groupChildrenDescriptors>
          <thinkness>1</thinkness>
        </control>
        <control controlID="2DA5E23B-9AAF-4A10-A261-FB06FB121843" controlTypeID="__group__" x="30" y="10" w="1033" h="50" zOrder="1">
          <ShadowBlur>0</ShadowBlur>
          <groupChildrenDescriptors>
            <control controlID="31F887AF-2687-4723-96FF-0EBD1A1B9C1A" controlTypeID="Image" x="0" y="0" w="50" h="50" zOrder="0">
              <ShadowBlur>0</ShadowBlur>
              <URL>976481E0FBEB84C2585025769B665392.png</URL>
            </control>
            <control controlID="01971E29-00C0-4828-8829-C96F5684D41B" controlTypeID="__group__" x="968" y="16" w="65" h="25" zOrder="1">
              <ShadowBlur>0</ShadowBlur>
              <groupChildrenDescriptors>
                <control controlID="B361F79C-306B-4980-8E39-C2B50F089208" controlTypeID="Label" x="0" y="0" w="65" h="24" zOrder="0">
                  <ShadowBlur>0</ShadowBlur>
                  <font family="Segoe+UI" displayName="Segoe+UI" postScript="" weightStyle="Standard" weight="400" isBold="False" isItalic="False"/>
                  <text>Log++++ut</text>
                  <textColor>4294967295</textColor>
                  <textSize>18</textSize>
                  <lineSpacing>0</lineSpacing>
                  <useDefaultTextSize>False</useDefaultTextSize>
                  <selectedIndex>-1</selectedIndex>
                </control>
                <control controlID="60F51448-E119-4D6F-8BE0-A486EF1EF1C7" controlTypeID="Label" x="36" y="1" w="13" h="24" zOrder="1">
                  <ShadowBlur>0</ShadowBlur>
                  <font family="Segoe+UI" displayName="Segoe+UI" postScript="" weightStyle="Standard" weight="400" isBold="False" isItalic="False"/>
                  <text>O</text>
                  <textColor>4290689342</textColor>
                  <textSize>18</textSize>
                  <lineSpacing>0</lineSpacing>
                  <textStyles>[fsUnderline]</textStyles>
                  <useDefaultTextSize>False</useDefaultTextSize>
                  <selectedIndex>-1</selectedIndex>
                </control>
              </groupChildrenDescriptors>
            </control>
            <control controlID="CF070D67-E0A9-4513-A176-3E981D7AA180" controlTypeID="__group__" x="818" y="16" w="80" h="24" zOrder="2">
              <ShadowBlur>0</ShadowBlur>
              <groupChildrenDescriptors>
                <control controlID="3343B53A-3E93-43C3-86A2-6C2991F8D53B" controlTypeID="Label" x="0" y="0" w="80" h="24" zOrder="0">
                  <ShadowBlur>0</ShadowBlur>
                  <font family="Segoe+UI" displayName="Segoe+UI" postScript="" weightStyle="Standard" weight="400" isBold="False" isItalic="False"/>
                  <text>My+++rofile</text>
                  <textColor>4294967295</textColor>
                  <textSize>18</textSize>
                  <lineSpacing>0</lineSpacing>
                  <useDefaultTextSize>False</useDefaultTextSize>
                  <selectedIndex>-1</selectedIndex>
                </control>
                <control controlID="14385CD2-53C9-4C96-BE3E-B1A10DD9DF9B" controlTypeID="Label" x="29" y="0" w="9" h="24" zOrder="1">
                  <ShadowBlur>0</ShadowBlur>
                  <font family="Segoe+UI" displayName="Segoe+UI" postScript="" weightStyle="Standard" weight="400" isBold="False" isItalic="False"/>
                  <text>P</text>
                  <textColor>4290689342</textColor>
                  <textSize>18</textSize>
                  <lineSpacing>0</lineSpacing>
                  <textStyles>[fsUnderline]</textStyles>
                  <useDefaultTextSize>False</useDefaultTextSize>
                  <selectedIndex>-1</selectedIndex>
                </control>
              </groupChildrenDescriptors>
            </control>
            <control controlID="F4FB9506-5466-4166-B824-42ADA9C38555" controlTypeID="__group__" x="78" y="14" w="125" h="30" zOrder="3">
              <groupChildrenDescriptors>
                <control controlID="45A61806-33E9-43CC-B29D-EE9D992F3FC6" controlTypeID="__group__" x="35" y="3" w="90" h="24" zOrder="0">
                  <ShadowBlur>0</ShadowBlur>
                  <groupChildrenDescriptors>
                    <control controlID="559FD357-ADAD-48F6-9BDF-F4110B52510E" controlTypeID="Label" x="12" y="0" w="78" h="24" zOrder="0">
                      <ShadowBlur>0</ShadowBlur>
                      <font family="Segoe+UI" displayName="Segoe+UI" postScript="" weightStyle="Standard" weight="400" isBold="False" isItalic="False"/>
                      <text>onnectors</text>
                      <textColor>4294967295</textColor>
                      <textSize>18</textSize>
                      <lineSpacing>0</lineSpacing>
                      <useDefaultTextSize>False</useDefaultTextSize>
                      <selectedIndex>-1</selectedIndex>
                    </control>
                    <control controlID="9764EC08-5656-4421-B2F8-01A3F49C8D2B" controlTypeID="Label" x="0" y="0" w="10" h="24" zOrder="1">
                      <ShadowBlur>0</ShadowBlur>
                      <font family="Segoe+UI" displayName="Segoe+UI" postScript="" weightStyle="Standard" weight="400" isBold="False" isItalic="False"/>
                      <text>C</text>
                      <textColor>4290689342</textColor>
                      <textSize>18</textSize>
                      <lineSpacing>0</lineSpacing>
                      <textStyles>[fsUnderline]</textStyles>
                      <useDefaultTextSize>False</useDefaultTextSize>
                      <selectedIndex>-1</selectedIndex>
                    </control>
                  </groupChildrenDescriptors>
                </control>
                <control controlID="42AC71D8-4D1C-4DBD-A9E6-BCACB418F26D" controlTypeID="Icon" x="0" y="0" w="30" h="30" zOrder="1">
                  <color>4290689342</color>
                  <ShadowBlur>0</ShadowBlur>
                  <icon>
                    <ID/>
                    <iconFontName>jdIonicons</iconFontName>
                    <iconCode>62199</iconCode>
                  </icon>
                  <URL>DED0E6A8242D8DE296EBCBE2FFA15EDA.svg</URL>
                </control>
              </groupChildrenDescriptors>
            </control>
            <control controlID="EAC40B7E-7CE0-4265-9F68-47B0CACCC7F8" controlTypeID="Icon" x="784" y="14" w="30" h="30" zOrder="4">
              <color>4290689342</color>
              <ShadowBlur>0</ShadowBlur>
              <icon>
                <ID/>
                <iconFontName>jdIonicons</iconFontName>
                <iconCode>62489</iconCode>
              </icon>
              <URL>E7D27E7A00FA7023CB70F7694DE9F06F.svg</URL>
            </control>
            <control controlID="7A279C4C-F92F-448B-B4D5-79A954DD2E1A" controlTypeID="Icon" x="933" y="14" w="30" h="30" zOrder="5">
              <color>4290689342</color>
              <ShadowBlur>0</ShadowBlur>
              <icon>
                <ID/>
                <iconFontName>jdIonicons</iconFontName>
                <iconCode>62111</iconCode>
              </icon>
              <URL>3C8DF9DE80057200F41F28DCE285D271.svg</URL>
            </control>
            <control controlID="ED5E1FC0-27C2-4636-9967-2A31933F947B" controlTypeID="__group__" x="220" y="14" w="133" h="30" zOrder="6">
              <groupChildrenDescriptors>
                <control controlID="2A964560-A937-4227-B6F6-F29E4A92C681" controlTypeID="Icon" x="0" y="0" w="30" h="30" zOrder="0">
                  <color>4290689342</color>
                  <ShadowBlur>0</ShadowBlur>
                  <icon>
                    <ID/>
                    <iconFontName>jdIcoMoonFree</iconFontName>
                    <iconCode>59797</iconCode>
                  </icon>
                  <URL>5E98D2A591BAC40C8F4087F7DA8C54F9.svg</URL>
                </control>
                <control controlID="E6D6C3A0-71A5-4120-99A7-8E53859CE5F0" controlTypeID="__group__" x="35" y="3" w="98" h="24" zOrder="1">
                  <groupChildrenDescriptors>
                    <control controlID="38152F58-7CAD-47B4-8C95-8F84B817D46D" controlTypeID="Label" x="9" y="0" w="89" h="24" zOrder="0">
                      <ShadowBlur>0</ShadowBlur>
                      <font family="Segoe+UI" displayName="Segoe+UI" postScript="" weightStyle="Standard" weight="400" isBold="False" isItalic="False"/>
                      <text>ransactions</text>
                      <textColor>4290689342</textColor>
                      <textSize>18</textSize>
                      <lineSpacing>0</lineSpacing>
                      <useDefaultTextSize>False</useDefaultTextSize>
                      <selectedIndex>-1</selectedIndex>
                    </control>
                    <control controlID="911F7F3B-F3C5-4827-9D6B-D7102A2224AA" controlTypeID="Label" x="0" y="0" w="9" h="24" zOrder="1">
                      <ShadowBlur>0</ShadowBlur>
                      <font family="Segoe+UI" displayName="Segoe+UI" postScript="" weightStyle="Standard" weight="400" isBold="False" isItalic="False"/>
                      <text>T</text>
                      <textColor>4290689342</textColor>
                      <textSize>18</textSize>
                      <lineSpacing>0</lineSpacing>
                      <textStyles>[fsUnderline]</textStyles>
                      <useDefaultTextSize>False</useDefaultTextSize>
                      <selectedIndex>-1</selectedIndex>
                    </control>
                  </groupChildrenDescriptors>
                </control>
              </groupChildrenDescriptors>
            </control>
            <control controlID="07E23817-ADEE-49AC-B565-273130263ABD" controlTypeID="__group__" x="371" y="14" w="124" h="30" zOrder="7">
              <groupChildrenDescriptors>
                <control controlID="5748A80D-21A5-4DC6-BF53-A813BE6731BB" controlTypeID="Icon" x="0" y="0" w="30" h="30" zOrder="0">
                  <color>4290689342</color>
                  <ShadowBlur>0</ShadowBlur>
                  <icon>
                    <ID/>
                    <iconFontName>jdIonicons</iconFontName>
                    <iconCode>62062</iconCode>
                  </icon>
                  <URL>8D87F0B6E067D29DE1E9AC9BADB84F13.svg</URL>
                </control>
                <control controlID="F74EE9DD-1026-440E-BF4D-263B3B1DCAB6" controlTypeID="__group__" x="35" y="3" w="89" h="24" zOrder="1">
                  <groupChildrenDescriptors>
                    <control controlID="920F6E0D-3121-43AE-8313-E49D7F2C5341" controlTypeID="Label" x="10" y="0" w="41" h="24" zOrder="0">
                      <ShadowBlur>0</ShadowBlur>
                      <font family="Segoe+UI" displayName="Segoe+UI" postScript="" weightStyle="Standard" weight="400" isBold="False" isItalic="False"/>
                      <text>vents</text>
                      <textColor>4294967295</textColor>
                      <textSize>18</textSize>
                      <lineSpacing>0</lineSpacing>
                      <useDefaultTextSize>False</useDefaultTextSize>
                      <selectedIndex>-1</selectedIndex>
                    </control>
                    <control controlID="811C5C75-E9CE-4D7F-9B73-2E8521549497" controlTypeID="Label" x="0" y="0" w="8" h="24" zOrder="1">
                      <ShadowBlur>0</ShadowBlur>
                      <font family="Segoe+UI" displayName="Segoe+UI" postScript="" weightStyle="Standard" weight="400" isBold="False" isItalic="False"/>
                      <text>E</text>
                      <textColor>4290689342</textColor>
                      <textSize>18</textSize>
                      <lineSpacing>0</lineSpacing>
                      <textStyles>[fsUnderline]</textStyles>
                      <useDefaultTextSize>False</useDefaultTextSize>
                      <selectedIndex>-1</selectedIndex>
                    </control>
                  </groupChildrenDescriptors>
                </control>
              </groupChildrenDescriptors>
            </control>
          </groupChildrenDescriptors>
        </control>
      </groupChildrenDescriptors>
    </control>
  </controls>
  <param>
    <backgroundColor>4294967295</backgroundColor>
    <fontSize>14</fontSize>
    <fontFamily>Segoe+UI</fontFamily>
    <guideLines/>
  </param>
</mockup>