﻿<mockup version="5.2" minAllowVersion="5.2" ID="F2E2FE36-1636-4575-AC77-B4F82E40321C" platform="MtWeb" defaultW="1100" defaultH="1000" measureW="1100" measureH="1000" mobileScreenScale="0">
  <controls controlCount="74">
    <control controlID="55CFE3CE-95FD-4262-B573-B613AE1453F6" controlTypeID="__group__" x="0" y="690" w="1100" h="70" zOrder="0">
      <ShadowBlur>0</ShadowBlur>
      <groupChildrenDescriptors>
        <control controlID="83E14946-1F6C-473B-A590-5F2F7766D9F3" controlTypeID="Panel" x="0" y="0" w="1100" h="70" zOrder="0">
          <color>4280642473</color>
          <borderColor>4280642473</borderColor>
          <ShadowBlur>0</ShadowBlur>
          <groupChildrenDescriptors>
            <control controlID="FE905831-DA85-4B1C-8092-A123BE272F27" controlTypeID="Border" x="0" y="0" w="1100" h="70" zOrder="0">
              <borderColor>4280642473</borderColor>
              <alias>borderLayer</alias>
              <ShadowBlur>0</ShadowBlur>
            </control>
          </groupChildrenDescriptors>
          <thinkness>1</thinkness>
        </control>
        <control controlID="8AD61BC0-8DC4-40B4-B7CE-28D2D5CC6152" controlTypeID="Label" x="31" y="21" w="36" h="24" zOrder="1">
          <ShadowBlur>0</ShadowBlur>
          <font family="Segoe+UI" displayName="Segoe+UI" postScript="" weightStyle="Standard" weight="400" isBold="False" isItalic="False"/>
          <text>Help</text>
          <textColor>4294967295</textColor>
          <textSize>18</textSize>
          <lineSpacing>0</lineSpacing>
          <useDefaultTextSize>False</useDefaultTextSize>
          <selectedIndex>-1</selectedIndex>
        </control>
        <control controlID="17D68960-E8F7-419C-9F46-C03816503884" controlTypeID="Label" x="95" y="21" w="75" h="24" zOrder="2">
          <ShadowBlur>0</ShadowBlur>
          <font family="Segoe+UI" displayName="Segoe+UI" postScript="" weightStyle="Standard" weight="400" isBold="False" isItalic="False"/>
          <text>Feedback</text>
          <textColor>4294967295</textColor>
          <textSize>18</textSize>
          <lineSpacing>0</lineSpacing>
          <useDefaultTextSize>False</useDefaultTextSize>
          <selectedIndex>-1</selectedIndex>
        </control>
        <control controlID="AADC2B17-2817-4996-BBD2-D929C3DDFA04" controlTypeID="Label" x="207" y="21" w="57" h="24" zOrder="3">
          <ShadowBlur>0</ShadowBlur>
          <font family="Segoe+UI" displayName="Segoe+UI" postScript="" weightStyle="Standard" weight="400" isBold="False" isItalic="False"/>
          <text>Imprint</text>
          <textColor>4294967295</textColor>
          <textSize>18</textSize>
          <lineSpacing>0</lineSpacing>
          <useDefaultTextSize>False</useDefaultTextSize>
          <selectedIndex>-1</selectedIndex>
        </control>
        <control controlID="29682F21-A481-4006-927E-E99438CE5DE5" controlTypeID="Label" x="830" y="24" w="250" h="24" zOrder="4">
          <ShadowBlur>0</ShadowBlur>
          <font family="Segoe+UI" displayName="Segoe+UI" postScript="" weightStyle="Standard" weight="400" isBold="False" isItalic="False"/>
          <text>%C2%A9+Copyright+201%3F+becon+GmbH</text>
          <textColor>4294967295</textColor>
          <textSize>18</textSize>
          <lineSpacing>0</lineSpacing>
          <useDefaultTextSize>False</useDefaultTextSize>
          <selectedIndex>-1</selectedIndex>
        </control>
      </groupChildrenDescriptors>
    </control>
    <control controlID="61444C1D-CC55-4915-9CDE-04B50B4EF13F" controlTypeID="Shape" x="0" y="70" w="1100" h="620" zOrder="1">
      <verticalScrollbarShow>True</verticalScrollbarShow>
      <ShadowBlur>0</ShadowBlur>
      <font family="Segoe+UI" displayName="Segoe+UI" postScript="" weightStyle="Standard" weight="400" isBold="False" isItalic="False"/>
      <textSize>14</textSize>
      <selectedIndex>-1</selectedIndex>
    </control>
    <control controlID="83BC7C1F-6981-4534-A7D2-64DD8448EED4" controlTypeID="Panel" x="252" y="140" w="596" h="470" zOrder="2">
      <ShadowBlur>0</ShadowBlur>
      <groupChildrenDescriptors>
        <control controlID="517AAEED-00C8-44C5-B691-B2D1C6F792BD" controlTypeID="Border" x="0" y="0" w="596" h="470" zOrder="0">
          <alias>borderLayer</alias>
          <ShadowBlur>0</ShadowBlur>
          <dashMode>SdDash</dashMode>
        </control>
      </groupChildrenDescriptors>
      <thinkness>1</thinkness>
      <dashMode>SdDash</dashMode>
    </control>
    <control controlID="D84E2A4A-5D9B-4437-AE14-A0FC1B514D78" controlTypeID="BreadCrumbs" x="273" y="160" w="127" h="19" zOrder="3">
      <ShadowBlur>0</ShadowBlur>
      <font family="Segoe+UI" displayName="Segoe+UI" postScript="" weightStyle="Standard" weight="400" isBold="False" isItalic="False"/>
      <text>Direction%2C+Methods</text>
      <textSize>14</textSize>
      <lineSpacing>0</lineSpacing>
    </control>
    <control controlID="E1519CC5-8604-4AB0-A06B-4D0EE684DF9E" controlTypeID="Label" x="634" y="333" w="77" h="19" zOrder="4">
      <font family="Segoe+UI" displayName="Segoe+UI" postScript="" weightStyle="Standard" weight="400" isBold="False" isItalic="False"/>
      <text>Add+method</text>
      <lineSpacing>0</lineSpacing>
      <selectedIndex>-1</selectedIndex>
    </control>
    <control controlID="736799A0-1B8F-4804-BBC3-36B7BC4F0BFE" controlTypeID="Label" x="390" y="333" w="77" h="19" zOrder="5">
      <font family="Segoe+UI" displayName="Segoe+UI" postScript="" weightStyle="Standard" weight="400" isBold="False" isItalic="False"/>
      <text>Add+method</text>
      <lineSpacing>0</lineSpacing>
      <selectedIndex>-1</selectedIndex>
    </control>
    <control controlID="83ABA165-6E07-4AC2-AD23-F802E8FF5EAC" controlTypeID="__group__" x="369" y="210" w="366" h="78" zOrder="6">
      <groupChildrenDescriptors>
        <control controlID="155BE90E-567C-45D8-9B05-0E11C3226373" controlTypeID="CompositeComboBox" x="0" y="45" w="120" h="31" zOrder="0">
          <groupChildrenDescriptors>
            <control controlID="E16C5FB8-3A63-44DB-B21C-A772F2AB37DE" controlTypeID="TextInput" x="0" y="0" w="97" h="31" zOrder="0">
              <locked>True</locked>
              <canMove>False</canMove>
              <alias>input</alias>
              <font family="Segoe+UI" displayName="Segoe+UI" postScript="" weightStyle="Standard" weight="400" isBold="False" isItalic="False"/>
              <text>I-doIT</text>
              <textSize>16</textSize>
              <lineSpacing>0</lineSpacing>
              <selectedIndex>-1</selectedIndex>
            </control>
            <control controlID="ADC14841-CB99-4E78-A89C-6CE5EB8562C5" controlTypeID="Button" x="96" y="0" w="24" h="31" zOrder="1">
              <locked>True</locked>
              <canMove>False</canMove>
              <alias>button</alias>
              <font family="Segoe+UI" displayName="Segoe+UI" postScript="" weightStyle="Standard" weight="400" isBold="False" isItalic="False"/>
              <lineSpacing>0</lineSpacing>
              <selectedIndex>-1</selectedIndex>
              <radius>0</radius>
            </control>
            <control controlID="D87E105B-034C-4730-8DBA-26A6918E6BEE" controlTypeID="List" x="0" y="31" w="120" h="50" zOrder="2">
              <isShow>False</isShow>
              <canMove>False</canMove>
              <alias>dropDown</alias>
              <font family="Segoe+UI" displayName="Segoe+UI" postScript="" weightStyle="Standard" weight="400" isBold="False" isItalic="False"/>
              <text>I-doIT%0D%0AOTRS</text>
              <textSize>16</textSize>
              <lineSpacing>0</lineSpacing>
              <itemHeight>31</itemHeight>
              <interlaceColor>4294967295</interlaceColor>
            </control>
          </groupChildrenDescriptors>
          <baseHeight>31</baseHeight>
          <font family="Segoe+UI"/>
          <textSize>16</textSize>
        </control>
        <control controlID="DE3B265D-DE27-47E9-88FF-E5A449C62412" controlTypeID="TextArea" x="0" y="0" w="120" h="42" zOrder="1">
          <font family="Segoe+UI" displayName="Segoe+UI" postScript="" weightStyle="Standard" weight="400" isBold="False" isItalic="False"/>
          <text>Choose+the+first+connector</text>
          <textAlign>HaCenter</textAlign>
          <selectedIndex>-1</selectedIndex>
        </control>
        <control controlID="83EAD780-60BF-4831-A147-E69E1FE22CF2" controlTypeID="CompositeComboBox" x="246" y="46" w="120" h="30" zOrder="2">
          <groupChildrenDescriptors>
            <control controlID="F54EF591-B823-4090-8F93-45EBA82C2038" controlTypeID="TextInput" x="0" y="0" w="97" h="30" zOrder="0">
              <locked>True</locked>
              <canMove>False</canMove>
              <alias>input</alias>
              <font family="Segoe+UI" displayName="Segoe+UI" postScript="" weightStyle="Standard" weight="400" isBold="False" isItalic="False"/>
              <text>OTRS</text>
              <textSize>16</textSize>
              <lineSpacing>0</lineSpacing>
              <selectedIndex>-1</selectedIndex>
            </control>
            <control controlID="B3F7071E-949D-46AA-9A3D-A4E65A20D985" controlTypeID="Button" x="96" y="0" w="24" h="30" zOrder="1">
              <locked>True</locked>
              <canMove>False</canMove>
              <alias>button</alias>
              <font family="Segoe+UI" displayName="Segoe+UI" postScript="" weightStyle="Standard" weight="400" isBold="False" isItalic="False"/>
              <lineSpacing>0</lineSpacing>
              <selectedIndex>-1</selectedIndex>
              <radius>0</radius>
            </control>
            <control controlID="CBBC45F5-9CE6-417E-875F-BCC698EB2FB4" controlTypeID="List" x="0" y="30" w="120" h="70" zOrder="2">
              <isShow>False</isShow>
              <canMove>False</canMove>
              <alias>dropDown</alias>
              <font family="Segoe+UI" displayName="Segoe+UI" postScript="" weightStyle="Standard" weight="400" isBold="False" isItalic="False"/>
              <text>I-doIT%0D%0AOTRS</text>
              <textSize>16</textSize>
              <lineSpacing>0</lineSpacing>
              <selectedIndex>1</selectedIndex>
              <itemHeight>30</itemHeight>
              <interlaceColor>4294967295</interlaceColor>
            </control>
          </groupChildrenDescriptors>
          <baseHeight>30</baseHeight>
          <font family="Segoe+UI"/>
          <textSize>16</textSize>
        </control>
        <control controlID="D242649F-A9C4-4020-B1D3-D044BEE3B788" controlTypeID="TextArea" x="246" y="0" w="120" h="42" zOrder="3">
          <font family="Segoe+UI" displayName="Segoe+UI" postScript="" weightStyle="Standard" weight="400" isBold="False" isItalic="False"/>
          <text>Choose+the+second+connector</text>
          <textAlign>HaCenter</textAlign>
          <selectedIndex>-1</selectedIndex>
        </control>
        <control controlID="E6F042E1-0A3D-4310-AD63-6577F77F1B3C" controlTypeID="IconButton2" x="163" y="43" w="35" h="35" zOrder="4">
          <ShadowBlur>0</ShadowBlur>
          <groupChildrenDescriptors>
            <control controlID="266B05DE-6803-4D05-AD0E-9E41DCF89716" controlTypeID="Shape" x="0" y="0" w="35" h="35" zOrder="0">
              <borderColor>4278190080</borderColor>
              <canMove>False</canMove>
              <alias>shape</alias>
              <ShadowBlur>0</ShadowBlur>
              <font family="Segoe+UI" displayName="Segoe+UI" postScript="" weightStyle="Standard" weight="400" isBold="False" isItalic="False"/>
              <textSize>14</textSize>
              <selectedIndex>-1</selectedIndex>
            </control>
            <control controlID="0190A1EE-BB2D-40DA-A488-1F3140B54175" controlTypeID="Icon" x="6" y="6" w="22" h="22" zOrder="1">
              <color>4278190080</color>
              <canMove>False</canMove>
              <alias>icon</alias>
              <ShadowBlur>0</ShadowBlur>
              <icon>
                <ID/>
                <iconFontName>jdIonicons</iconFontName>
                <iconCode>62223</iconCode>
              </icon>
              <URL>84E43FD667F4EA128EEFBAD7B03B51F5.svg</URL>
            </control>
            <control controlID="C41C02E8-920C-4AA4-8F35-36879E44201C" controlTypeID="Label" x="-2" y="0" w="32" h="19" zOrder="2">
              <canMove>False</canMove>
              <alias>label</alias>
              <ShadowBlur>0</ShadowBlur>
              <font family="Segoe+UI" displayName="Segoe+UI" postScript="" weightStyle="Standard" weight="400" isBold="False" isItalic="False"/>
              <text>Label</text>
              <textAlign>HaCenter</textAlign>
              <lineSpacing>0</lineSpacing>
              <selectedIndex>-1</selectedIndex>
            </control>
            <control controlID="A295E0E9-7E5A-4ABE-97E7-551468A68B8F" controlTypeID="Shape" x="23" y="0" w="12" h="12" zOrder="3">
              <color>4294901760</color>
              <borderVisible>False</borderVisible>
              <canMove>False</canMove>
              <alias>alarm</alias>
              <ShadowBlur>0</ShadowBlur>
              <font family="Segoe+UI" displayName="Segoe+UI" postScript="" weightStyle="Standard" weight="400" isBold="False" isItalic="False"/>
              <text>2</text>
              <textColor>4294967295</textColor>
              <textSize>7</textSize>
              <selectedIndex>-1</selectedIndex>
              <radius>100</radius>
              <radiusIsPercent>True</radiusIsPercent>
            </control>
          </groupChildrenDescriptors>
          <style>ibsRectangle</style>
          <iconSize>22</iconSize>
        </control>
      </groupChildrenDescriptors>
    </control>
    <control controlID="F31DE8E8-3D22-4959-AFC9-92401325912D" controlTypeID="Icon" x="416" y="357" w="24" h="24" zOrder="7">
      <color>4278190080</color>
      <icon>
        <ID/>
        <iconFontName>jdIonicons</iconFontName>
        <iconCode>62602</iconCode>
      </icon>
      <URL>C0279681994F324A54B3DB37939C8984.svg</URL>
    </control>
    <control controlID="A053F3A3-357B-41B6-B72D-9F5B9C2AF120" controlTypeID="Icon" x="660" y="357" w="24" h="24" zOrder="8">
      <color>4278190080</color>
      <icon>
        <ID/>
        <iconFontName>jdIonicons</iconFontName>
        <iconCode>62602</iconCode>
      </icon>
      <URL>C0279681994F324A54B3DB37939C8984.svg</URL>
    </control>
    <control controlID="E28435C3-7B8E-47E5-BD9F-C6B80478D0BE" controlTypeID="__group__" x="0" y="0" w="1100" h="70" zOrder="9">
      <ShadowBlur>0</ShadowBlur>
      <groupChildrenDescriptors>
        <control controlID="606CB3FA-8368-4C9D-BCFB-68F272348026" controlTypeID="Panel" x="0" y="0" w="1100" h="70" zOrder="0">
          <color>4280642473</color>
          <borderColor>4280642473</borderColor>
          <ShadowBlur>0</ShadowBlur>
          <groupChildrenDescriptors>
            <control controlID="F9DFEB2B-1329-4A7D-92B4-388D0A843021" controlTypeID="Border" x="0" y="0" w="1100" h="70" zOrder="0">
              <borderColor>4280642473</borderColor>
              <alias>borderLayer</alias>
              <ShadowBlur>0</ShadowBlur>
            </control>
          </groupChildrenDescriptors>
          <thinkness>1</thinkness>
        </control>
        <control controlID="73DA3C95-79F8-402F-A5C6-B99CE12CB367" controlTypeID="__group__" x="30" y="10" w="1033" h="50" zOrder="1">
          <ShadowBlur>0</ShadowBlur>
          <groupChildrenDescriptors>
            <control controlID="D5053CD4-046F-4327-80C1-43E4F53CD005" controlTypeID="Image" x="0" y="0" w="50" h="50" zOrder="0">
              <ShadowBlur>0</ShadowBlur>
              <URL>976481E0FBEB84C2585025769B665392.png</URL>
            </control>
            <control controlID="418F2E3E-A4B2-4444-A0CE-752925DB4CDF" controlTypeID="__group__" x="968" y="16" w="65" h="25" zOrder="1">
              <ShadowBlur>0</ShadowBlur>
              <groupChildrenDescriptors>
                <control controlID="942143C6-DA21-4705-ACE0-0A376EFDEB12" controlTypeID="Label" x="0" y="0" w="65" h="24" zOrder="0">
                  <ShadowBlur>0</ShadowBlur>
                  <font family="Segoe+UI" displayName="Segoe+UI" postScript="" weightStyle="Standard" weight="400" isBold="False" isItalic="False"/>
                  <text>Log++++ut</text>
                  <textColor>4294967295</textColor>
                  <textSize>18</textSize>
                  <lineSpacing>0</lineSpacing>
                  <useDefaultTextSize>False</useDefaultTextSize>
                  <selectedIndex>-1</selectedIndex>
                </control>
                <control controlID="F42BC2AE-F446-4547-96A7-02D189F94566" controlTypeID="Label" x="36" y="1" w="13" h="24" zOrder="1">
                  <ShadowBlur>0</ShadowBlur>
                  <font family="Segoe+UI" displayName="Segoe+UI" postScript="" weightStyle="Standard" weight="400" isBold="False" isItalic="False"/>
                  <text>O</text>
                  <textColor>4290689342</textColor>
                  <textSize>18</textSize>
                  <lineSpacing>0</lineSpacing>
                  <textStyles>[fsUnderline]</textStyles>
                  <useDefaultTextSize>False</useDefaultTextSize>
                  <selectedIndex>-1</selectedIndex>
                </control>
              </groupChildrenDescriptors>
            </control>
            <control controlID="584536A4-2196-4589-9C04-44019DD58982" controlTypeID="__group__" x="818" y="16" w="80" h="24" zOrder="2">
              <ShadowBlur>0</ShadowBlur>
              <groupChildrenDescriptors>
                <control controlID="FDB9E57D-C357-49EE-B9A3-4D99EC9711CA" controlTypeID="Label" x="0" y="0" w="80" h="24" zOrder="0">
                  <ShadowBlur>0</ShadowBlur>
                  <font family="Segoe+UI" displayName="Segoe+UI" postScript="" weightStyle="Standard" weight="400" isBold="False" isItalic="False"/>
                  <text>My+++rofile</text>
                  <textColor>4294967295</textColor>
                  <textSize>18</textSize>
                  <lineSpacing>0</lineSpacing>
                  <useDefaultTextSize>False</useDefaultTextSize>
                  <selectedIndex>-1</selectedIndex>
                </control>
                <control controlID="58C38D84-E898-4401-94AF-CEEDE8C58E82" controlTypeID="Label" x="29" y="0" w="9" h="24" zOrder="1">
                  <ShadowBlur>0</ShadowBlur>
                  <font family="Segoe+UI" displayName="Segoe+UI" postScript="" weightStyle="Standard" weight="400" isBold="False" isItalic="False"/>
                  <text>P</text>
                  <textColor>4290689342</textColor>
                  <textSize>18</textSize>
                  <lineSpacing>0</lineSpacing>
                  <textStyles>[fsUnderline]</textStyles>
                  <useDefaultTextSize>False</useDefaultTextSize>
                  <selectedIndex>-1</selectedIndex>
                </control>
              </groupChildrenDescriptors>
            </control>
            <control controlID="A824AABE-3EDC-443A-9436-6CF347143EDB" controlTypeID="__group__" x="78" y="14" w="125" h="30" zOrder="3">
              <groupChildrenDescriptors>
                <control controlID="D9948ACA-C63E-4CC4-8F0A-7EF346212855" controlTypeID="__group__" x="35" y="3" w="90" h="24" zOrder="0">
                  <ShadowBlur>0</ShadowBlur>
                  <groupChildrenDescriptors>
                    <control controlID="9930D3A5-2376-4330-AB53-12ABC6CB97BF" controlTypeID="Label" x="12" y="0" w="78" h="24" zOrder="0">
                      <ShadowBlur>0</ShadowBlur>
                      <font family="Segoe+UI" displayName="Segoe+UI" postScript="" weightStyle="Standard" weight="400" isBold="False" isItalic="False"/>
                      <text>onnectors</text>
                      <textColor>4294967295</textColor>
                      <textSize>18</textSize>
                      <lineSpacing>0</lineSpacing>
                      <useDefaultTextSize>False</useDefaultTextSize>
                      <selectedIndex>-1</selectedIndex>
                    </control>
                    <control controlID="571DE488-45AD-4F4C-9685-36E9F1D60A43" controlTypeID="Label" x="0" y="0" w="10" h="24" zOrder="1">
                      <ShadowBlur>0</ShadowBlur>
                      <font family="Segoe+UI" displayName="Segoe+UI" postScript="" weightStyle="Standard" weight="400" isBold="False" isItalic="False"/>
                      <text>C</text>
                      <textColor>4290689342</textColor>
                      <textSize>18</textSize>
                      <lineSpacing>0</lineSpacing>
                      <textStyles>[fsUnderline]</textStyles>
                      <useDefaultTextSize>False</useDefaultTextSize>
                      <selectedIndex>-1</selectedIndex>
                    </control>
                  </groupChildrenDescriptors>
                </control>
                <control controlID="90B50130-1738-4D94-9C11-CC4834EC221A" controlTypeID="Icon" x="0" y="0" w="30" h="30" zOrder="1">
                  <color>4290689342</color>
                  <ShadowBlur>0</ShadowBlur>
                  <icon>
                    <ID/>
                    <iconFontName>jdIonicons</iconFontName>
                    <iconCode>62199</iconCode>
                  </icon>
                  <URL>DED0E6A8242D8DE296EBCBE2FFA15EDA.svg</URL>
                </control>
              </groupChildrenDescriptors>
            </control>
            <control controlID="B98CD1EA-A8EB-4EEB-B0D5-8A96AAF87166" controlTypeID="Icon" x="784" y="14" w="30" h="30" zOrder="4">
              <color>4290689342</color>
              <ShadowBlur>0</ShadowBlur>
              <icon>
                <ID/>
                <iconFontName>jdIonicons</iconFontName>
                <iconCode>62489</iconCode>
              </icon>
              <URL>E7D27E7A00FA7023CB70F7694DE9F06F.svg</URL>
            </control>
            <control controlID="A46DE9A8-4135-41F6-9E8F-8DAF21002FE9" controlTypeID="Icon" x="933" y="14" w="30" h="30" zOrder="5">
              <color>4290689342</color>
              <ShadowBlur>0</ShadowBlur>
              <icon>
                <ID/>
                <iconFontName>jdIonicons</iconFontName>
                <iconCode>62111</iconCode>
              </icon>
              <URL>3C8DF9DE80057200F41F28DCE285D271.svg</URL>
            </control>
            <control controlID="18E58F76-F855-442D-AF13-ADCCD54EC5AF" controlTypeID="__group__" x="220" y="14" w="133" h="30" zOrder="6">
              <groupChildrenDescriptors>
                <control controlID="623FA5EF-F2EA-42E4-BB51-5DADCC749417" controlTypeID="Icon" x="0" y="0" w="30" h="30" zOrder="0">
                  <color>4290689342</color>
                  <ShadowBlur>0</ShadowBlur>
                  <icon>
                    <ID/>
                    <iconFontName>jdIcoMoonFree</iconFontName>
                    <iconCode>59797</iconCode>
                  </icon>
                  <URL>5E98D2A591BAC40C8F4087F7DA8C54F9.svg</URL>
                </control>
                <control controlID="E6DDB1AD-CE30-4EAB-BDE3-BAF73A1779BA" controlTypeID="__group__" x="35" y="3" w="98" h="24" zOrder="1">
                  <groupChildrenDescriptors>
                    <control controlID="B87F5530-E125-4101-A986-353EA6F3A340" controlTypeID="Label" x="9" y="0" w="89" h="24" zOrder="0">
                      <ShadowBlur>0</ShadowBlur>
                      <font family="Segoe+UI" displayName="Segoe+UI" postScript="" weightStyle="Standard" weight="400" isBold="False" isItalic="False"/>
                      <text>ransactions</text>
                      <textColor>4290689342</textColor>
                      <textSize>18</textSize>
                      <lineSpacing>0</lineSpacing>
                      <useDefaultTextSize>False</useDefaultTextSize>
                      <selectedIndex>-1</selectedIndex>
                    </control>
                    <control controlID="31D90BAE-AA10-411A-96F6-948354582924" controlTypeID="Label" x="0" y="0" w="9" h="24" zOrder="1">
                      <ShadowBlur>0</ShadowBlur>
                      <font family="Segoe+UI" displayName="Segoe+UI" postScript="" weightStyle="Standard" weight="400" isBold="False" isItalic="False"/>
                      <text>T</text>
                      <textColor>4290689342</textColor>
                      <textSize>18</textSize>
                      <lineSpacing>0</lineSpacing>
                      <textStyles>[fsUnderline]</textStyles>
                      <useDefaultTextSize>False</useDefaultTextSize>
                      <selectedIndex>-1</selectedIndex>
                    </control>
                  </groupChildrenDescriptors>
                </control>
              </groupChildrenDescriptors>
            </control>
            <control controlID="E0EA2DCF-2C47-48F9-81D9-CE344304A52F" controlTypeID="__group__" x="371" y="14" w="124" h="30" zOrder="7">
              <groupChildrenDescriptors>
                <control controlID="9B1D4F8A-0D6B-43C4-AFE0-A96D77B9317F" controlTypeID="Icon" x="0" y="0" w="30" h="30" zOrder="0">
                  <color>4290689342</color>
                  <ShadowBlur>0</ShadowBlur>
                  <icon>
                    <ID/>
                    <iconFontName>jdIonicons</iconFontName>
                    <iconCode>62062</iconCode>
                  </icon>
                  <URL>8D87F0B6E067D29DE1E9AC9BADB84F13.svg</URL>
                </control>
                <control controlID="86CBBEF8-C2E6-4EB0-BB72-06A8E88CB7AE" controlTypeID="__group__" x="35" y="3" w="89" h="24" zOrder="1">
                  <groupChildrenDescriptors>
                    <control controlID="D263591B-7E3E-48ED-8677-91C6D8A22009" controlTypeID="Label" x="10" y="0" w="41" h="24" zOrder="0">
                      <ShadowBlur>0</ShadowBlur>
                      <font family="Segoe+UI" displayName="Segoe+UI" postScript="" weightStyle="Standard" weight="400" isBold="False" isItalic="False"/>
                      <text>vents</text>
                      <textColor>4294967295</textColor>
                      <textSize>18</textSize>
                      <lineSpacing>0</lineSpacing>
                      <useDefaultTextSize>False</useDefaultTextSize>
                      <selectedIndex>-1</selectedIndex>
                    </control>
                    <control controlID="04D913F7-0A91-443D-9505-80EBA7BBE659" controlTypeID="Label" x="0" y="0" w="8" h="24" zOrder="1">
                      <ShadowBlur>0</ShadowBlur>
                      <font family="Segoe+UI" displayName="Segoe+UI" postScript="" weightStyle="Standard" weight="400" isBold="False" isItalic="False"/>
                      <text>E</text>
                      <textColor>4290689342</textColor>
                      <textSize>18</textSize>
                      <lineSpacing>0</lineSpacing>
                      <textStyles>[fsUnderline]</textStyles>
                      <useDefaultTextSize>False</useDefaultTextSize>
                      <selectedIndex>-1</selectedIndex>
                    </control>
                  </groupChildrenDescriptors>
                </control>
              </groupChildrenDescriptors>
            </control>
          </groupChildrenDescriptors>
        </control>
      </groupChildrenDescriptors>
    </control>
    <control controlID="9760B302-73AF-4062-9F92-06ED79BAC261" controlTypeID="__group__" x="252" y="655" w="178" h="27" zOrder="10">
      <ShadowBlur>0</ShadowBlur>
      <groupChildrenDescriptors>
        <control controlID="28DC2E5B-B353-47E7-9E4B-494F8F2EA201" controlTypeID="Icon" x="0" y="0" w="27" h="27" zOrder="0">
          <color>4278190080</color>
          <ShadowBlur>0</ShadowBlur>
          <icon>
            <ID/>
            <iconFontName>jdIonicons</iconFontName>
            <iconCode>62547</iconCode>
          </icon>
          <URL>23C89C10F7B3376AE4E32DC5E7C501A2.svg</URL>
        </control>
        <control controlID="44ECB151-7412-4C1C-948D-304B24C03011" controlTypeID="Label" x="31" y="0" w="147" h="27" zOrder="1">
          <ShadowBlur>0</ShadowBlur>
          <font family="Segoe+UI" displayName="Segoe+UI_%26_Bold" postScript="" weightStyle="Bold" weight="700" isBold="True" isItalic="False"/>
          <text>Transaction+List</text>
          <textSize>20</textSize>
          <lineSpacing>0</lineSpacing>
          <textStyles>[fsBold]</textStyles>
          <useDefaultTextSize>False</useDefaultTextSize>
          <selectedIndex>-1</selectedIndex>
        </control>
      </groupChildrenDescriptors>
    </control>
    <control controlID="E79B0753-EB5E-4C31-AAEB-1FB3DF426E28" controlTypeID="Label" x="507" y="549" w="86" h="19" zOrder="11">
      <ShadowBlur>0</ShadowBlur>
      <font family="Segoe+UI" displayName="Segoe+UI+Kursiv" postScript="" weightStyle="Kursiv" weight="400" isBold="False" isItalic="True"/>
      <text>Add+methods</text>
      <lineSpacing>0</lineSpacing>
      <textStyles>[fsItalic]</textStyles>
      <selectedIndex>-1</selectedIndex>
    </control>
    <control controlID="2516015D-09B5-4696-96B3-76765D16F310" controlTypeID="IconButton2" x="797" y="559" w="31" h="31" zOrder="12">
      <ShadowBlur>0</ShadowBlur>
      <groupChildrenDescriptors>
        <control controlID="A385B1B7-D8BE-4EC2-B7D3-A6545B39BCD2" controlTypeID="Shape" x="0" y="0" w="31" h="31" zOrder="0">
          <borderColor>4278190080</borderColor>
          <canMove>False</canMove>
          <alias>shape</alias>
          <ShadowBlur>0</ShadowBlur>
          <font family="Segoe+UI" displayName="Segoe+UI" postScript="" weightStyle="Standard" weight="400" isBold="False" isItalic="False"/>
          <textSize>14</textSize>
          <selectedIndex>-1</selectedIndex>
          <shapeBorderType>SbEllipse</shapeBorderType>
        </control>
        <control controlID="3540D32B-B78F-48B6-A8EB-457D0DE8AF6B" controlTypeID="Icon" x="6" y="6" w="20" h="20" zOrder="1">
          <color>4278190080</color>
          <canMove>False</canMove>
          <alias>icon</alias>
          <ShadowBlur>0</ShadowBlur>
          <icon>
            <ID/>
            <iconFontName>jdIonicons</iconFontName>
            <iconCode>62307</iconCode>
          </icon>
          <URL>2B26C789AF3EFEA925A6893B9D4A201A.svg</URL>
        </control>
        <control controlID="05A4BC8D-4E54-4E4B-8178-0222E42D9C4C" controlTypeID="Label" x="-2" y="0" w="32" h="19" zOrder="2">
          <canMove>False</canMove>
          <alias>label</alias>
          <ShadowBlur>0</ShadowBlur>
          <font family="Segoe+UI" displayName="Segoe+UI" postScript="" weightStyle="Standard" weight="400" isBold="False" isItalic="False"/>
          <text>Label</text>
          <textAlign>HaCenter</textAlign>
          <lineSpacing>0</lineSpacing>
          <selectedIndex>-1</selectedIndex>
        </control>
        <control controlID="396C2CAB-5BFD-4C14-9DA7-1B7A0FEA4259" controlTypeID="Shape" x="19" y="0" w="12" h="12" zOrder="3">
          <color>4294901760</color>
          <borderVisible>False</borderVisible>
          <canMove>False</canMove>
          <alias>alarm</alias>
          <ShadowBlur>0</ShadowBlur>
          <font family="Segoe+UI" displayName="Segoe+UI" postScript="" weightStyle="Standard" weight="400" isBold="False" isItalic="False"/>
          <text>2</text>
          <textColor>4294967295</textColor>
          <textSize>7</textSize>
          <selectedIndex>-1</selectedIndex>
          <radius>100</radius>
          <radiusIsPercent>True</radiusIsPercent>
        </control>
      </groupChildrenDescriptors>
      <iconSize>20</iconSize>
    </control>
    <control controlID="E16D844F-768D-43E0-AC7A-C33AEB950424" controlTypeID="IconButton2" x="273" y="558" w="31" h="31" zOrder="13">
      <ShadowBlur>0</ShadowBlur>
      <groupChildrenDescriptors>
        <control controlID="5B2180C1-4C49-496C-994A-939DEDA4DCFA" controlTypeID="Shape" x="0" y="0" w="31" h="31" zOrder="0">
          <borderColor>4278190080</borderColor>
          <canMove>False</canMove>
          <alias>shape</alias>
          <ShadowBlur>0</ShadowBlur>
          <font family="Segoe+UI" displayName="Segoe+UI" postScript="" weightStyle="Standard" weight="400" isBold="False" isItalic="False"/>
          <textSize>14</textSize>
          <selectedIndex>-1</selectedIndex>
          <shapeBorderType>SbEllipse</shapeBorderType>
        </control>
        <control controlID="2D5A4F67-0600-42AD-B726-8DB1689642A6" controlTypeID="Icon" x="6" y="6" w="20" h="20" zOrder="1">
          <color>4278190080</color>
          <canMove>False</canMove>
          <alias>icon</alias>
          <ShadowBlur>0</ShadowBlur>
          <icon>
            <ID/>
            <iconFontName>jdIonicons</iconFontName>
            <iconCode>62305</iconCode>
          </icon>
          <URL>99D18E524D2BEF9446942FB6A373FE26.svg</URL>
        </control>
        <control controlID="F2DF7207-4C3D-4686-A5C7-F76D58F53FD1" controlTypeID="Label" x="-2" y="0" w="32" h="19" zOrder="2">
          <canMove>False</canMove>
          <alias>label</alias>
          <ShadowBlur>0</ShadowBlur>
          <font family="Segoe+UI" displayName="Segoe+UI" postScript="" weightStyle="Standard" weight="400" isBold="False" isItalic="False"/>
          <text>Label</text>
          <textAlign>HaCenter</textAlign>
          <lineSpacing>0</lineSpacing>
          <selectedIndex>-1</selectedIndex>
        </control>
        <control controlID="2B2D0C55-9451-443D-A7C8-68DDD7D30D4F" controlTypeID="Shape" x="19" y="0" w="12" h="12" zOrder="3">
          <color>4294901760</color>
          <borderVisible>False</borderVisible>
          <canMove>False</canMove>
          <alias>alarm</alias>
          <ShadowBlur>0</ShadowBlur>
          <font family="Segoe+UI" displayName="Segoe+UI" postScript="" weightStyle="Standard" weight="400" isBold="False" isItalic="False"/>
          <text>2</text>
          <textColor>4294967295</textColor>
          <textSize>7</textSize>
          <selectedIndex>-1</selectedIndex>
          <radius>100</radius>
          <radiusIsPercent>True</radiusIsPercent>
        </control>
      </groupChildrenDescriptors>
      <iconSize>20</iconSize>
    </control>
    <control controlID="ADE50853-17EF-4E7E-B1A2-808150F79F31" controlTypeID="Label" x="431" y="80" w="238" h="38" zOrder="14">
      <ShadowBlur>0</ShadowBlur>
      <font family="Segoe+UI" displayName="Segoe+UI" postScript="" weightStyle="Standard" weight="400" isBold="False" isItalic="False"/>
      <text>Update+Transaction</text>
      <textColor>4284900966</textColor>
      <textSize>28</textSize>
      <lineSpacing>0</lineSpacing>
      <useDefaultTextSize>False</useDefaultTextSize>
      <selectedIndex>-1</selectedIndex>
    </control>
  </controls>
  <param>
    <backgroundColor>4294967295</backgroundColor>
    <fontSize>14</fontSize>
    <fontFamily>Segoe+UI</fontFamily>
    <guideLines/>
  </param>
</mockup>