﻿<mockup version="5.2" minAllowVersion="5.2" ID="854361E7-1B3A-40C0-BD20-E7D957150E25" platform="MtWeb" defaultW="1100" defaultH="1000" measureW="1100" measureH="1000" mobileScreenScale="0">
  <controls controlCount="13">
    <control controlID="25AE3788-CFD3-40D2-A1CB-1176FE452E8C" controlTypeID="Shape" x="0" y="70" w="1100" h="620" zOrder="0">
      <borderColor>4294967295</borderColor>
      <ShadowBlur>0</ShadowBlur>
      <font family="Segoe+UI" displayName="Segoe+UI" postScript="" weightStyle="Standard" weight="400" isBold="False" isItalic="False"/>
      <textSize>14</textSize>
      <selectedIndex>-1</selectedIndex>
    </control>
    <control controlID="0B2EF7DA-D1FC-426A-B3A2-4F107B4A3161" controlTypeID="Panel" x="334" y="244" w="433" h="376" zOrder="1">
      <borderColor>4288256409</borderColor>
      <ShadowBlur>0</ShadowBlur>
      <groupChildrenDescriptors>
        <control controlID="07120671-FF71-4093-BBBA-DFEEB70F4E1B" controlTypeID="Border" x="0" y="0" w="433" h="376" zOrder="0">
          <borderColor>4288256409</borderColor>
          <alias>borderLayer</alias>
          <ShadowBlur>0</ShadowBlur>
        </control>
      </groupChildrenDescriptors>
      <thinkness>1</thinkness>
    </control>
    <control controlID="1C8F79EF-250B-48B3-B522-50B028737C93" controlTypeID="Label" x="512" y="277" w="76" h="43" zOrder="2">
      <ShadowBlur>0</ShadowBlur>
      <font family="Segoe+UI" displayName="Segoe+UI" postScript="" weightStyle="Standard" weight="400" isBold="False" isItalic="False"/>
      <text>Login</text>
      <textSize>32</textSize>
      <lineSpacing>0</lineSpacing>
      <useDefaultTextSize>False</useDefaultTextSize>
      <selectedIndex>-1</selectedIndex>
    </control>
    <control controlID="726FE67B-F4D4-4ECA-A917-8A180DE61D28" controlTypeID="Button" x="642" y="550" w="96" h="39" zOrder="3">
      <ShadowBlur>0</ShadowBlur>
      <font family="Segoe+UI" displayName="Segoe+UI" postScript="" weightStyle="Standard" weight="400" isBold="False" isItalic="False"/>
      <text>Connect</text>
      <textSize>18</textSize>
      <lineSpacing>0</lineSpacing>
      <useDefaultTextSize>False</useDefaultTextSize>
      <selectedIndex>-1</selectedIndex>
      <radius>4</radius>
    </control>
    <control controlID="A515FF91-9CAD-4CDD-A8F4-43835BE045C3" controlTypeID="Shape" x="334" y="343" w="433" h="178" zOrder="4">
      <color>4281234870</color>
      <borderColor>4281234870</borderColor>
      <ShadowBlur>0</ShadowBlur>
      <font family="Segoe+UI" displayName="Segoe+UI" postScript="" weightStyle="Standard" weight="400" isBold="False" isItalic="False"/>
      <textSize>14</textSize>
      <selectedIndex>-1</selectedIndex>
    </control>
    <control controlID="11B8F184-3325-4B68-9BFA-E624CA911D8A" controlTypeID="TextInput" x="344" y="383" w="413" h="36" zOrder="5">
      <borderColor>4290689342</borderColor>
      <ShadowBlur>0</ShadowBlur>
      <font family="Segoe+UI" displayName="Segoe+UI" postScript="" weightStyle="Standard" weight="400" isBold="False" isItalic="False"/>
      <lineSpacing>0</lineSpacing>
      <selectedIndex>-1</selectedIndex>
      <placeHolder>email</placeHolder>
    </control>
    <control controlID="FDD20FD9-1125-4EAD-B407-1D7B4C6CFD80" controlTypeID="TextInput" x="344" y="431" w="413" h="36" zOrder="6">
      <borderColor>4290689342</borderColor>
      <ShadowBlur>0</ShadowBlur>
      <font family="Segoe+UI" displayName="Segoe+UI" postScript="" weightStyle="Standard" weight="400" isBold="False" isItalic="False"/>
      <lineSpacing>0</lineSpacing>
      <selectedIndex>-1</selectedIndex>
      <placeHolder>password</placeHolder>
    </control>
    <control controlID="C58C2D28-88E8-494A-9E0C-37FB83CF09D7" controlTypeID="Icon" x="757" y="405" w="34" h="34" zOrder="7">
      <color>4278190080</color>
      <icon>
        <ID/>
        <iconFontName>jdIonicons</iconFontName>
        <iconCode>62354</iconCode>
      </icon>
      <URL>671B6BE607975A74FB470B2A24F33C46.svg</URL>
    </control>
    <control controlID="DB7DDA0D-6C41-4324-8250-69625FEFE397" controlTypeID="Panel" x="0" y="0" w="1100" h="70" zOrder="8">
      <borderColor>4294967295</borderColor>
      <ShadowBlur>0</ShadowBlur>
      <groupChildrenDescriptors>
        <control controlID="07F004BE-9658-4BC8-B8E1-E89AD52A3A04" controlTypeID="Border" x="0" y="0" w="1100" h="70" zOrder="0">
          <borderColor>4294967295</borderColor>
          <alias>borderLayer</alias>
          <ShadowBlur>0</ShadowBlur>
        </control>
      </groupChildrenDescriptors>
      <thinkness>1</thinkness>
    </control>
    <control controlID="C85D39A4-7A9A-4826-BAF7-983C90529A0A" controlTypeID="Panel" x="0" y="690" w="1100" h="70" zOrder="9">
      <borderColor>4294967295</borderColor>
      <ShadowBlur>0</ShadowBlur>
      <groupChildrenDescriptors>
        <control controlID="8FD6B917-6E96-4F64-93ED-599EF8D85135" controlTypeID="Border" x="0" y="0" w="1100" h="70" zOrder="0">
          <borderColor>4294967295</borderColor>
          <alias>borderLayer</alias>
          <ShadowBlur>0</ShadowBlur>
        </control>
      </groupChildrenDescriptors>
      <thinkness>1</thinkness>
    </control>
  </controls>
  <param>
    <backgroundColor>4294967295</backgroundColor>
    <fontSize>14</fontSize>
    <fontFamily>Segoe+UI</fontFamily>
    <guideLines/>
  </param>
</mockup>