﻿<mockup version="5.2" minAllowVersion="5.2" ID="A3D043D4-D3D3-41FD-905A-5203E0D6854A" platform="MtWeb" defaultW="1100" defaultH="1000" measureW="1100" measureH="1000" mobileScreenScale="0">
  <controls controlCount="84">
    <control controlID="E8176A72-4007-4157-B79A-E6F00778F856" controlTypeID="__group__" x="0" y="690" w="1100" h="70" zOrder="0">
      <ShadowBlur>0</ShadowBlur>
      <groupChildrenDescriptors>
        <control controlID="B987862A-4FD1-4D4A-9E97-A44F1207DE63" controlTypeID="Panel" x="0" y="0" w="1100" h="70" zOrder="0">
          <color>4280642473</color>
          <borderColor>4280642473</borderColor>
          <ShadowBlur>0</ShadowBlur>
          <groupChildrenDescriptors>
            <control controlID="6FEAECA7-4AC7-45D6-94ED-7228FAC7D8C4" controlTypeID="Border" x="0" y="0" w="1100" h="70" zOrder="0">
              <borderColor>4280642473</borderColor>
              <alias>borderLayer</alias>
              <ShadowBlur>0</ShadowBlur>
            </control>
          </groupChildrenDescriptors>
          <thinkness>1</thinkness>
        </control>
        <control controlID="B9A5E05B-D478-4DE9-A8F1-3971F63C06EC" controlTypeID="Label" x="31" y="21" w="36" h="24" zOrder="1">
          <ShadowBlur>0</ShadowBlur>
          <font family="Segoe+UI" displayName="Segoe+UI" postScript="" weightStyle="Standard" weight="400" isBold="False" isItalic="False"/>
          <text>Help</text>
          <textColor>4294967295</textColor>
          <textSize>18</textSize>
          <lineSpacing>0</lineSpacing>
          <useDefaultTextSize>False</useDefaultTextSize>
          <selectedIndex>-1</selectedIndex>
        </control>
        <control controlID="75CF6FE4-08DA-4053-9EE1-2967B033FEA2" controlTypeID="Label" x="95" y="21" w="75" h="24" zOrder="2">
          <ShadowBlur>0</ShadowBlur>
          <font family="Segoe+UI" displayName="Segoe+UI" postScript="" weightStyle="Standard" weight="400" isBold="False" isItalic="False"/>
          <text>Feedback</text>
          <textColor>4294967295</textColor>
          <textSize>18</textSize>
          <lineSpacing>0</lineSpacing>
          <useDefaultTextSize>False</useDefaultTextSize>
          <selectedIndex>-1</selectedIndex>
        </control>
        <control controlID="A789824F-2BC8-40E3-BAF9-F0069C7EE900" controlTypeID="Label" x="207" y="21" w="57" h="24" zOrder="3">
          <ShadowBlur>0</ShadowBlur>
          <font family="Segoe+UI" displayName="Segoe+UI" postScript="" weightStyle="Standard" weight="400" isBold="False" isItalic="False"/>
          <text>Imprint</text>
          <textColor>4294967295</textColor>
          <textSize>18</textSize>
          <lineSpacing>0</lineSpacing>
          <useDefaultTextSize>False</useDefaultTextSize>
          <selectedIndex>-1</selectedIndex>
        </control>
        <control controlID="4D687661-2885-4CBE-B571-11CC59E08FBB" controlTypeID="Label" x="830" y="24" w="250" h="24" zOrder="4">
          <ShadowBlur>0</ShadowBlur>
          <font family="Segoe+UI" displayName="Segoe+UI" postScript="" weightStyle="Standard" weight="400" isBold="False" isItalic="False"/>
          <text>%C2%A9+Copyright+201%3F+becon+GmbH</text>
          <textColor>4294967295</textColor>
          <textSize>18</textSize>
          <lineSpacing>0</lineSpacing>
          <useDefaultTextSize>False</useDefaultTextSize>
          <selectedIndex>-1</selectedIndex>
        </control>
      </groupChildrenDescriptors>
    </control>
    <control controlID="9C7B0DE3-A9AA-4EA4-91A7-D02A4D2ED1A0" controlTypeID="Shape" x="0" y="70" w="1100" h="620" zOrder="1">
      <font family="Segoe+UI" displayName="Segoe+UI" postScript="" weightStyle="Standard" weight="400" isBold="False" isItalic="False"/>
      <textSize>14</textSize>
      <selectedIndex>-1</selectedIndex>
    </control>
    <control controlID="60292144-6CC5-4D40-82F0-0EFBE22859E9" controlTypeID="Label" x="498" y="80" w="104" h="38" zOrder="2">
      <ShadowBlur>0</ShadowBlur>
      <font family="Segoe+UI" displayName="Segoe+UI" postScript="" weightStyle="Standard" weight="400" isBold="False" isItalic="False"/>
      <text>User+List</text>
      <textColor>4284900966</textColor>
      <textSize>28</textSize>
      <lineSpacing>0</lineSpacing>
      <useDefaultTextSize>False</useDefaultTextSize>
      <selectedIndex>-1</selectedIndex>
    </control>
    <control controlID="7D0E25DE-906F-4ADB-951C-D4D415AE79BD" controlTypeID="__group__" x="252" y="228" w="279" h="143" zOrder="3">
      <groupChildrenDescriptors>
        <control controlID="05390951-3D0B-4839-888F-58759DE66B9D" controlTypeID="Shape" x="0" y="0" w="279" h="143" zOrder="0">
          <color>4288269465</color>
          <ShadowBlur>0</ShadowBlur>
          <font family="Segoe+UI" displayName="Segoe+UI" postScript="" weightStyle="Standard" weight="400" isBold="False" isItalic="False"/>
          <textSize>14</textSize>
          <selectedIndex>-1</selectedIndex>
          <radius>4</radius>
          <radiusIsPercent>True</radiusIsPercent>
        </control>
        <control controlID="AF31E5FD-6EF7-4F51-BB36-F04DEB9503A6" controlTypeID="__group__" x="6" y="116" w="268" h="19" zOrder="1">
          <ShadowBlur>0</ShadowBlur>
          <groupChildrenDescriptors>
            <control controlID="5EB214DA-E5EE-4F8B-B65F-27859B3E6009" controlTypeID="Label" x="0" y="0" w="29" h="19" zOrder="0">
              <ShadowBlur>0</ShadowBlur>
              <font family="Segoe+UI" displayName="Segoe+UI" postScript="" weightStyle="Standard" weight="400" isBold="False" isItalic="False"/>
              <text>View</text>
              <lineSpacing>0</lineSpacing>
              <useDefaultTextSize>False</useDefaultTextSize>
              <selectedIndex>-1</selectedIndex>
            </control>
            <control controlID="DCDBE3E4-9113-4B48-8BF6-F20F2423878D" controlTypeID="Label" x="39" y="0" w="45" h="19" zOrder="1">
              <ShadowBlur>0</ShadowBlur>
              <font family="Segoe+UI" displayName="Segoe+UI" postScript="" weightStyle="Standard" weight="400" isBold="False" isItalic="False"/>
              <text>Update</text>
              <lineSpacing>0</lineSpacing>
              <useDefaultTextSize>False</useDefaultTextSize>
              <selectedIndex>-1</selectedIndex>
            </control>
            <control controlID="9A83D0EE-D71D-46D6-B131-AEB04071315B" controlTypeID="Label" x="229" y="0" w="39" h="19" zOrder="2">
              <ShadowBlur>0</ShadowBlur>
              <font family="Segoe+UI" displayName="Segoe+UI" postScript="" weightStyle="Standard" weight="400" isBold="False" isItalic="False"/>
              <text>Delete</text>
              <textColor>4294901760</textColor>
              <lineSpacing>0</lineSpacing>
              <useDefaultTextSize>False</useDefaultTextSize>
              <selectedIndex>-1</selectedIndex>
            </control>
          </groupChildrenDescriptors>
        </control>
        <control controlID="0A2C1F78-CDC8-4993-BEAC-A2B56CCB88BD" controlTypeID="__group__" x="6" y="23" w="130" h="37" zOrder="2">
          <ShadowBlur>0</ShadowBlur>
          <groupChildrenDescriptors>
            <control controlID="B0199FBA-5CF4-4372-9E85-1CC550033F72" controlTypeID="Label" x="0" y="0" w="117" h="24" zOrder="0">
              <ShadowBlur>0</ShadowBlur>
              <font family="Segoe+UI" displayName="Segoe+UI_%26_Bold" postScript="" weightStyle="Bold" weight="700" isBold="True" isItalic="False"/>
              <text>Jakob+Semere</text>
              <textSize>18</textSize>
              <lineSpacing>0</lineSpacing>
              <textStyles>[fsBold]</textStyles>
              <useDefaultTextSize>False</useDefaultTextSize>
              <selectedIndex>-1</selectedIndex>
            </control>
            <control controlID="7D6E7814-AB60-4476-B32B-791024CC3BDB" controlTypeID="Label" x="0" y="21" w="130" h="16" zOrder="1">
              <ShadowBlur>0</ShadowBlur>
              <font family="Segoe+UI" displayName="Segoe+UI" postScript="" weightStyle="Standard" weight="400" isBold="False" isItalic="False"/>
              <text>jakob.semere@becon.de</text>
              <textColor>4286151033</textColor>
              <textSize>12</textSize>
              <lineSpacing>0</lineSpacing>
              <useDefaultTextSize>False</useDefaultTextSize>
              <selectedIndex>-1</selectedIndex>
            </control>
          </groupChildrenDescriptors>
        </control>
        <control controlID="8B8EF83A-A59B-4830-A42A-D46D05885E95" controlTypeID="__group__" x="219" y="10" w="57" h="64" zOrder="3">
          <ShadowBlur>0</ShadowBlur>
          <groupChildrenDescriptors>
            <control controlID="9A1FDBAC-E7E4-4C16-8B3A-54474E0A823A" controlTypeID="Image" x="0" y="7" w="50" h="57" zOrder="0">
              <ShadowBlur>0</ShadowBlur>
              <URL>BA04972E3182AD905AFF05C0CCA8C3E7.png</URL>
            </control>
            <control controlID="7A2D47ED-35C2-4DE1-AB94-8DE6E43E54FE" controlTypeID="Image" x="35" y="0" w="22" h="22" zOrder="1">
              <ShadowBlur>0</ShadowBlur>
              <URL>5009BE1A7E81EECD2CBC930CA5A8E0AD.png</URL>
            </control>
          </groupChildrenDescriptors>
        </control>
      </groupChildrenDescriptors>
    </control>
    <control controlID="3644F9D9-82F5-4D02-918F-7384D130368C" controlTypeID="__group__" x="567" y="228" w="279" h="143" zOrder="4">
      <ShadowBlur>0</ShadowBlur>
      <groupChildrenDescriptors>
        <control controlID="881537FC-A23A-4211-BF1E-760A00198C3F" controlTypeID="Shape" x="0" y="0" w="279" h="143" zOrder="0">
          <color>4288269465</color>
          <ShadowBlur>0</ShadowBlur>
          <font family="Segoe+UI" displayName="Segoe+UI" postScript="" weightStyle="Standard" weight="400" isBold="False" isItalic="False"/>
          <textSize>14</textSize>
          <selectedIndex>-1</selectedIndex>
          <radius>4</radius>
          <radiusIsPercent>True</radiusIsPercent>
        </control>
        <control controlID="1E78ACC3-7C86-4C03-B8C4-048C42FAAD51" controlTypeID="__group__" x="6" y="10" w="270" h="125" zOrder="1">
          <ShadowBlur>0</ShadowBlur>
          <groupChildrenDescriptors>
            <control controlID="88394279-763B-4C8A-A870-C0559DCB2ADA" controlTypeID="__group__" x="0" y="106" w="268" h="19" zOrder="0">
              <ShadowBlur>0</ShadowBlur>
              <groupChildrenDescriptors>
                <control controlID="0137DBBF-014B-41ED-B093-F903667FB7FA" controlTypeID="Label" x="0" y="0" w="29" h="19" zOrder="0">
                  <ShadowBlur>0</ShadowBlur>
                  <font family="Segoe+UI" displayName="Segoe+UI" postScript="" weightStyle="Standard" weight="400" isBold="False" isItalic="False"/>
                  <text>View</text>
                  <lineSpacing>0</lineSpacing>
                  <useDefaultTextSize>False</useDefaultTextSize>
                  <selectedIndex>-1</selectedIndex>
                </control>
                <control controlID="8406AE3F-637E-4F60-87F0-338B45B8F589" controlTypeID="Label" x="39" y="0" w="45" h="19" zOrder="1">
                  <ShadowBlur>0</ShadowBlur>
                  <font family="Segoe+UI" displayName="Segoe+UI" postScript="" weightStyle="Standard" weight="400" isBold="False" isItalic="False"/>
                  <text>Update</text>
                  <lineSpacing>0</lineSpacing>
                  <useDefaultTextSize>False</useDefaultTextSize>
                  <selectedIndex>-1</selectedIndex>
                </control>
                <control controlID="7F1B843F-983D-43B3-9ECC-980EEF81D894" controlTypeID="Label" x="229" y="0" w="39" h="19" zOrder="2">
                  <ShadowBlur>0</ShadowBlur>
                  <font family="Segoe+UI" displayName="Segoe+UI" postScript="" weightStyle="Standard" weight="400" isBold="False" isItalic="False"/>
                  <text>Delete</text>
                  <textColor>4294901760</textColor>
                  <lineSpacing>0</lineSpacing>
                  <useDefaultTextSize>False</useDefaultTextSize>
                  <selectedIndex>-1</selectedIndex>
                </control>
              </groupChildrenDescriptors>
            </control>
            <control controlID="61FCA7C7-D063-4CD6-9131-90D7BC1BA480" controlTypeID="__group__" x="0" y="13" w="128" h="37" zOrder="1">
              <ShadowBlur>0</ShadowBlur>
              <groupChildrenDescriptors>
                <control controlID="D631502F-2244-479C-9094-85329DC4E3C1" controlTypeID="Label" x="0" y="0" w="111" h="24" zOrder="0">
                  <ShadowBlur>0</ShadowBlur>
                  <font family="Segoe+UI" displayName="Segoe+UI_%26_Bold" postScript="" weightStyle="Bold" weight="700" isBold="True" isItalic="False"/>
                  <text>Bob+Mustaev</text>
                  <textSize>18</textSize>
                  <lineSpacing>0</lineSpacing>
                  <textStyles>[fsBold]</textStyles>
                  <useDefaultTextSize>False</useDefaultTextSize>
                  <selectedIndex>-1</selectedIndex>
                </control>
                <control controlID="30D9659D-F761-4383-B120-106A1EB5D382" controlTypeID="Label" x="0" y="21" w="128" h="16" zOrder="1">
                  <ShadowBlur>0</ShadowBlur>
                  <font family="Segoe+UI" displayName="Segoe+UI" postScript="" weightStyle="Standard" weight="400" isBold="False" isItalic="False"/>
                  <text>bob.mustaev@becon.de</text>
                  <textColor>4286151033</textColor>
                  <textSize>12</textSize>
                  <lineSpacing>0</lineSpacing>
                  <useDefaultTextSize>False</useDefaultTextSize>
                  <selectedIndex>-1</selectedIndex>
                </control>
              </groupChildrenDescriptors>
            </control>
            <control controlID="FD261D92-37B3-443D-B594-9D18999E9E90" controlTypeID="__group__" x="213" y="0" w="57" h="62" zOrder="2">
              <ShadowBlur>0</ShadowBlur>
              <groupChildrenDescriptors>
                <control controlID="BAC74544-704D-43B8-958F-88D9B9EA1BF7" controlTypeID="Image" x="0" y="7" w="54" h="55" zOrder="0">
                  <ShadowBlur>0</ShadowBlur>
                  <URL>342E995849FF1332274CA5C809F35463.jpg</URL>
                </control>
                <control controlID="318CCEEF-FA95-4E24-889C-7FF29294A9F0" controlTypeID="Image" x="35" y="0" w="22" h="22" zOrder="1">
                  <ShadowBlur>0</ShadowBlur>
                  <URL>5009BE1A7E81EECD2CBC930CA5A8E0AD.png</URL>
                </control>
              </groupChildrenDescriptors>
            </control>
          </groupChildrenDescriptors>
        </control>
      </groupChildrenDescriptors>
    </control>
    <control controlID="8EE9F48A-35A6-4AB1-9309-C85486A8D97E" controlTypeID="Shape" x="567" y="430" w="279" h="143" zOrder="5">
      <ShadowBlur>0</ShadowBlur>
      <font family="Segoe+UI" displayName="Segoe+UI" postScript="" weightStyle="Standard" weight="400" isBold="False" isItalic="False"/>
      <text>%2B</text>
      <textSize>72</textSize>
      <useDefaultTextSize>False</useDefaultTextSize>
      <selectedIndex>-1</selectedIndex>
    </control>
    <control controlID="316BBAC7-1AF5-4D66-8283-5821080244AA" controlTypeID="__group__" x="252" y="430" w="279" h="143" zOrder="6">
      <ShadowBlur>0</ShadowBlur>
      <groupChildrenDescriptors>
        <control controlID="535587C0-A027-4678-808D-6BC99FBF2AB6" controlTypeID="Shape" x="0" y="0" w="279" h="143" zOrder="0">
          <color>4288269465</color>
          <ShadowBlur>0</ShadowBlur>
          <font family="Segoe+UI" displayName="Segoe+UI" postScript="" weightStyle="Standard" weight="400" isBold="False" isItalic="False"/>
          <textSize>14</textSize>
          <selectedIndex>-1</selectedIndex>
          <radius>4</radius>
          <radiusIsPercent>True</radiusIsPercent>
        </control>
        <control controlID="18478D70-C612-42B6-B154-2D00BA8BBAED" controlTypeID="__group__" x="6" y="10" w="270" h="125" zOrder="1">
          <ShadowBlur>0</ShadowBlur>
          <groupChildrenDescriptors>
            <control controlID="219EDCC0-B199-446A-A939-A639A3949867" controlTypeID="__group__" x="0" y="106" w="268" h="19" zOrder="0">
              <ShadowBlur>0</ShadowBlur>
              <groupChildrenDescriptors>
                <control controlID="7974CDEA-A22E-4CB6-8219-CFE8AB5BAFD0" controlTypeID="Label" x="0" y="0" w="29" h="19" zOrder="0">
                  <ShadowBlur>0</ShadowBlur>
                  <font family="Segoe+UI" displayName="Segoe+UI" postScript="" weightStyle="Standard" weight="400" isBold="False" isItalic="False"/>
                  <text>View</text>
                  <lineSpacing>0</lineSpacing>
                  <useDefaultTextSize>False</useDefaultTextSize>
                  <selectedIndex>-1</selectedIndex>
                </control>
                <control controlID="C4184A47-7D16-4D19-9F07-582B26D50DD8" controlTypeID="Label" x="39" y="0" w="45" h="19" zOrder="1">
                  <ShadowBlur>0</ShadowBlur>
                  <font family="Segoe+UI" displayName="Segoe+UI" postScript="" weightStyle="Standard" weight="400" isBold="False" isItalic="False"/>
                  <text>Update</text>
                  <lineSpacing>0</lineSpacing>
                  <useDefaultTextSize>False</useDefaultTextSize>
                  <selectedIndex>-1</selectedIndex>
                </control>
                <control controlID="65833E39-2E29-4B0E-969D-2F0783398361" controlTypeID="Label" x="229" y="0" w="39" h="19" zOrder="2">
                  <ShadowBlur>0</ShadowBlur>
                  <font family="Segoe+UI" displayName="Segoe+UI" postScript="" weightStyle="Standard" weight="400" isBold="False" isItalic="False"/>
                  <text>Delete</text>
                  <textColor>4294901760</textColor>
                  <lineSpacing>0</lineSpacing>
                  <useDefaultTextSize>False</useDefaultTextSize>
                  <selectedIndex>-1</selectedIndex>
                </control>
              </groupChildrenDescriptors>
            </control>
            <control controlID="07491B1A-2B24-4B3D-BDA1-13C366B84545" controlTypeID="__group__" x="0" y="13" w="128" h="37" zOrder="1">
              <ShadowBlur>0</ShadowBlur>
              <groupChildrenDescriptors>
                <control controlID="CB74BBC3-D799-4043-B1AD-8E548444336A" controlTypeID="Label" x="0" y="0" w="119" h="24" zOrder="0">
                  <ShadowBlur>0</ShadowBlur>
                  <font family="Segoe+UI" displayName="Segoe+UI_%26_Bold" postScript="" weightStyle="Bold" weight="700" isBold="True" isItalic="False"/>
                  <text>Ruzalin+Galiev</text>
                  <textSize>18</textSize>
                  <lineSpacing>0</lineSpacing>
                  <textStyles>[fsBold]</textStyles>
                  <useDefaultTextSize>False</useDefaultTextSize>
                  <selectedIndex>-1</selectedIndex>
                </control>
                <control controlID="FB021618-785A-4FEC-BA1C-9B55CE24C406" controlTypeID="Label" x="0" y="21" w="128" h="16" zOrder="1">
                  <ShadowBlur>0</ShadowBlur>
                  <font family="Segoe+UI" displayName="Segoe+UI" postScript="" weightStyle="Standard" weight="400" isBold="False" isItalic="False"/>
                  <text>ruzalin.galiev@becon.de</text>
                  <textColor>4286151033</textColor>
                  <textSize>12</textSize>
                  <lineSpacing>0</lineSpacing>
                  <useDefaultTextSize>False</useDefaultTextSize>
                  <selectedIndex>-1</selectedIndex>
                </control>
              </groupChildrenDescriptors>
            </control>
            <control controlID="EF824814-9271-4DE6-A676-5AF2A5C40964" controlTypeID="__group__" x="213" y="0" w="57" h="64" zOrder="2">
              <ShadowBlur>0</ShadowBlur>
              <groupChildrenDescriptors>
                <control controlID="98CE4317-F2DC-454A-9EE7-A6EE19088614" controlTypeID="Image" x="0" y="7" w="50" h="57" zOrder="0">
                  <ShadowBlur>0</ShadowBlur>
                  <URL>E46CFD1A0CE30F7F71FABDCC41C41B38.jpg</URL>
                </control>
                <control controlID="4CFB2D73-CEF1-4368-9BFB-827459E766A3" controlTypeID="Image" x="35" y="0" w="22" h="22" zOrder="1">
                  <ShadowBlur>0</ShadowBlur>
                  <URL>5009BE1A7E81EECD2CBC930CA5A8E0AD.png</URL>
                </control>
              </groupChildrenDescriptors>
            </control>
          </groupChildrenDescriptors>
        </control>
      </groupChildrenDescriptors>
    </control>
    <control controlID="A415D26D-26FA-4873-B69D-21993B18CA78" controlTypeID="__group__" x="464" y="650" w="172" h="31" zOrder="7">
      <ShadowBlur>0</ShadowBlur>
      <groupChildrenDescriptors>
        <control controlID="BCF3D238-C25C-40B9-944E-19866E18B321" controlTypeID="Icon" x="0" y="0" w="31" h="31" zOrder="0">
          <ShadowBlur>0</ShadowBlur>
          <icon>
            <ID/>
            <iconFontName>jdIonicons</iconFontName>
            <iconCode>62305</iconCode>
          </icon>
          <URL>99D18E524D2BEF9446942FB6A373FE26.svg</URL>
        </control>
        <control controlID="912EA688-B1E8-4BF8-B325-E140839F15F8" controlTypeID="Icon" x="141" y="0" w="31" h="31" zOrder="1">
          <color>4291414473</color>
          <ShadowBlur>0</ShadowBlur>
          <icon>
            <ID/>
            <iconFontName>jdIonicons</iconFontName>
            <iconCode>62307</iconCode>
          </icon>
          <URL>2B26C789AF3EFEA925A6893B9D4A201A.svg</URL>
        </control>
        <control controlID="7E21C222-010A-47E0-9B6D-8BBEC045085E" controlTypeID="__group__" x="50" y="4" w="70" h="24" zOrder="2">
          <ShadowBlur>0</ShadowBlur>
          <groupChildrenDescriptors>
            <control controlID="DCA53F0A-813C-469D-A3D4-97003035AA55" controlTypeID="Label" x="0" y="0" w="54" h="24" zOrder="0">
              <ShadowBlur>0</ShadowBlur>
              <font family="Segoe+UI" displayName="Segoe+UI" postScript="" weightStyle="Standard" weight="400" isBold="False" isItalic="False"/>
              <text>1+2+...+5+</text>
              <textColor>4284900966</textColor>
              <textSize>18</textSize>
              <lineSpacing>0</lineSpacing>
              <useDefaultTextSize>False</useDefaultTextSize>
              <selectedIndex>-1</selectedIndex>
            </control>
            <control controlID="0D634D6D-7C2E-407D-B6AA-BD54CF81008E" controlTypeID="Label" x="61" y="0" w="9" h="24" zOrder="1">
              <ShadowBlur>0</ShadowBlur>
              <font family="Segoe+UI" displayName="Segoe+UI" postScript="" weightStyle="Standard" weight="400" isBold="False" isItalic="False"/>
              <text>6</text>
              <textSize>18</textSize>
              <lineSpacing>0</lineSpacing>
              <textStyles>[fsUnderline]</textStyles>
              <useDefaultTextSize>False</useDefaultTextSize>
              <selectedIndex>-1</selectedIndex>
            </control>
          </groupChildrenDescriptors>
        </control>
      </groupChildrenDescriptors>
    </control>
    <control controlID="51860F72-2F01-4119-9D6A-A74588071DDD" controlTypeID="__group__" x="252" y="146" w="200" h="48" zOrder="8">
      <ShadowBlur>0</ShadowBlur>
      <groupChildrenDescriptors>
        <control controlID="E7A8E0CE-2E0E-4A65-A1D8-8421847D88CB" controlTypeID="Label" x="0" y="0" w="70" h="19" zOrder="0">
          <ShadowBlur>0</ShadowBlur>
          <font family="Segoe+UI" displayName="Segoe+UI" postScript="" weightStyle="Standard" weight="400" isBold="False" isItalic="False"/>
          <text>Quick+filter%3A</text>
          <lineSpacing>0</lineSpacing>
          <selectedIndex>-1</selectedIndex>
        </control>
        <control controlID="5D26ED3C-E967-4E72-9B6C-0AD89FB62302" controlTypeID="CompositeComboBox" x="0" y="24" w="200" h="24" zOrder="1">
          <ShadowBlur>0</ShadowBlur>
          <groupChildrenDescriptors>
            <control controlID="86F1AF82-4F6A-47A0-B9A5-020E2068E90E" controlTypeID="TextInput" x="0" y="0" w="177" h="24" zOrder="0">
              <locked>True</locked>
              <canMove>False</canMove>
              <alias>input</alias>
              <ShadowBlur>0</ShadowBlur>
              <font family="Segoe+UI" displayName="Segoe+UI" postScript="" weightStyle="Standard" weight="400" isBold="False" isItalic="False"/>
              <text>Choose+User+Group+...</text>
              <lineSpacing>0</lineSpacing>
              <selectedIndex>-1</selectedIndex>
            </control>
            <control controlID="4CF6B631-089C-4374-863E-FC4EFB70677F" controlTypeID="Button" x="176" y="0" w="24" h="24" zOrder="1">
              <locked>True</locked>
              <canMove>False</canMove>
              <alias>button</alias>
              <ShadowBlur>0</ShadowBlur>
              <font family="Segoe+UI" displayName="Segoe+UI" postScript="" weightStyle="Standard" weight="400" isBold="False" isItalic="False"/>
              <lineSpacing>0</lineSpacing>
              <selectedIndex>-1</selectedIndex>
              <radius>0</radius>
            </control>
            <control controlID="77B2D4E4-7031-4AE1-9A46-4683FB2C026D" controlTypeID="List" x="0" y="24" w="200" h="74" zOrder="2">
              <isShow>False</isShow>
              <canMove>False</canMove>
              <alias>dropDown</alias>
              <ShadowBlur>0</ShadowBlur>
              <font family="Segoe+UI" displayName="Segoe+UI" postScript="" weightStyle="Standard" weight="400" isBold="False" isItalic="False"/>
              <text>Choose+User+Group+...%0D%0AAdmin%0D%0AUser</text>
              <textSize>14</textSize>
              <lineSpacing>0</lineSpacing>
              <itemHeight>24</itemHeight>
              <interlaceColor>4294967295</interlaceColor>
            </control>
          </groupChildrenDescriptors>
          <baseHeight>24</baseHeight>
          <font family="Segoe+UI"/>
          <textSize>14</textSize>
        </control>
      </groupChildrenDescriptors>
    </control>
    <control controlID="E88F0BF3-F416-49E3-9A14-F2F99589EDD9" controlTypeID="__group__" x="495" y="146" w="351" h="48" zOrder="9">
      <ShadowBlur>0</ShadowBlur>
      <groupChildrenDescriptors>
        <control controlID="1D70F2E5-49CE-42DC-81E7-946CE4CA9172" controlTypeID="Label" x="0" y="0" w="81" h="19" zOrder="0">
          <ShadowBlur>0</ShadowBlur>
          <font family="Segoe+UI" displayName="Segoe+UI" postScript="" weightStyle="Standard" weight="400" isBold="False" isItalic="False"/>
          <text>Quick+search%3A</text>
          <lineSpacing>0</lineSpacing>
          <selectedIndex>-1</selectedIndex>
        </control>
        <control controlID="50B4E7CD-1FB8-49D8-8A99-A86AA0DEE30E" controlTypeID="TextInput" x="0" y="24" w="351" h="24" zOrder="1">
          <ShadowBlur>0</ShadowBlur>
          <font family="Segoe+UI" displayName="Segoe+UI" postScript="" weightStyle="Standard" weight="400" isBold="False" isItalic="False"/>
          <lineSpacing>0</lineSpacing>
          <selectedIndex>-1</selectedIndex>
        </control>
      </groupChildrenDescriptors>
    </control>
    <control controlID="0D3CFF6B-E800-4840-99A6-F5BA616923AC" controlTypeID="__group__" x="0" y="0" w="1100" h="70" zOrder="10">
      <ShadowBlur>0</ShadowBlur>
      <groupChildrenDescriptors>
        <control controlID="5C696354-0981-424A-A21B-799C8631D4B3" controlTypeID="Panel" x="0" y="0" w="1100" h="70" zOrder="0">
          <color>4280642473</color>
          <borderColor>4280642473</borderColor>
          <ShadowBlur>0</ShadowBlur>
          <groupChildrenDescriptors>
            <control controlID="FCDAA4B4-86A6-4D28-9990-DBB531CBCF7A" controlTypeID="Border" x="0" y="0" w="1100" h="70" zOrder="0">
              <borderColor>4280642473</borderColor>
              <alias>borderLayer</alias>
              <ShadowBlur>0</ShadowBlur>
            </control>
          </groupChildrenDescriptors>
          <thinkness>1</thinkness>
        </control>
        <control controlID="C36DCB42-FED1-4871-BEF2-EF9A183C7D2A" controlTypeID="__group__" x="30" y="10" w="1033" h="50" zOrder="1">
          <ShadowBlur>0</ShadowBlur>
          <groupChildrenDescriptors>
            <control controlID="C93E012C-5D58-4E78-8D19-D6B233AB2063" controlTypeID="Image" x="0" y="0" w="50" h="50" zOrder="0">
              <ShadowBlur>0</ShadowBlur>
              <URL>976481E0FBEB84C2585025769B665392.png</URL>
            </control>
            <control controlID="60157A42-D47D-449A-AF88-3D5EB929E834" controlTypeID="__group__" x="113" y="17" w="42" h="24" zOrder="1">
              <ShadowBlur>0</ShadowBlur>
              <groupChildrenDescriptors>
                <control controlID="2B64A82C-6983-48B8-9A55-122A959D579B" controlTypeID="Label" x="12" y="0" w="30" h="24" zOrder="0">
                  <ShadowBlur>0</ShadowBlur>
                  <font family="Segoe+UI" displayName="Segoe+UI" postScript="" weightStyle="Standard" weight="400" isBold="False" isItalic="False"/>
                  <text>sers</text>
                  <textColor>4290689342</textColor>
                  <textSize>18</textSize>
                  <lineSpacing>0</lineSpacing>
                  <useDefaultTextSize>False</useDefaultTextSize>
                  <selectedIndex>-1</selectedIndex>
                </control>
                <control controlID="FE0709C8-F4BF-4FC9-8D18-165633303E14" controlTypeID="Label" x="0" y="0" w="11" h="24" zOrder="1">
                  <ShadowBlur>0</ShadowBlur>
                  <font family="Segoe+UI" displayName="Segoe+UI" postScript="" weightStyle="Standard" weight="400" isBold="False" isItalic="False"/>
                  <text>U</text>
                  <textColor>4290689342</textColor>
                  <textSize>18</textSize>
                  <lineSpacing>0</lineSpacing>
                  <textStyles>[fsUnderline]</textStyles>
                  <useDefaultTextSize>False</useDefaultTextSize>
                  <selectedIndex>-1</selectedIndex>
                </control>
              </groupChildrenDescriptors>
            </control>
            <control controlID="2BE3F334-08A6-470E-95DE-92B1191C49E1" controlTypeID="__group__" x="233" y="18" w="95" h="24" zOrder="2">
              <ShadowBlur>0</ShadowBlur>
              <groupChildrenDescriptors>
                <control controlID="7EF1B95D-A08B-4BEA-A63D-EB430CDAE4D5" controlTypeID="Label" x="0" y="0" w="95" h="24" zOrder="0">
                  <ShadowBlur>0</ShadowBlur>
                  <font family="Segoe+UI" displayName="Segoe+UI" postScript="" weightStyle="Standard" weight="400" isBold="False" isItalic="False"/>
                  <text>User+++roups</text>
                  <textColor>4294967295</textColor>
                  <textSize>18</textSize>
                  <lineSpacing>0</lineSpacing>
                  <useDefaultTextSize>False</useDefaultTextSize>
                  <selectedIndex>-1</selectedIndex>
                </control>
                <control controlID="F7786033-592B-4BB5-8394-8691E704DDF0" controlTypeID="Label" x="39" y="0" w="11" h="24" zOrder="1">
                  <ShadowBlur>0</ShadowBlur>
                  <font family="Segoe+UI" displayName="Segoe+UI" postScript="" weightStyle="Standard" weight="400" isBold="False" isItalic="False"/>
                  <text>G</text>
                  <textColor>4290689342</textColor>
                  <textSize>18</textSize>
                  <lineSpacing>0</lineSpacing>
                  <textStyles>[fsUnderline]</textStyles>
                  <useDefaultTextSize>False</useDefaultTextSize>
                  <selectedIndex>-1</selectedIndex>
                </control>
              </groupChildrenDescriptors>
            </control>
            <control controlID="50F07D0A-A856-4BB2-9A9B-19973BF5D1B6" controlTypeID="__group__" x="968" y="16" w="65" h="25" zOrder="3">
              <ShadowBlur>0</ShadowBlur>
              <groupChildrenDescriptors>
                <control controlID="8AC81BC9-5E2D-469C-95A0-ED6B82000FC1" controlTypeID="Label" x="0" y="0" w="65" h="24" zOrder="0">
                  <ShadowBlur>0</ShadowBlur>
                  <font family="Segoe+UI" displayName="Segoe+UI" postScript="" weightStyle="Standard" weight="400" isBold="False" isItalic="False"/>
                  <text>Log++++ut</text>
                  <textColor>4294967295</textColor>
                  <textSize>18</textSize>
                  <lineSpacing>0</lineSpacing>
                  <useDefaultTextSize>False</useDefaultTextSize>
                  <selectedIndex>-1</selectedIndex>
                </control>
                <control controlID="F3257183-718E-4971-8574-61858DAB656A" controlTypeID="Label" x="36" y="1" w="13" h="24" zOrder="1">
                  <ShadowBlur>0</ShadowBlur>
                  <font family="Segoe+UI" displayName="Segoe+UI" postScript="" weightStyle="Standard" weight="400" isBold="False" isItalic="False"/>
                  <text>O</text>
                  <textColor>4290689342</textColor>
                  <textSize>18</textSize>
                  <lineSpacing>0</lineSpacing>
                  <textStyles>[fsUnderline]</textStyles>
                  <useDefaultTextSize>False</useDefaultTextSize>
                  <selectedIndex>-1</selectedIndex>
                </control>
              </groupChildrenDescriptors>
            </control>
            <control controlID="982BD732-8AFF-40FC-AF60-030AA76D25F8" controlTypeID="__group__" x="818" y="16" w="80" h="24" zOrder="4">
              <ShadowBlur>0</ShadowBlur>
              <groupChildrenDescriptors>
                <control controlID="7ECC11F2-4BEF-4E3B-AE67-6500FDE1EF3C" controlTypeID="Label" x="0" y="0" w="80" h="24" zOrder="0">
                  <ShadowBlur>0</ShadowBlur>
                  <font family="Segoe+UI" displayName="Segoe+UI" postScript="" weightStyle="Standard" weight="400" isBold="False" isItalic="False"/>
                  <text>My+++rofile</text>
                  <textColor>4294967295</textColor>
                  <textSize>18</textSize>
                  <lineSpacing>0</lineSpacing>
                  <useDefaultTextSize>False</useDefaultTextSize>
                  <selectedIndex>-1</selectedIndex>
                </control>
                <control controlID="C486A724-F581-441D-9D79-72FEDB71E40E" controlTypeID="Label" x="29" y="0" w="9" h="24" zOrder="1">
                  <ShadowBlur>0</ShadowBlur>
                  <font family="Segoe+UI" displayName="Segoe+UI" postScript="" weightStyle="Standard" weight="400" isBold="False" isItalic="False"/>
                  <text>P</text>
                  <textColor>4290689342</textColor>
                  <textSize>18</textSize>
                  <lineSpacing>0</lineSpacing>
                  <textStyles>[fsUnderline]</textStyles>
                  <useDefaultTextSize>False</useDefaultTextSize>
                  <selectedIndex>-1</selectedIndex>
                </control>
              </groupChildrenDescriptors>
            </control>
            <control controlID="22DD4849-CFDB-4AE9-8924-0EA6AA42003E" controlTypeID="Icon" x="78" y="14" w="30" h="30" zOrder="5">
              <color>4290689342</color>
              <ShadowBlur>0</ShadowBlur>
              <icon>
                <ID/>
                <iconFontName>jdIonicons</iconFontName>
                <iconCode>62366</iconCode>
              </icon>
              <URL>CB1D4BD70EFAF9D0D63B9D0659D62AAA.svg</URL>
            </control>
            <control controlID="4D8D8209-C1CB-492E-8B22-09C54DF0F710" controlTypeID="Icon" x="198" y="14" w="30" h="30" zOrder="6">
              <color>4290689342</color>
              <ShadowBlur>0</ShadowBlur>
              <icon>
                <ID/>
                <iconFontName>jdIcoMoonFree</iconFontName>
                <iconCode>59762</iconCode>
              </icon>
              <URL>119C857C4792E02327F609276285EAD8.svg</URL>
            </control>
            <control controlID="B162A939-823F-4B50-8FC3-B5FF9325F6A7" controlTypeID="Icon" x="784" y="14" w="30" h="30" zOrder="7">
              <color>4290689342</color>
              <ShadowBlur>0</ShadowBlur>
              <icon>
                <ID/>
                <iconFontName>jdIonicons</iconFontName>
                <iconCode>62489</iconCode>
              </icon>
              <URL>E7D27E7A00FA7023CB70F7694DE9F06F.svg</URL>
            </control>
            <control controlID="5D0046D0-E9CF-41E8-8B64-BE795052A719" controlTypeID="Icon" x="933" y="14" w="30" h="30" zOrder="8">
              <color>4290689342</color>
              <ShadowBlur>0</ShadowBlur>
              <icon>
                <ID/>
                <iconFontName>jdIonicons</iconFontName>
                <iconCode>62111</iconCode>
              </icon>
              <URL>3C8DF9DE80057200F41F28DCE285D271.svg</URL>
            </control>
          </groupChildrenDescriptors>
        </control>
      </groupChildrenDescriptors>
    </control>
  </controls>
  <param>
    <backgroundColor>4294967295</backgroundColor>
    <fontSize>14</fontSize>
    <fontFamily>Segoe+UI</fontFamily>
    <guideLines/>
  </param>
</mockup>