﻿<mockup version="5.2" minAllowVersion="5.2" ID="A86ACDF1-332C-455C-955D-5CB007B8070D" platform="MtWeb" defaultW="1100" defaultH="1000" measureW="1100" measureH="1000" mobileScreenScale="0">
  <controls controlCount="78">
    <control controlID="69154560-3615-4C4D-893A-1945EC9193A0" controlTypeID="__group__" x="0" y="690" w="1100" h="70" zOrder="0">
      <ShadowBlur>0</ShadowBlur>
      <groupChildrenDescriptors>
        <control controlID="743F78E0-FEF5-47BE-BDF3-B897263FD4BD" controlTypeID="Panel" x="0" y="0" w="1100" h="70" zOrder="0">
          <color>4280642473</color>
          <borderColor>4280642473</borderColor>
          <ShadowBlur>0</ShadowBlur>
          <groupChildrenDescriptors>
            <control controlID="3549367A-4BF2-4700-8919-1475C9873E01" controlTypeID="Border" x="0" y="0" w="1100" h="70" zOrder="0">
              <borderColor>4280642473</borderColor>
              <alias>borderLayer</alias>
              <ShadowBlur>0</ShadowBlur>
            </control>
          </groupChildrenDescriptors>
          <thinkness>1</thinkness>
        </control>
        <control controlID="DDA76EFA-A805-439D-B2A8-A79C8BD1DE17" controlTypeID="Label" x="31" y="21" w="36" h="24" zOrder="1">
          <ShadowBlur>0</ShadowBlur>
          <font family="Segoe+UI" displayName="Segoe+UI" postScript="" weightStyle="Standard" weight="400" isBold="False" isItalic="False"/>
          <text>Help</text>
          <textColor>4294967295</textColor>
          <textSize>18</textSize>
          <lineSpacing>0</lineSpacing>
          <useDefaultTextSize>False</useDefaultTextSize>
          <selectedIndex>-1</selectedIndex>
        </control>
        <control controlID="12141542-B650-43A6-807B-ED555FA2AABC" controlTypeID="Label" x="95" y="21" w="75" h="24" zOrder="2">
          <ShadowBlur>0</ShadowBlur>
          <font family="Segoe+UI" displayName="Segoe+UI" postScript="" weightStyle="Standard" weight="400" isBold="False" isItalic="False"/>
          <text>Feedback</text>
          <textColor>4294967295</textColor>
          <textSize>18</textSize>
          <lineSpacing>0</lineSpacing>
          <useDefaultTextSize>False</useDefaultTextSize>
          <selectedIndex>-1</selectedIndex>
        </control>
        <control controlID="A8A6B468-E03B-4BBE-9CA4-616A1432C19B" controlTypeID="Label" x="207" y="21" w="57" h="24" zOrder="3">
          <ShadowBlur>0</ShadowBlur>
          <font family="Segoe+UI" displayName="Segoe+UI" postScript="" weightStyle="Standard" weight="400" isBold="False" isItalic="False"/>
          <text>Imprint</text>
          <textColor>4294967295</textColor>
          <textSize>18</textSize>
          <lineSpacing>0</lineSpacing>
          <useDefaultTextSize>False</useDefaultTextSize>
          <selectedIndex>-1</selectedIndex>
        </control>
        <control controlID="433F0036-4AAD-46CB-9454-508B695BFD8E" controlTypeID="Label" x="830" y="24" w="250" h="24" zOrder="4">
          <ShadowBlur>0</ShadowBlur>
          <font family="Segoe+UI" displayName="Segoe+UI" postScript="" weightStyle="Standard" weight="400" isBold="False" isItalic="False"/>
          <text>%C2%A9+Copyright+201%3F+becon+GmbH</text>
          <textColor>4294967295</textColor>
          <textSize>18</textSize>
          <lineSpacing>0</lineSpacing>
          <useDefaultTextSize>False</useDefaultTextSize>
          <selectedIndex>-1</selectedIndex>
        </control>
      </groupChildrenDescriptors>
    </control>
    <control controlID="70BF941E-6899-4758-8A77-6119D1E52BEE" controlTypeID="Shape" x="0" y="70" w="1100" h="620" zOrder="1">
      <ShadowBlur>0</ShadowBlur>
      <font family="Segoe+UI" displayName="Segoe+UI" postScript="" weightStyle="Standard" weight="400" isBold="False" isItalic="False"/>
      <textSize>14</textSize>
      <selectedIndex>-1</selectedIndex>
    </control>
    <control controlID="AAD48E12-4718-4D0D-B8CB-1DEA6F429AF5" controlTypeID="__group__" x="252" y="228" w="279" h="143" zOrder="2">
      <groupChildrenDescriptors>
        <control controlID="5C3B3353-6AED-43D9-BA1C-90017032BD45" controlTypeID="Shape" x="0" y="0" w="279" h="143" zOrder="0">
          <color>4288269465</color>
          <ShadowBlur>0</ShadowBlur>
          <font family="Segoe+UI" displayName="Segoe+UI" postScript="" weightStyle="Standard" weight="400" isBold="False" isItalic="False"/>
          <textSize>14</textSize>
          <selectedIndex>-1</selectedIndex>
          <radius>4</radius>
          <radiusIsPercent>True</radiusIsPercent>
        </control>
        <control controlID="B343D37E-C066-4149-9422-1025BE89FA2B" controlTypeID="__group__" x="6" y="24" w="268" h="111" zOrder="1">
          <ShadowBlur>0</ShadowBlur>
          <groupChildrenDescriptors>
            <control controlID="376813C9-CC75-4BAB-8FCA-99FB634C7458" controlTypeID="__group__" x="0" y="92" w="268" h="19" zOrder="0">
              <ShadowBlur>0</ShadowBlur>
              <groupChildrenDescriptors>
                <control controlID="0C008268-8E68-47BD-8C92-D92706C7B621" controlTypeID="Label" x="0" y="0" w="29" h="19" zOrder="0">
                  <ShadowBlur>0</ShadowBlur>
                  <font family="Segoe+UI" displayName="Segoe+UI" postScript="" weightStyle="Standard" weight="400" isBold="False" isItalic="False"/>
                  <text>View</text>
                  <lineSpacing>0</lineSpacing>
                  <useDefaultTextSize>False</useDefaultTextSize>
                  <selectedIndex>-1</selectedIndex>
                </control>
                <control controlID="034D5159-ED47-4AD8-B276-66E478E6E7E5" controlTypeID="Label" x="39" y="0" w="45" h="19" zOrder="1">
                  <ShadowBlur>0</ShadowBlur>
                  <font family="Segoe+UI" displayName="Segoe+UI" postScript="" weightStyle="Standard" weight="400" isBold="False" isItalic="False"/>
                  <text>Update</text>
                  <lineSpacing>0</lineSpacing>
                  <useDefaultTextSize>False</useDefaultTextSize>
                  <selectedIndex>-1</selectedIndex>
                </control>
                <control controlID="725F7C39-F9D6-4D60-8B53-023705EE9391" controlTypeID="Label" x="229" y="0" w="39" h="19" zOrder="2">
                  <ShadowBlur>0</ShadowBlur>
                  <font family="Segoe+UI" displayName="Segoe+UI" postScript="" weightStyle="Standard" weight="400" isBold="False" isItalic="False"/>
                  <text>Delete</text>
                  <textColor>4294901760</textColor>
                  <lineSpacing>0</lineSpacing>
                  <useDefaultTextSize>False</useDefaultTextSize>
                  <selectedIndex>-1</selectedIndex>
                </control>
              </groupChildrenDescriptors>
            </control>
            <control controlID="80CF7306-B226-46F8-97F0-0D9331AD78B2" controlTypeID="Label" x="0" y="0" w="220" h="24" zOrder="1">
              <ShadowBlur>0</ShadowBlur>
              <font family="Segoe+UI" displayName="Segoe+UI_%26_Bold" postScript="" weightStyle="Bold" weight="700" isBold="True" isItalic="False"/>
              <text>I-doit+to+OTRS+transaction</text>
              <textSize>18</textSize>
              <lineSpacing>0</lineSpacing>
              <textStyles>[fsBold]</textStyles>
              <useDefaultTextSize>False</useDefaultTextSize>
              <selectedIndex>-1</selectedIndex>
            </control>
          </groupChildrenDescriptors>
        </control>
      </groupChildrenDescriptors>
    </control>
    <control controlID="1D617909-78E8-44D0-B2F1-9564FB425DB9" controlTypeID="__group__" x="567" y="228" w="279" h="143" zOrder="3">
      <ShadowBlur>0</ShadowBlur>
      <groupChildrenDescriptors>
        <control controlID="B0A171AE-3838-4786-A18F-4C6ED9F859B2" controlTypeID="Shape" x="0" y="0" w="279" h="143" zOrder="0">
          <color>4288269465</color>
          <ShadowBlur>0</ShadowBlur>
          <font family="Segoe+UI" displayName="Segoe+UI" postScript="" weightStyle="Standard" weight="400" isBold="False" isItalic="False"/>
          <textSize>14</textSize>
          <selectedIndex>-1</selectedIndex>
          <radius>4</radius>
          <radiusIsPercent>True</radiusIsPercent>
        </control>
        <control controlID="D3309542-DFFE-4F87-BE5D-703478D32CEE" controlTypeID="__group__" x="6" y="24" w="268" h="111" zOrder="1">
          <ShadowBlur>0</ShadowBlur>
          <groupChildrenDescriptors>
            <control controlID="1C0296E6-9260-44E8-A954-96F6E5D05882" controlTypeID="__group__" x="0" y="92" w="268" h="19" zOrder="0">
              <ShadowBlur>0</ShadowBlur>
              <groupChildrenDescriptors>
                <control controlID="3057DBB8-6DA8-46DB-87A8-237CC4F49B9E" controlTypeID="Label" x="0" y="0" w="29" h="19" zOrder="0">
                  <ShadowBlur>0</ShadowBlur>
                  <font family="Segoe+UI" displayName="Segoe+UI" postScript="" weightStyle="Standard" weight="400" isBold="False" isItalic="False"/>
                  <text>View</text>
                  <lineSpacing>0</lineSpacing>
                  <useDefaultTextSize>False</useDefaultTextSize>
                  <selectedIndex>-1</selectedIndex>
                </control>
                <control controlID="265431C0-16F6-4341-BF68-0966BA1314E4" controlTypeID="Label" x="39" y="0" w="45" h="19" zOrder="1">
                  <ShadowBlur>0</ShadowBlur>
                  <font family="Segoe+UI" displayName="Segoe+UI" postScript="" weightStyle="Standard" weight="400" isBold="False" isItalic="False"/>
                  <text>Update</text>
                  <lineSpacing>0</lineSpacing>
                  <useDefaultTextSize>False</useDefaultTextSize>
                  <selectedIndex>-1</selectedIndex>
                </control>
                <control controlID="CD15AAF5-DBF4-41BC-B9FB-D06CA124B6DE" controlTypeID="Label" x="229" y="0" w="39" h="19" zOrder="2">
                  <ShadowBlur>0</ShadowBlur>
                  <font family="Segoe+UI" displayName="Segoe+UI" postScript="" weightStyle="Standard" weight="400" isBold="False" isItalic="False"/>
                  <text>Delete</text>
                  <textColor>4294901760</textColor>
                  <lineSpacing>0</lineSpacing>
                  <useDefaultTextSize>False</useDefaultTextSize>
                  <selectedIndex>-1</selectedIndex>
                </control>
              </groupChildrenDescriptors>
            </control>
            <control controlID="16806152-4171-4BD5-BE6C-B518A87B1AA4" controlTypeID="Label" x="0" y="0" w="224" h="24" zOrder="1">
              <ShadowBlur>0</ShadowBlur>
              <font family="Segoe+UI" displayName="Segoe+UI_%26_Bold" postScript="" weightStyle="Bold" weight="700" isBold="True" isItalic="False"/>
              <text>OTRS+to+I-doIT+transaction</text>
              <textSize>18</textSize>
              <lineSpacing>0</lineSpacing>
              <textStyles>[fsBold]</textStyles>
              <useDefaultTextSize>False</useDefaultTextSize>
              <selectedIndex>-1</selectedIndex>
            </control>
          </groupChildrenDescriptors>
        </control>
      </groupChildrenDescriptors>
    </control>
    <control controlID="A8C1D87E-C2B8-4B80-A499-E78BE01D2897" controlTypeID="__group__" x="252" y="146" w="351" h="48" zOrder="4">
      <ShadowBlur>0</ShadowBlur>
      <groupChildrenDescriptors>
        <control controlID="67217330-2788-455F-9A4E-35A9DA2220F6" controlTypeID="Label" x="0" y="0" w="81" h="19" zOrder="0">
          <ShadowBlur>0</ShadowBlur>
          <font family="Segoe+UI" displayName="Segoe+UI" postScript="" weightStyle="Standard" weight="400" isBold="False" isItalic="False"/>
          <text>Quick+search%3A</text>
          <lineSpacing>0</lineSpacing>
          <selectedIndex>-1</selectedIndex>
        </control>
        <control controlID="3E5FD07D-B2FF-463F-B0E7-02F11D2BEE68" controlTypeID="TextInput" x="0" y="24" w="351" h="24" zOrder="1">
          <ShadowBlur>0</ShadowBlur>
          <font family="Segoe+UI" displayName="Segoe+UI" postScript="" weightStyle="Standard" weight="400" isBold="False" isItalic="False"/>
          <lineSpacing>0</lineSpacing>
          <selectedIndex>-1</selectedIndex>
        </control>
      </groupChildrenDescriptors>
    </control>
    <control controlID="C3A94A6D-4AD7-4180-8D21-E9AF5F56D8C2" controlTypeID="Label" x="455" y="80" w="190" h="38" zOrder="5">
      <ShadowBlur>0</ShadowBlur>
      <font family="Segoe+UI" displayName="Segoe+UI" postScript="" weightStyle="Standard" weight="400" isBold="False" isItalic="False"/>
      <text>Transaction+List</text>
      <textColor>4284900966</textColor>
      <textSize>28</textSize>
      <lineSpacing>0</lineSpacing>
      <useDefaultTextSize>False</useDefaultTextSize>
      <selectedIndex>-1</selectedIndex>
    </control>
    <control controlID="D1FA4C9B-8847-46EF-9803-053A830CEA26" controlTypeID="__group__" x="567" y="430" w="279" h="143" zOrder="6">
      <ShadowBlur>0</ShadowBlur>
      <groupChildrenDescriptors>
        <control controlID="B5E934FB-7ECB-43C9-9182-665F395E2FF5" controlTypeID="Shape" x="0" y="0" w="279" h="143" zOrder="0">
          <color>4288269465</color>
          <ShadowBlur>0</ShadowBlur>
          <font family="Segoe+UI" displayName="Segoe+UI" postScript="" weightStyle="Standard" weight="400" isBold="False" isItalic="False"/>
          <textSize>14</textSize>
          <selectedIndex>-1</selectedIndex>
          <radius>4</radius>
          <radiusIsPercent>True</radiusIsPercent>
        </control>
        <control controlID="E9A574C9-E17B-42C9-8CDB-2A43970713AE" controlTypeID="__group__" x="6" y="24" w="268" h="111" zOrder="1">
          <ShadowBlur>0</ShadowBlur>
          <groupChildrenDescriptors>
            <control controlID="68DF2630-CBA2-42FF-B441-2E7C661DD682" controlTypeID="__group__" x="0" y="92" w="268" h="19" zOrder="0">
              <ShadowBlur>0</ShadowBlur>
              <groupChildrenDescriptors>
                <control controlID="7A1E0693-8D20-4D33-AC35-E13F446DC853" controlTypeID="Label" x="0" y="0" w="29" h="19" zOrder="0">
                  <ShadowBlur>0</ShadowBlur>
                  <font family="Segoe+UI" displayName="Segoe+UI" postScript="" weightStyle="Standard" weight="400" isBold="False" isItalic="False"/>
                  <text>View</text>
                  <lineSpacing>0</lineSpacing>
                  <useDefaultTextSize>False</useDefaultTextSize>
                  <selectedIndex>-1</selectedIndex>
                </control>
                <control controlID="78B67073-B95A-4C9A-968A-01A0A53D0728" controlTypeID="Label" x="39" y="0" w="45" h="19" zOrder="1">
                  <ShadowBlur>0</ShadowBlur>
                  <font family="Segoe+UI" displayName="Segoe+UI" postScript="" weightStyle="Standard" weight="400" isBold="False" isItalic="False"/>
                  <text>Update</text>
                  <lineSpacing>0</lineSpacing>
                  <useDefaultTextSize>False</useDefaultTextSize>
                  <selectedIndex>-1</selectedIndex>
                </control>
                <control controlID="B5DD091C-8824-4A15-82AB-1C9D47F78F17" controlTypeID="Label" x="229" y="0" w="39" h="19" zOrder="2">
                  <ShadowBlur>0</ShadowBlur>
                  <font family="Segoe+UI" displayName="Segoe+UI" postScript="" weightStyle="Standard" weight="400" isBold="False" isItalic="False"/>
                  <text>Delete</text>
                  <textColor>4294901760</textColor>
                  <lineSpacing>0</lineSpacing>
                  <useDefaultTextSize>False</useDefaultTextSize>
                  <selectedIndex>-1</selectedIndex>
                </control>
              </groupChildrenDescriptors>
            </control>
            <control controlID="DA4392A5-B390-4E48-B102-FDEEA2BF91A3" controlTypeID="Label" x="0" y="0" w="171" h="24" zOrder="1">
              <ShadowBlur>0</ShadowBlur>
              <font family="Segoe+UI" displayName="Segoe+UI_%26_Bold" postScript="" weightStyle="Bold" weight="700" isBold="True" isItalic="False"/>
              <text>The+best+transaction</text>
              <textSize>18</textSize>
              <lineSpacing>0</lineSpacing>
              <textStyles>[fsBold]</textStyles>
              <useDefaultTextSize>False</useDefaultTextSize>
              <selectedIndex>-1</selectedIndex>
            </control>
          </groupChildrenDescriptors>
        </control>
      </groupChildrenDescriptors>
    </control>
    <control controlID="30D69368-F972-4AEF-8D91-A0A59DE680F0" controlTypeID="__group__" x="252" y="430" w="279" h="143" zOrder="7">
      <ShadowBlur>0</ShadowBlur>
      <groupChildrenDescriptors>
        <control controlID="9A9A2867-36D6-4C99-9E03-20D8C5430D7C" controlTypeID="Shape" x="0" y="0" w="279" h="143" zOrder="0">
          <color>4288269465</color>
          <ShadowBlur>0</ShadowBlur>
          <font family="Segoe+UI" displayName="Segoe+UI" postScript="" weightStyle="Standard" weight="400" isBold="False" isItalic="False"/>
          <textSize>14</textSize>
          <selectedIndex>-1</selectedIndex>
          <radius>4</radius>
          <radiusIsPercent>True</radiusIsPercent>
        </control>
        <control controlID="3C2CFE5B-7D6B-4A7A-8479-145B7B8A880A" controlTypeID="__group__" x="6" y="24" w="268" h="111" zOrder="1">
          <ShadowBlur>0</ShadowBlur>
          <groupChildrenDescriptors>
            <control controlID="4266088E-1AB9-4BB2-9861-7EF29E64E5BB" controlTypeID="__group__" x="0" y="92" w="268" h="19" zOrder="0">
              <ShadowBlur>0</ShadowBlur>
              <groupChildrenDescriptors>
                <control controlID="21F2C63D-6F1E-41FE-B876-CE9A4A35405D" controlTypeID="Label" x="0" y="0" w="29" h="19" zOrder="0">
                  <ShadowBlur>0</ShadowBlur>
                  <font family="Segoe+UI" displayName="Segoe+UI" postScript="" weightStyle="Standard" weight="400" isBold="False" isItalic="False"/>
                  <text>View</text>
                  <lineSpacing>0</lineSpacing>
                  <useDefaultTextSize>False</useDefaultTextSize>
                  <selectedIndex>-1</selectedIndex>
                </control>
                <control controlID="03D85EE5-5A73-43F0-BF4A-6DD330442A05" controlTypeID="Label" x="39" y="0" w="45" h="19" zOrder="1">
                  <ShadowBlur>0</ShadowBlur>
                  <font family="Segoe+UI" displayName="Segoe+UI" postScript="" weightStyle="Standard" weight="400" isBold="False" isItalic="False"/>
                  <text>Update</text>
                  <lineSpacing>0</lineSpacing>
                  <useDefaultTextSize>False</useDefaultTextSize>
                  <selectedIndex>-1</selectedIndex>
                </control>
                <control controlID="F322344F-1DBF-485F-82BF-7706D183E806" controlTypeID="Label" x="229" y="0" w="39" h="19" zOrder="2">
                  <ShadowBlur>0</ShadowBlur>
                  <font family="Segoe+UI" displayName="Segoe+UI" postScript="" weightStyle="Standard" weight="400" isBold="False" isItalic="False"/>
                  <text>Delete</text>
                  <textColor>4294901760</textColor>
                  <lineSpacing>0</lineSpacing>
                  <useDefaultTextSize>False</useDefaultTextSize>
                  <selectedIndex>-1</selectedIndex>
                </control>
              </groupChildrenDescriptors>
            </control>
            <control controlID="70D20514-BF79-4A78-AD49-2B4BE76DFBF8" controlTypeID="Label" x="0" y="0" w="252" h="24" zOrder="1">
              <ShadowBlur>0</ShadowBlur>
              <font family="Segoe+UI" displayName="Segoe+UI_%26_Bold" postScript="" weightStyle="Bold" weight="700" isBold="True" isItalic="False"/>
              <text>Another+awesome+transaction</text>
              <textSize>18</textSize>
              <lineSpacing>0</lineSpacing>
              <textStyles>[fsBold]</textStyles>
              <useDefaultTextSize>False</useDefaultTextSize>
              <selectedIndex>-1</selectedIndex>
            </control>
          </groupChildrenDescriptors>
        </control>
      </groupChildrenDescriptors>
    </control>
    <control controlID="64A4ECCD-5B75-490E-8529-9DD4CA7DE1DF" controlTypeID="__group__" x="464" y="650" w="172" h="31" zOrder="8">
      <ShadowBlur>0</ShadowBlur>
      <groupChildrenDescriptors>
        <control controlID="914388BB-A73D-416A-94E2-1B65CCB5B7E1" controlTypeID="Icon" x="0" y="0" w="31" h="31" zOrder="0">
          <ShadowBlur>0</ShadowBlur>
          <icon>
            <ID/>
            <iconFontName>jdIonicons</iconFontName>
            <iconCode>62305</iconCode>
          </icon>
          <URL>99D18E524D2BEF9446942FB6A373FE26.svg</URL>
        </control>
        <control controlID="398B58AD-091D-4A9F-8E4F-14FE5A27BB1F" controlTypeID="Icon" x="141" y="0" w="31" h="31" zOrder="1">
          <ShadowBlur>0</ShadowBlur>
          <icon>
            <ID/>
            <iconFontName>jdIonicons</iconFontName>
            <iconCode>62307</iconCode>
          </icon>
          <URL>2B26C789AF3EFEA925A6893B9D4A201A.svg</URL>
        </control>
        <control controlID="D3574103-A282-42BE-8B9B-B95971FFF753" controlTypeID="__group__" x="50" y="4" w="70" h="24" zOrder="2">
          <ShadowBlur>0</ShadowBlur>
          <groupChildrenDescriptors>
            <control controlID="CE16486B-1AD5-49DD-B3D5-F55E1390C818" controlTypeID="Label" x="0" y="0" w="70" h="24" zOrder="0">
              <ShadowBlur>0</ShadowBlur>
              <font family="Segoe+UI" displayName="Segoe+UI" postScript="" weightStyle="Standard" weight="400" isBold="False" isItalic="False"/>
              <text>1+2+...++++6+</text>
              <textColor>4284900966</textColor>
              <textSize>18</textSize>
              <lineSpacing>0</lineSpacing>
              <useDefaultTextSize>False</useDefaultTextSize>
              <selectedIndex>-1</selectedIndex>
            </control>
            <control controlID="C8D226C2-82BA-4203-A698-C3B5453E8E4E" controlTypeID="Label" x="45" y="0" w="9" h="24" zOrder="1">
              <ShadowBlur>0</ShadowBlur>
              <font family="Segoe+UI" displayName="Segoe+UI" postScript="" weightStyle="Standard" weight="400" isBold="False" isItalic="False"/>
              <text>5</text>
              <textSize>18</textSize>
              <lineSpacing>0</lineSpacing>
              <textStyles>[fsUnderline]</textStyles>
              <useDefaultTextSize>False</useDefaultTextSize>
              <selectedIndex>-1</selectedIndex>
            </control>
          </groupChildrenDescriptors>
        </control>
      </groupChildrenDescriptors>
    </control>
    <control controlID="CF4BF7EF-2D56-4D45-8581-AD81837A3AD9" controlTypeID="__group__" x="0" y="0" w="1100" h="70" zOrder="9">
      <ShadowBlur>0</ShadowBlur>
      <groupChildrenDescriptors>
        <control controlID="01C94B8C-DB18-450A-BB4D-22A456AC7FD5" controlTypeID="Panel" x="0" y="0" w="1100" h="70" zOrder="0">
          <color>4280642473</color>
          <borderColor>4280642473</borderColor>
          <ShadowBlur>0</ShadowBlur>
          <groupChildrenDescriptors>
            <control controlID="7726A9C1-9F12-4A20-B64C-A7140DE0EF98" controlTypeID="Border" x="0" y="0" w="1100" h="70" zOrder="0">
              <borderColor>4280642473</borderColor>
              <alias>borderLayer</alias>
              <ShadowBlur>0</ShadowBlur>
            </control>
          </groupChildrenDescriptors>
          <thinkness>1</thinkness>
        </control>
        <control controlID="FFDBD6C9-6F2F-460B-99EB-5DB78D55F73E" controlTypeID="__group__" x="30" y="10" w="1033" h="50" zOrder="1">
          <ShadowBlur>0</ShadowBlur>
          <groupChildrenDescriptors>
            <control controlID="0FC9D755-E4AA-4F29-91FA-07A09FD77ED5" controlTypeID="Image" x="0" y="0" w="50" h="50" zOrder="0">
              <ShadowBlur>0</ShadowBlur>
              <URL>976481E0FBEB84C2585025769B665392.png</URL>
            </control>
            <control controlID="9E99E9B2-659B-4BA7-B891-7BFB37C4F627" controlTypeID="__group__" x="968" y="16" w="65" h="25" zOrder="1">
              <ShadowBlur>0</ShadowBlur>
              <groupChildrenDescriptors>
                <control controlID="E88B2D18-B837-41F7-9394-50BD9E8920FE" controlTypeID="Label" x="0" y="0" w="65" h="24" zOrder="0">
                  <ShadowBlur>0</ShadowBlur>
                  <font family="Segoe+UI" displayName="Segoe+UI" postScript="" weightStyle="Standard" weight="400" isBold="False" isItalic="False"/>
                  <text>Log++++ut</text>
                  <textColor>4294967295</textColor>
                  <textSize>18</textSize>
                  <lineSpacing>0</lineSpacing>
                  <useDefaultTextSize>False</useDefaultTextSize>
                  <selectedIndex>-1</selectedIndex>
                </control>
                <control controlID="1A4FB05D-3CCA-40A0-AEC3-D44DDCE6B5C5" controlTypeID="Label" x="36" y="1" w="13" h="24" zOrder="1">
                  <ShadowBlur>0</ShadowBlur>
                  <font family="Segoe+UI" displayName="Segoe+UI" postScript="" weightStyle="Standard" weight="400" isBold="False" isItalic="False"/>
                  <text>O</text>
                  <textColor>4290689342</textColor>
                  <textSize>18</textSize>
                  <lineSpacing>0</lineSpacing>
                  <textStyles>[fsUnderline]</textStyles>
                  <useDefaultTextSize>False</useDefaultTextSize>
                  <selectedIndex>-1</selectedIndex>
                </control>
              </groupChildrenDescriptors>
            </control>
            <control controlID="C060B642-6C11-4F6C-9F75-E95D6486829E" controlTypeID="__group__" x="818" y="16" w="80" h="24" zOrder="2">
              <ShadowBlur>0</ShadowBlur>
              <groupChildrenDescriptors>
                <control controlID="1ADCE37E-285F-45C2-BC00-86A96E664211" controlTypeID="Label" x="0" y="0" w="80" h="24" zOrder="0">
                  <ShadowBlur>0</ShadowBlur>
                  <font family="Segoe+UI" displayName="Segoe+UI" postScript="" weightStyle="Standard" weight="400" isBold="False" isItalic="False"/>
                  <text>My+++rofile</text>
                  <textColor>4294967295</textColor>
                  <textSize>18</textSize>
                  <lineSpacing>0</lineSpacing>
                  <useDefaultTextSize>False</useDefaultTextSize>
                  <selectedIndex>-1</selectedIndex>
                </control>
                <control controlID="28E35E3C-62DA-4302-ACEE-E2074643C1CE" controlTypeID="Label" x="29" y="0" w="9" h="24" zOrder="1">
                  <ShadowBlur>0</ShadowBlur>
                  <font family="Segoe+UI" displayName="Segoe+UI" postScript="" weightStyle="Standard" weight="400" isBold="False" isItalic="False"/>
                  <text>P</text>
                  <textColor>4290689342</textColor>
                  <textSize>18</textSize>
                  <lineSpacing>0</lineSpacing>
                  <textStyles>[fsUnderline]</textStyles>
                  <useDefaultTextSize>False</useDefaultTextSize>
                  <selectedIndex>-1</selectedIndex>
                </control>
              </groupChildrenDescriptors>
            </control>
            <control controlID="A727298B-D9A3-4FE6-AFCE-B3F111B199D9" controlTypeID="__group__" x="78" y="14" w="125" h="30" zOrder="3">
              <groupChildrenDescriptors>
                <control controlID="8124BA04-E3D9-4C83-8C19-F10A964C9893" controlTypeID="__group__" x="35" y="3" w="90" h="24" zOrder="0">
                  <ShadowBlur>0</ShadowBlur>
                  <groupChildrenDescriptors>
                    <control controlID="75F33515-547D-44BD-9F6C-3D0D5A752ECF" controlTypeID="Label" x="12" y="0" w="78" h="24" zOrder="0">
                      <ShadowBlur>0</ShadowBlur>
                      <font family="Segoe+UI" displayName="Segoe+UI" postScript="" weightStyle="Standard" weight="400" isBold="False" isItalic="False"/>
                      <text>onnectors</text>
                      <textColor>4294967295</textColor>
                      <textSize>18</textSize>
                      <lineSpacing>0</lineSpacing>
                      <useDefaultTextSize>False</useDefaultTextSize>
                      <selectedIndex>-1</selectedIndex>
                    </control>
                    <control controlID="F267A14A-F568-4006-B458-B4A62BFAC91D" controlTypeID="Label" x="0" y="0" w="10" h="24" zOrder="1">
                      <ShadowBlur>0</ShadowBlur>
                      <font family="Segoe+UI" displayName="Segoe+UI" postScript="" weightStyle="Standard" weight="400" isBold="False" isItalic="False"/>
                      <text>C</text>
                      <textColor>4290689342</textColor>
                      <textSize>18</textSize>
                      <lineSpacing>0</lineSpacing>
                      <textStyles>[fsUnderline]</textStyles>
                      <useDefaultTextSize>False</useDefaultTextSize>
                      <selectedIndex>-1</selectedIndex>
                    </control>
                  </groupChildrenDescriptors>
                </control>
                <control controlID="E36D2B2B-927A-4653-8218-16FA6F4B3157" controlTypeID="Icon" x="0" y="0" w="30" h="30" zOrder="1">
                  <color>4290689342</color>
                  <ShadowBlur>0</ShadowBlur>
                  <icon>
                    <ID/>
                    <iconFontName>jdIonicons</iconFontName>
                    <iconCode>62199</iconCode>
                  </icon>
                  <URL>DED0E6A8242D8DE296EBCBE2FFA15EDA.svg</URL>
                </control>
              </groupChildrenDescriptors>
            </control>
            <control controlID="32E560CC-88D5-4C33-8C11-342F2863D144" controlTypeID="Icon" x="784" y="14" w="30" h="30" zOrder="4">
              <color>4290689342</color>
              <ShadowBlur>0</ShadowBlur>
              <icon>
                <ID/>
                <iconFontName>jdIonicons</iconFontName>
                <iconCode>62489</iconCode>
              </icon>
              <URL>E7D27E7A00FA7023CB70F7694DE9F06F.svg</URL>
            </control>
            <control controlID="49C79D9A-7F7C-49A6-BB91-E8073A513491" controlTypeID="Icon" x="933" y="14" w="30" h="30" zOrder="5">
              <color>4290689342</color>
              <ShadowBlur>0</ShadowBlur>
              <icon>
                <ID/>
                <iconFontName>jdIonicons</iconFontName>
                <iconCode>62111</iconCode>
              </icon>
              <URL>3C8DF9DE80057200F41F28DCE285D271.svg</URL>
            </control>
            <control controlID="FE581B7D-DDAC-4E70-8FEA-AA4312881C0E" controlTypeID="__group__" x="220" y="14" w="133" h="30" zOrder="6">
              <groupChildrenDescriptors>
                <control controlID="BC925B5A-306F-4FC3-9997-7014C43BE4F3" controlTypeID="Icon" x="0" y="0" w="30" h="30" zOrder="0">
                  <color>4290689342</color>
                  <ShadowBlur>0</ShadowBlur>
                  <icon>
                    <ID/>
                    <iconFontName>jdIcoMoonFree</iconFontName>
                    <iconCode>59797</iconCode>
                  </icon>
                  <URL>5E98D2A591BAC40C8F4087F7DA8C54F9.svg</URL>
                </control>
                <control controlID="78C00B03-1D3A-413B-B55C-5068312C3A13" controlTypeID="__group__" x="35" y="3" w="98" h="24" zOrder="1">
                  <groupChildrenDescriptors>
                    <control controlID="45C9CC2C-29BD-4490-B5AB-29CF7B84CF78" controlTypeID="Label" x="9" y="0" w="89" h="24" zOrder="0">
                      <ShadowBlur>0</ShadowBlur>
                      <font family="Segoe+UI" displayName="Segoe+UI" postScript="" weightStyle="Standard" weight="400" isBold="False" isItalic="False"/>
                      <text>ransactions</text>
                      <textColor>4290689342</textColor>
                      <textSize>18</textSize>
                      <lineSpacing>0</lineSpacing>
                      <useDefaultTextSize>False</useDefaultTextSize>
                      <selectedIndex>-1</selectedIndex>
                    </control>
                    <control controlID="9311AB1C-3AAD-4789-9BD6-4A4B64CA6625" controlTypeID="Label" x="0" y="0" w="9" h="24" zOrder="1">
                      <ShadowBlur>0</ShadowBlur>
                      <font family="Segoe+UI" displayName="Segoe+UI" postScript="" weightStyle="Standard" weight="400" isBold="False" isItalic="False"/>
                      <text>T</text>
                      <textColor>4290689342</textColor>
                      <textSize>18</textSize>
                      <lineSpacing>0</lineSpacing>
                      <textStyles>[fsUnderline]</textStyles>
                      <useDefaultTextSize>False</useDefaultTextSize>
                      <selectedIndex>-1</selectedIndex>
                    </control>
                  </groupChildrenDescriptors>
                </control>
              </groupChildrenDescriptors>
            </control>
            <control controlID="C06BFBBC-148E-4138-86A8-22F786B3C2F3" controlTypeID="__group__" x="371" y="14" w="124" h="30" zOrder="7">
              <groupChildrenDescriptors>
                <control controlID="29E2A79B-3A73-48B0-AA4F-53DC9ED7DBAC" controlTypeID="Icon" x="0" y="0" w="30" h="30" zOrder="0">
                  <color>4290689342</color>
                  <ShadowBlur>0</ShadowBlur>
                  <icon>
                    <ID/>
                    <iconFontName>jdIonicons</iconFontName>
                    <iconCode>62062</iconCode>
                  </icon>
                  <URL>8D87F0B6E067D29DE1E9AC9BADB84F13.svg</URL>
                </control>
                <control controlID="4AD5DB67-C364-4820-A7F2-6896422639E6" controlTypeID="__group__" x="35" y="3" w="89" h="24" zOrder="1">
                  <groupChildrenDescriptors>
                    <control controlID="F98FE8FE-970F-4DB3-A6FF-D026045F92B7" controlTypeID="Label" x="10" y="0" w="41" h="24" zOrder="0">
                      <ShadowBlur>0</ShadowBlur>
                      <font family="Segoe+UI" displayName="Segoe+UI" postScript="" weightStyle="Standard" weight="400" isBold="False" isItalic="False"/>
                      <text>vents</text>
                      <textColor>4294967295</textColor>
                      <textSize>18</textSize>
                      <lineSpacing>0</lineSpacing>
                      <useDefaultTextSize>False</useDefaultTextSize>
                      <selectedIndex>-1</selectedIndex>
                    </control>
                    <control controlID="239CBA2B-CDA9-4765-81E9-1217D14DD2AC" controlTypeID="Label" x="0" y="0" w="8" h="24" zOrder="1">
                      <ShadowBlur>0</ShadowBlur>
                      <font family="Segoe+UI" displayName="Segoe+UI" postScript="" weightStyle="Standard" weight="400" isBold="False" isItalic="False"/>
                      <text>E</text>
                      <textColor>4290689342</textColor>
                      <textSize>18</textSize>
                      <lineSpacing>0</lineSpacing>
                      <textStyles>[fsUnderline]</textStyles>
                      <useDefaultTextSize>False</useDefaultTextSize>
                      <selectedIndex>-1</selectedIndex>
                    </control>
                  </groupChildrenDescriptors>
                </control>
              </groupChildrenDescriptors>
            </control>
          </groupChildrenDescriptors>
        </control>
      </groupChildrenDescriptors>
    </control>
  </controls>
  <param>
    <backgroundColor>4294967295</backgroundColor>
    <fontSize>14</fontSize>
    <fontFamily>Segoe+UI</fontFamily>
    <guideLines/>
  </param>
</mockup>