﻿<mockup version="5.2" minAllowVersion="5.2" ID="A964226D-E078-4627-9453-214535B4F205" platform="MtWeb" defaultW="1100" defaultH="1000" measureW="1100" measureH="1000" mobileScreenScale="0">
  <controls controlCount="73">
    <control controlID="55CFE3CE-95FD-4262-B573-B613AE1453F6" controlTypeID="__group__" x="0" y="690" w="1100" h="70" zOrder="0">
      <ShadowBlur>0</ShadowBlur>
      <groupChildrenDescriptors>
        <control controlID="83E14946-1F6C-473B-A590-5F2F7766D9F3" controlTypeID="Panel" x="0" y="0" w="1100" h="70" zOrder="0">
          <color>4280642473</color>
          <borderColor>4280642473</borderColor>
          <ShadowBlur>0</ShadowBlur>
          <groupChildrenDescriptors>
            <control controlID="FE905831-DA85-4B1C-8092-A123BE272F27" controlTypeID="Border" x="0" y="0" w="1100" h="70" zOrder="0">
              <borderColor>4280642473</borderColor>
              <alias>borderLayer</alias>
              <ShadowBlur>0</ShadowBlur>
            </control>
          </groupChildrenDescriptors>
          <thinkness>1</thinkness>
        </control>
        <control controlID="8AD61BC0-8DC4-40B4-B7CE-28D2D5CC6152" controlTypeID="Label" x="31" y="21" w="36" h="24" zOrder="1">
          <ShadowBlur>0</ShadowBlur>
          <font family="Segoe+UI" displayName="Segoe+UI" postScript="" weightStyle="Standard" weight="400" isBold="False" isItalic="False"/>
          <text>Help</text>
          <textColor>4294967295</textColor>
          <textSize>18</textSize>
          <lineSpacing>0</lineSpacing>
          <useDefaultTextSize>False</useDefaultTextSize>
          <selectedIndex>-1</selectedIndex>
        </control>
        <control controlID="17D68960-E8F7-419C-9F46-C03816503884" controlTypeID="Label" x="95" y="21" w="75" h="24" zOrder="2">
          <ShadowBlur>0</ShadowBlur>
          <font family="Segoe+UI" displayName="Segoe+UI" postScript="" weightStyle="Standard" weight="400" isBold="False" isItalic="False"/>
          <text>Feedback</text>
          <textColor>4294967295</textColor>
          <textSize>18</textSize>
          <lineSpacing>0</lineSpacing>
          <useDefaultTextSize>False</useDefaultTextSize>
          <selectedIndex>-1</selectedIndex>
        </control>
        <control controlID="AADC2B17-2817-4996-BBD2-D929C3DDFA04" controlTypeID="Label" x="207" y="21" w="57" h="24" zOrder="3">
          <ShadowBlur>0</ShadowBlur>
          <font family="Segoe+UI" displayName="Segoe+UI" postScript="" weightStyle="Standard" weight="400" isBold="False" isItalic="False"/>
          <text>Imprint</text>
          <textColor>4294967295</textColor>
          <textSize>18</textSize>
          <lineSpacing>0</lineSpacing>
          <useDefaultTextSize>False</useDefaultTextSize>
          <selectedIndex>-1</selectedIndex>
        </control>
        <control controlID="29682F21-A481-4006-927E-E99438CE5DE5" controlTypeID="Label" x="830" y="24" w="250" h="24" zOrder="4">
          <ShadowBlur>0</ShadowBlur>
          <font family="Segoe+UI" displayName="Segoe+UI" postScript="" weightStyle="Standard" weight="400" isBold="False" isItalic="False"/>
          <text>%C2%A9+Copyright+201%3F+becon+GmbH</text>
          <textColor>4294967295</textColor>
          <textSize>18</textSize>
          <lineSpacing>0</lineSpacing>
          <useDefaultTextSize>False</useDefaultTextSize>
          <selectedIndex>-1</selectedIndex>
        </control>
      </groupChildrenDescriptors>
    </control>
    <control controlID="61444C1D-CC55-4915-9CDE-04B50B4EF13F" controlTypeID="Shape" x="0" y="70" w="1100" h="620" zOrder="1">
      <verticalScrollbarShow>True</verticalScrollbarShow>
      <ShadowBlur>0</ShadowBlur>
      <font family="Segoe+UI" displayName="Segoe+UI" postScript="" weightStyle="Standard" weight="400" isBold="False" isItalic="False"/>
      <textSize>14</textSize>
      <selectedIndex>-1</selectedIndex>
    </control>
    <control controlID="CB5BDA69-5F97-4644-8A33-8BC0ABDE086E" controlTypeID="__group__" x="0" y="0" w="1100" h="70" zOrder="2">
      <ShadowBlur>0</ShadowBlur>
      <groupChildrenDescriptors>
        <control controlID="84E18DC9-ACA6-40E1-B327-C08872960C04" controlTypeID="Panel" x="0" y="0" w="1100" h="70" zOrder="0">
          <color>4280642473</color>
          <borderColor>4280642473</borderColor>
          <ShadowBlur>0</ShadowBlur>
          <groupChildrenDescriptors>
            <control controlID="3F589F9D-3414-4DF7-BBF7-746D4B9F2590" controlTypeID="Border" x="0" y="0" w="1100" h="70" zOrder="0">
              <borderColor>4280642473</borderColor>
              <alias>borderLayer</alias>
              <ShadowBlur>0</ShadowBlur>
            </control>
          </groupChildrenDescriptors>
          <thinkness>1</thinkness>
        </control>
        <control controlID="2A334224-99D1-470F-8DB0-535CF9214A9F" controlTypeID="__group__" x="30" y="10" w="1033" h="50" zOrder="1">
          <ShadowBlur>0</ShadowBlur>
          <groupChildrenDescriptors>
            <control controlID="AD55F969-A118-4E7A-80E5-A1BCCEC31356" controlTypeID="Image" x="0" y="0" w="50" h="50" zOrder="0">
              <ShadowBlur>0</ShadowBlur>
              <URL>976481E0FBEB84C2585025769B665392.png</URL>
            </control>
            <control controlID="6ABC5ED2-A6DF-4244-904F-2485AD9DAF88" controlTypeID="__group__" x="968" y="16" w="65" h="25" zOrder="1">
              <ShadowBlur>0</ShadowBlur>
              <groupChildrenDescriptors>
                <control controlID="168802EB-5D11-42FA-AD20-A1EF4941CED0" controlTypeID="Label" x="0" y="0" w="65" h="24" zOrder="0">
                  <ShadowBlur>0</ShadowBlur>
                  <font family="Segoe+UI" displayName="Segoe+UI" postScript="" weightStyle="Standard" weight="400" isBold="False" isItalic="False"/>
                  <text>Log++++ut</text>
                  <textColor>4294967295</textColor>
                  <textSize>18</textSize>
                  <lineSpacing>0</lineSpacing>
                  <useDefaultTextSize>False</useDefaultTextSize>
                  <selectedIndex>-1</selectedIndex>
                </control>
                <control controlID="8C53A2B9-4F41-476B-BB1B-C1AE1DE21F70" controlTypeID="Label" x="36" y="1" w="13" h="24" zOrder="1">
                  <ShadowBlur>0</ShadowBlur>
                  <font family="Segoe+UI" displayName="Segoe+UI" postScript="" weightStyle="Standard" weight="400" isBold="False" isItalic="False"/>
                  <text>O</text>
                  <textColor>4290689342</textColor>
                  <textSize>18</textSize>
                  <lineSpacing>0</lineSpacing>
                  <textStyles>[fsUnderline]</textStyles>
                  <useDefaultTextSize>False</useDefaultTextSize>
                  <selectedIndex>-1</selectedIndex>
                </control>
              </groupChildrenDescriptors>
            </control>
            <control controlID="01B69D5F-669F-4E89-95F8-96AD3E5AAFC4" controlTypeID="__group__" x="818" y="16" w="80" h="24" zOrder="2">
              <ShadowBlur>0</ShadowBlur>
              <groupChildrenDescriptors>
                <control controlID="F82526B0-A98F-4AE2-9188-2DC689B85344" controlTypeID="Label" x="0" y="0" w="80" h="24" zOrder="0">
                  <ShadowBlur>0</ShadowBlur>
                  <font family="Segoe+UI" displayName="Segoe+UI" postScript="" weightStyle="Standard" weight="400" isBold="False" isItalic="False"/>
                  <text>My+++rofile</text>
                  <textColor>4294967295</textColor>
                  <textSize>18</textSize>
                  <lineSpacing>0</lineSpacing>
                  <useDefaultTextSize>False</useDefaultTextSize>
                  <selectedIndex>-1</selectedIndex>
                </control>
                <control controlID="644BA33C-CFA3-4183-86CD-C01E916E9860" controlTypeID="Label" x="29" y="0" w="9" h="24" zOrder="1">
                  <ShadowBlur>0</ShadowBlur>
                  <font family="Segoe+UI" displayName="Segoe+UI" postScript="" weightStyle="Standard" weight="400" isBold="False" isItalic="False"/>
                  <text>P</text>
                  <textColor>4290689342</textColor>
                  <textSize>18</textSize>
                  <lineSpacing>0</lineSpacing>
                  <textStyles>[fsUnderline]</textStyles>
                  <useDefaultTextSize>False</useDefaultTextSize>
                  <selectedIndex>-1</selectedIndex>
                </control>
              </groupChildrenDescriptors>
            </control>
            <control controlID="A6B5A5A4-ECD3-4255-80FE-99E0FE2ACCCA" controlTypeID="__group__" x="78" y="14" w="125" h="30" zOrder="3">
              <groupChildrenDescriptors>
                <control controlID="5CD68432-0993-4F75-A2A5-9C75D1864F05" controlTypeID="__group__" x="35" y="3" w="90" h="24" zOrder="0">
                  <ShadowBlur>0</ShadowBlur>
                  <groupChildrenDescriptors>
                    <control controlID="FE439A5B-B8F1-48C3-B09F-EEDE7D39B5FD" controlTypeID="Label" x="12" y="0" w="78" h="24" zOrder="0">
                      <ShadowBlur>0</ShadowBlur>
                      <font family="Segoe+UI" displayName="Segoe+UI" postScript="" weightStyle="Standard" weight="400" isBold="False" isItalic="False"/>
                      <text>onnectors</text>
                      <textColor>4290689342</textColor>
                      <textSize>18</textSize>
                      <lineSpacing>0</lineSpacing>
                      <useDefaultTextSize>False</useDefaultTextSize>
                      <selectedIndex>-1</selectedIndex>
                    </control>
                    <control controlID="3D24CCDD-9743-489C-9A5B-A9386BA79FBA" controlTypeID="Label" x="0" y="0" w="10" h="24" zOrder="1">
                      <ShadowBlur>0</ShadowBlur>
                      <font family="Segoe+UI" displayName="Segoe+UI" postScript="" weightStyle="Standard" weight="400" isBold="False" isItalic="False"/>
                      <text>C</text>
                      <textColor>4290689342</textColor>
                      <textSize>18</textSize>
                      <lineSpacing>0</lineSpacing>
                      <textStyles>[fsUnderline]</textStyles>
                      <useDefaultTextSize>False</useDefaultTextSize>
                      <selectedIndex>-1</selectedIndex>
                    </control>
                  </groupChildrenDescriptors>
                </control>
                <control controlID="BB9539F6-2CAB-47FA-AE5A-F490711D23AA" controlTypeID="Icon" x="0" y="0" w="30" h="30" zOrder="1">
                  <color>4290689342</color>
                  <ShadowBlur>0</ShadowBlur>
                  <icon>
                    <ID/>
                    <iconFontName>jdIonicons</iconFontName>
                    <iconCode>62199</iconCode>
                  </icon>
                  <URL>DED0E6A8242D8DE296EBCBE2FFA15EDA.svg</URL>
                </control>
              </groupChildrenDescriptors>
            </control>
            <control controlID="789312E3-C249-4742-95CE-D2C23BEAF930" controlTypeID="Icon" x="784" y="14" w="30" h="30" zOrder="4">
              <color>4290689342</color>
              <ShadowBlur>0</ShadowBlur>
              <icon>
                <ID/>
                <iconFontName>jdIonicons</iconFontName>
                <iconCode>62489</iconCode>
              </icon>
              <URL>E7D27E7A00FA7023CB70F7694DE9F06F.svg</URL>
            </control>
            <control controlID="D2DB9D18-0F77-480A-B4F1-8B002A201667" controlTypeID="Icon" x="933" y="14" w="30" h="30" zOrder="5">
              <color>4290689342</color>
              <ShadowBlur>0</ShadowBlur>
              <icon>
                <ID/>
                <iconFontName>jdIonicons</iconFontName>
                <iconCode>62111</iconCode>
              </icon>
              <URL>3C8DF9DE80057200F41F28DCE285D271.svg</URL>
            </control>
            <control controlID="176B6CFB-EC05-44FB-874D-F7608072E8F8" controlTypeID="__group__" x="220" y="14" w="133" h="30" zOrder="6">
              <groupChildrenDescriptors>
                <control controlID="62EE9C90-9BF0-48EC-84AB-78B6B95A7EE6" controlTypeID="Icon" x="0" y="0" w="30" h="30" zOrder="0">
                  <color>4290689342</color>
                  <ShadowBlur>0</ShadowBlur>
                  <icon>
                    <ID/>
                    <iconFontName>jdIcoMoonFree</iconFontName>
                    <iconCode>59797</iconCode>
                  </icon>
                  <URL>5E98D2A591BAC40C8F4087F7DA8C54F9.svg</URL>
                </control>
                <control controlID="EAAAB072-6E41-4F78-A44C-3FE9372D9DB7" controlTypeID="__group__" x="35" y="3" w="98" h="24" zOrder="1">
                  <groupChildrenDescriptors>
                    <control controlID="2679D47D-E542-4D7F-9E2B-6D695D776223" controlTypeID="Label" x="9" y="0" w="89" h="24" zOrder="0">
                      <ShadowBlur>0</ShadowBlur>
                      <font family="Segoe+UI" displayName="Segoe+UI" postScript="" weightStyle="Standard" weight="400" isBold="False" isItalic="False"/>
                      <text>ransactions</text>
                      <textColor>4294967295</textColor>
                      <textSize>18</textSize>
                      <lineSpacing>0</lineSpacing>
                      <useDefaultTextSize>False</useDefaultTextSize>
                      <selectedIndex>-1</selectedIndex>
                    </control>
                    <control controlID="3CA08CCD-1D61-4E3F-A51F-1DF0990A25A0" controlTypeID="Label" x="0" y="0" w="9" h="24" zOrder="1">
                      <ShadowBlur>0</ShadowBlur>
                      <font family="Segoe+UI" displayName="Segoe+UI" postScript="" weightStyle="Standard" weight="400" isBold="False" isItalic="False"/>
                      <text>T</text>
                      <textColor>4290689342</textColor>
                      <textSize>18</textSize>
                      <lineSpacing>0</lineSpacing>
                      <textStyles>[fsUnderline]</textStyles>
                      <useDefaultTextSize>False</useDefaultTextSize>
                      <selectedIndex>-1</selectedIndex>
                    </control>
                  </groupChildrenDescriptors>
                </control>
              </groupChildrenDescriptors>
            </control>
            <control controlID="36E889E1-D5EB-4D7E-8FFC-AAB1A314561A" controlTypeID="__group__" x="371" y="14" w="124" h="30" zOrder="7">
              <groupChildrenDescriptors>
                <control controlID="0AC2B9D2-A86D-455E-AC0F-3470CA3AF28C" controlTypeID="Icon" x="0" y="0" w="30" h="30" zOrder="0">
                  <color>4290689342</color>
                  <ShadowBlur>0</ShadowBlur>
                  <icon>
                    <ID/>
                    <iconFontName>jdIonicons</iconFontName>
                    <iconCode>62062</iconCode>
                  </icon>
                  <URL>8D87F0B6E067D29DE1E9AC9BADB84F13.svg</URL>
                </control>
                <control controlID="0C44531E-F7D0-4A7E-B0BA-698CDE305B88" controlTypeID="__group__" x="35" y="3" w="89" h="24" zOrder="1">
                  <groupChildrenDescriptors>
                    <control controlID="092CB725-3FE8-4345-9F97-A866C2A66BA5" controlTypeID="Label" x="10" y="0" w="41" h="24" zOrder="0">
                      <ShadowBlur>0</ShadowBlur>
                      <font family="Segoe+UI" displayName="Segoe+UI" postScript="" weightStyle="Standard" weight="400" isBold="False" isItalic="False"/>
                      <text>vents</text>
                      <textColor>4294967295</textColor>
                      <textSize>18</textSize>
                      <lineSpacing>0</lineSpacing>
                      <useDefaultTextSize>False</useDefaultTextSize>
                      <selectedIndex>-1</selectedIndex>
                    </control>
                    <control controlID="F3313BCD-0D49-48D3-88E2-84ADE384B8B0" controlTypeID="Label" x="0" y="0" w="8" h="24" zOrder="1">
                      <ShadowBlur>0</ShadowBlur>
                      <font family="Segoe+UI" displayName="Segoe+UI" postScript="" weightStyle="Standard" weight="400" isBold="False" isItalic="False"/>
                      <text>E</text>
                      <textColor>4290689342</textColor>
                      <textSize>18</textSize>
                      <lineSpacing>0</lineSpacing>
                      <textStyles>[fsUnderline]</textStyles>
                      <useDefaultTextSize>False</useDefaultTextSize>
                      <selectedIndex>-1</selectedIndex>
                    </control>
                  </groupChildrenDescriptors>
                </control>
              </groupChildrenDescriptors>
            </control>
          </groupChildrenDescriptors>
        </control>
      </groupChildrenDescriptors>
    </control>
    <control controlID="A272EC56-2C24-46E3-8B17-A832F29B1AC0" controlTypeID="__group__" x="875" y="118" w="197" h="109" zOrder="3">
      <groupChildrenDescriptors>
        <control controlID="9F747204-91B8-4048-8866-381A7EEE1E7B" controlTypeID="Shape" x="0" y="0" w="197" h="109" zOrder="0">
          <font family="Segoe+UI" displayName="Segoe+UI" postScript="" weightStyle="Standard" weight="400" isBold="False" isItalic="False"/>
          <textSize>14</textSize>
          <selectedIndex>-1</selectedIndex>
        </control>
        <control controlID="58A054F3-8CF3-49B2-941D-D89A3E98782F" controlTypeID="__group__" x="10" y="7" w="111" h="21" zOrder="1">
          <groupChildrenDescriptors>
            <control controlID="042EA017-3574-4E64-9C26-12A9C4231003" controlTypeID="Label" x="27" y="0" w="45" h="19" zOrder="0">
              <font family="Segoe+UI" displayName="Segoe+UI_%26_Bold" postScript="" weightStyle="Bold" weight="700" isBold="True" isItalic="False"/>
              <text>I-DoIT.</text>
              <lineSpacing>0</lineSpacing>
              <textStyles>[fsBold]</textStyles>
              <selectedIndex>-1</selectedIndex>
            </control>
            <control controlID="6C6B78FD-C572-48A9-A184-12A767A90DAF" controlTypeID="Label" x="78" y="0" w="33" h="19" zOrder="1">
              <font family="Segoe+UI" displayName="Segoe+UI_%26_Bold" postScript="" weightStyle="Bold" weight="700" isBold="True" isItalic="False"/>
              <text>Error</text>
              <lineSpacing>0</lineSpacing>
              <textStyles>[fsBold]</textStyles>
              <selectedIndex>-1</selectedIndex>
            </control>
            <control controlID="1348C6D1-A0DF-4F4A-97C3-C40803A0E30B" controlTypeID="Icon" x="0" y="0" w="21" h="21" zOrder="2">
              <color>4294901760</color>
              <icon>
                <ID/>
                <iconFontName>jdIonicons</iconFontName>
                <iconCode>62468</iconCode>
              </icon>
              <URL>D461B89CFC537DBAD724FAD78224FD94.svg</URL>
            </control>
          </groupChildrenDescriptors>
        </control>
        <control controlID="1F371DEB-8F6B-4334-976B-FC49ED9EE741" controlTypeID="TextArea" x="10" y="51" w="177" h="48" zOrder="2">
          <font family="Segoe+UI" displayName="Segoe+UI" postScript="" weightStyle="Standard" weight="400" isBold="False" isItalic="False"/>
          <text>The+API-key+was+not+acccepted.</text>
          <textAlign>HaCenter</textAlign>
          <selectedIndex>-1</selectedIndex>
        </control>
        <control controlID="C22BB508-3A22-4267-A8BD-C3D4DF7253F2" controlTypeID="Line" x="1" y="35" w="195" h="2" zOrder="3">
          <font family="Segoe+UI" displayName="Segoe+UI" postScript="" weightStyle="Standard" weight="400" isBold="False" isItalic="False"/>
          <textSize>14</textSize>
          <lineSpacing>0</lineSpacing>
          <selectedIndex>-1</selectedIndex>
          <controlPoint>(98,1)</controlPoint>
          <startPoint>(0,1)</startPoint>
          <endPoint>(195,1)</endPoint>
        </control>
      </groupChildrenDescriptors>
    </control>
    <control controlID="8CE93F5A-3A67-496D-BED0-70B75224843E" controlTypeID="__group__" x="252" y="654" w="166" h="28" zOrder="4">
      <ShadowBlur>0</ShadowBlur>
      <groupChildrenDescriptors>
        <control controlID="EC88F468-EA8B-49C7-9055-5E6FD946E3EC" controlTypeID="Icon" x="0" y="1" w="27" h="27" zOrder="0">
          <color>4278190080</color>
          <ShadowBlur>0</ShadowBlur>
          <icon>
            <ID/>
            <iconFontName>jdIonicons</iconFontName>
            <iconCode>62547</iconCode>
          </icon>
          <URL>23C89C10F7B3376AE4E32DC5E7C501A2.svg</URL>
        </control>
        <control controlID="3CF4A4AC-7761-4D01-9D55-ED524276FA0B" controlTypeID="Label" x="31" y="0" w="135" h="27" zOrder="1">
          <ShadowBlur>0</ShadowBlur>
          <font family="Segoe+UI" displayName="Segoe+UI_%26_Bold" postScript="" weightStyle="Bold" weight="700" isBold="True" isItalic="False"/>
          <text>Connector+List</text>
          <textSize>20</textSize>
          <lineSpacing>0</lineSpacing>
          <textStyles>[fsBold]</textStyles>
          <useDefaultTextSize>False</useDefaultTextSize>
          <selectedIndex>-1</selectedIndex>
        </control>
      </groupChildrenDescriptors>
    </control>
    <control controlID="8BA1F1F6-34A5-4937-896C-83515F78376D" controlTypeID="Label" x="456" y="80" w="187" h="38" zOrder="5">
      <ShadowBlur>0</ShadowBlur>
      <font family="Segoe+UI" displayName="Segoe+UI" postScript="" weightStyle="Standard" weight="400" isBold="False" isItalic="False"/>
      <text>Add+Connector</text>
      <textColor>4284900966</textColor>
      <textSize>28</textSize>
      <lineSpacing>0</lineSpacing>
      <useDefaultTextSize>False</useDefaultTextSize>
      <selectedIndex>-1</selectedIndex>
    </control>
    <control controlID="C1178E83-4457-41C8-92A4-EF643A106855" controlTypeID="Panel" x="252" y="140" w="596" h="400" zOrder="6">
      <ShadowBlur>0</ShadowBlur>
      <groupChildrenDescriptors>
        <control controlID="60085FBE-168E-4BC7-A383-23F873AB31B7" controlTypeID="Border" x="0" y="0" w="596" h="400" zOrder="0">
          <alias>borderLayer</alias>
          <ShadowBlur>0</ShadowBlur>
          <dashMode>SdDash</dashMode>
        </control>
      </groupChildrenDescriptors>
      <thinkness>1</thinkness>
      <dashMode>SdDash</dashMode>
    </control>
    <control controlID="599D2FFA-FAEF-47C5-BEE9-3B68D514DD5E" controlTypeID="BreadCrumbs" x="273" y="160" w="161" h="19" zOrder="7">
      <ShadowBlur>0</ShadowBlur>
      <font family="Segoe+UI" displayName="Segoe+UI" postScript="" weightStyle="Standard" weight="400" isBold="False" isItalic="False"/>
      <text>General+Data%2CCredentials</text>
      <textSize>14</textSize>
      <lineSpacing>0</lineSpacing>
    </control>
    <control controlID="C2D15D1B-A23F-48CC-9FD9-7251C2821BF1" controlTypeID="__group__" x="273" y="278" w="554" h="48" zOrder="8">
      <groupChildrenDescriptors>
        <control controlID="0AC0B35E-E33A-4DFC-867E-E5A55BA114FB" controlTypeID="Icon" x="0" y="26" w="22" h="22" zOrder="0">
          <ShadowBlur>0</ShadowBlur>
          <icon>
            <ID/>
            <iconFontName>jdIonicons</iconFontName>
            <iconCode>62102</iconCode>
          </icon>
          <URL>7FB5F9995E3F8BB7476028F1BBBD10C1.svg</URL>
        </control>
        <control controlID="49EBF81C-0615-4B4D-8CE3-4F1196954058" controlTypeID="__group__" x="37" y="0" w="517" h="48" zOrder="1">
          <ShadowBlur>0</ShadowBlur>
          <groupChildrenDescriptors>
            <control controlID="6BCD2614-A56D-4FF5-AF54-CECBE26D4E9A" controlTypeID="Label" x="0" y="0" w="47" h="19" zOrder="0">
              <ShadowBlur>0</ShadowBlur>
              <font family="Segoe+UI" displayName="Segoe+UI" postScript="" weightStyle="Standard" weight="400" isBold="False" isItalic="False"/>
              <text>API-key</text>
              <lineSpacing>0</lineSpacing>
              <selectedIndex>-1</selectedIndex>
            </control>
            <control controlID="D9FE7063-5C54-46FB-B494-8A616F57BD86" controlTypeID="TextInput" x="0" y="24" w="517" h="24" zOrder="1">
              <ShadowBlur>0</ShadowBlur>
              <font family="Segoe+UI" displayName="Segoe+UI" postScript="" weightStyle="Standard" weight="400" isBold="False" isItalic="False"/>
              <lineSpacing>0</lineSpacing>
              <selectedIndex>-1</selectedIndex>
            </control>
          </groupChildrenDescriptors>
        </control>
      </groupChildrenDescriptors>
    </control>
    <control controlID="7B199998-957A-4028-9BB6-D0CDD32D0994" controlTypeID="__group__" x="274" y="210" w="553" h="48" zOrder="9">
      <groupChildrenDescriptors>
        <control controlID="06C0C1E9-910D-4C31-8D3D-02581A4988A6" controlTypeID="Label" x="37" y="0" w="24" h="19" zOrder="0">
          <ShadowBlur>0</ShadowBlur>
          <font family="Segoe+UI" displayName="Segoe+UI" postScript="" weightStyle="Standard" weight="400" isBold="False" isItalic="False"/>
          <text>URL</text>
          <lineSpacing>0</lineSpacing>
          <selectedIndex>-1</selectedIndex>
        </control>
        <control controlID="16AD84A2-2014-44E4-8303-FB0382425089" controlTypeID="TextInput" x="37" y="24" w="516" h="24" zOrder="1">
          <ShadowBlur>0</ShadowBlur>
          <font family="Segoe+UI" displayName="Segoe+UI" postScript="" weightStyle="Standard" weight="400" isBold="False" isItalic="False"/>
          <lineSpacing>0</lineSpacing>
          <selectedIndex>-1</selectedIndex>
        </control>
        <control controlID="1F854954-1F13-4B00-A09C-86C13CB82C1D" controlTypeID="Icon" x="0" y="26" w="22" h="22" zOrder="2">
          <ShadowBlur>0</ShadowBlur>
          <icon>
            <ID/>
            <iconFontName>jdIonicons</iconFontName>
            <iconCode>61950</iconCode>
          </icon>
          <URL>A2A62CD6FACA5D2B626924DB816CB640.svg</URL>
        </control>
      </groupChildrenDescriptors>
    </control>
    <control controlID="5911E6C3-646F-4DA4-8E6B-C3C18C51BDAC" controlTypeID="IconButton2" x="274" y="488" w="31" h="31" zOrder="10">
      <ShadowBlur>0</ShadowBlur>
      <groupChildrenDescriptors>
        <control controlID="94E29952-59FC-42AD-BE60-BB33E1E9776F" controlTypeID="Shape" x="0" y="0" w="31" h="31" zOrder="0">
          <borderColor>4278190080</borderColor>
          <canMove>False</canMove>
          <alias>shape</alias>
          <ShadowBlur>0</ShadowBlur>
          <font family="Segoe+UI" displayName="Segoe+UI" postScript="" weightStyle="Standard" weight="400" isBold="False" isItalic="False"/>
          <textSize>14</textSize>
          <selectedIndex>-1</selectedIndex>
          <shapeBorderType>SbEllipse</shapeBorderType>
        </control>
        <control controlID="59765372-3857-405E-BBDB-7103E6CF9B23" controlTypeID="Icon" x="6" y="6" w="20" h="20" zOrder="1">
          <color>4278190080</color>
          <canMove>False</canMove>
          <alias>icon</alias>
          <ShadowBlur>0</ShadowBlur>
          <icon>
            <ID/>
            <iconFontName>jdIonicons</iconFontName>
            <iconCode>62305</iconCode>
          </icon>
          <URL>99D18E524D2BEF9446942FB6A373FE26.svg</URL>
        </control>
        <control controlID="81EDFE7F-5C77-4718-8A19-45709DC30BE9" controlTypeID="Label" x="-2" y="0" w="32" h="19" zOrder="2">
          <canMove>False</canMove>
          <alias>label</alias>
          <ShadowBlur>0</ShadowBlur>
          <font family="Segoe+UI" displayName="Segoe+UI" postScript="" weightStyle="Standard" weight="400" isBold="False" isItalic="False"/>
          <text>Label</text>
          <textAlign>HaCenter</textAlign>
          <lineSpacing>0</lineSpacing>
          <selectedIndex>-1</selectedIndex>
        </control>
        <control controlID="0093495B-5085-4734-98E6-28E4E3B0032F" controlTypeID="Shape" x="19" y="0" w="12" h="12" zOrder="3">
          <color>4294901760</color>
          <borderVisible>False</borderVisible>
          <canMove>False</canMove>
          <alias>alarm</alias>
          <ShadowBlur>0</ShadowBlur>
          <font family="Segoe+UI" displayName="Segoe+UI" postScript="" weightStyle="Standard" weight="400" isBold="False" isItalic="False"/>
          <text>2</text>
          <textColor>4294967295</textColor>
          <textSize>7</textSize>
          <selectedIndex>-1</selectedIndex>
          <radius>100</radius>
          <radiusIsPercent>True</radiusIsPercent>
        </control>
      </groupChildrenDescriptors>
      <iconSize>20</iconSize>
    </control>
    <control controlID="14837A47-8919-48B3-A1E7-08C7A3BAF5B6" controlTypeID="Label" x="440" y="483" w="220" h="19" zOrder="11">
      <ShadowBlur>0</ShadowBlur>
      <font family="Segoe+UI" displayName="Segoe+UI+Kursiv" postScript="" weightStyle="Kursiv" weight="400" isBold="False" isItalic="True"/>
      <text>Provide+correct+credentials+and+test</text>
      <lineSpacing>0</lineSpacing>
      <textStyles>[fsItalic]</textStyles>
      <selectedIndex>-1</selectedIndex>
    </control>
    <control controlID="96DB4948-BC54-439E-AB1D-76063995E5FC" controlTypeID="__group__" x="747" y="488" w="80" h="31" zOrder="12">
      <groupChildrenDescriptors>
        <control controlID="A0D3AA9C-E393-41AB-B37F-62930EA847F7" controlTypeID="Label" x="41" y="3" w="39" h="27" zOrder="0">
          <ShadowBlur>0</ShadowBlur>
          <font family="Segoe+UI" displayName="Segoe+UI_%26_Bold" postScript="" weightStyle="Bold" weight="700" isBold="True" isItalic="False"/>
          <text>Test</text>
          <textSize>20</textSize>
          <lineSpacing>0</lineSpacing>
          <textStyles>[fsBold]</textStyles>
          <useDefaultTextSize>False</useDefaultTextSize>
          <selectedIndex>-1</selectedIndex>
        </control>
        <control controlID="8C668124-A7F0-44AD-85D5-813184026D46" controlTypeID="IconButton2" x="0" y="0" w="31" h="31" zOrder="1">
          <ShadowBlur>0</ShadowBlur>
          <groupChildrenDescriptors>
            <control controlID="9F7C11D0-D6A1-4802-A94C-836B075A819F" controlTypeID="Shape" x="0" y="0" w="31" h="31" zOrder="0">
              <borderColor>4278190080</borderColor>
              <canMove>False</canMove>
              <alias>shape</alias>
              <ShadowBlur>0</ShadowBlur>
              <font family="Segoe+UI" displayName="Segoe+UI" postScript="" weightStyle="Standard" weight="400" isBold="False" isItalic="False"/>
              <textSize>14</textSize>
              <selectedIndex>-1</selectedIndex>
              <shapeBorderType>SbEllipse</shapeBorderType>
            </control>
            <control controlID="2180DE6D-CE35-4984-8CD2-32BA8F701D29" controlTypeID="Icon" x="6" y="6" w="20" h="20" zOrder="1">
              <color>4278190080</color>
              <canMove>False</canMove>
              <alias>icon</alias>
              <ShadowBlur>0</ShadowBlur>
              <icon>
                <ID/>
                <iconFontName>jdIonicons</iconFontName>
                <iconCode>62376</iconCode>
              </icon>
              <URL>3E4CC55CD92B1FE24AE35A2C4C2CE2F7.svg</URL>
            </control>
            <control controlID="FB92E953-E5CA-4878-BF24-27304E641B31" controlTypeID="Label" x="-2" y="0" w="32" h="19" zOrder="2">
              <canMove>False</canMove>
              <alias>label</alias>
              <ShadowBlur>0</ShadowBlur>
              <font family="Segoe+UI" displayName="Segoe+UI" postScript="" weightStyle="Standard" weight="400" isBold="False" isItalic="False"/>
              <text>Label</text>
              <textAlign>HaCenter</textAlign>
              <lineSpacing>0</lineSpacing>
              <selectedIndex>-1</selectedIndex>
            </control>
            <control controlID="956F1C53-602B-41FD-9122-0C18BB5C3777" controlTypeID="Shape" x="19" y="0" w="12" h="12" zOrder="3">
              <color>4294901760</color>
              <borderVisible>False</borderVisible>
              <canMove>False</canMove>
              <alias>alarm</alias>
              <ShadowBlur>0</ShadowBlur>
              <font family="Segoe+UI" displayName="Segoe+UI" postScript="" weightStyle="Standard" weight="400" isBold="False" isItalic="False"/>
              <text>2</text>
              <textColor>4294967295</textColor>
              <textSize>7</textSize>
              <selectedIndex>-1</selectedIndex>
              <radius>100</radius>
              <radiusIsPercent>True</radiusIsPercent>
            </control>
          </groupChildrenDescriptors>
          <iconSize>20</iconSize>
        </control>
      </groupChildrenDescriptors>
    </control>
  </controls>
  <param>
    <backgroundColor>4294967295</backgroundColor>
    <fontSize>14</fontSize>
    <fontFamily>Segoe+UI</fontFamily>
    <guideLines/>
  </param>
</mockup>