﻿<mockup version="5.2" minAllowVersion="5.2" ID="4F1236D3-4822-4200-82CF-5EEA7A3E30AE" platform="MtWeb" defaultW="1100" defaultH="1000" measureW="1100" measureH="1000" mobileScreenScale="0">
  <controls controlCount="75">
    <control controlID="3EA09249-392B-4E70-A4C2-BB9B42CDCB16" controlTypeID="__group__" x="0" y="0" w="1100" h="70" zOrder="0">
      <ShadowBlur>0</ShadowBlur>
      <groupChildrenDescriptors>
        <control controlID="2557CF2D-3EF4-4216-BF18-290BAC6023D8" controlTypeID="Panel" x="0" y="0" w="1100" h="70" zOrder="0">
          <color>4280642473</color>
          <borderColor>4280642473</borderColor>
          <ShadowBlur>0</ShadowBlur>
          <groupChildrenDescriptors>
            <control controlID="EDCDE669-1321-46FE-8130-838BBF53B36D" controlTypeID="Border" x="0" y="0" w="1100" h="70" zOrder="0">
              <borderColor>4280642473</borderColor>
              <alias>borderLayer</alias>
              <ShadowBlur>0</ShadowBlur>
            </control>
          </groupChildrenDescriptors>
          <thinkness>1</thinkness>
        </control>
        <control controlID="77A5054B-D6DF-4389-A252-07C797805D46" controlTypeID="__group__" x="30" y="10" w="1033" h="50" zOrder="1">
          <ShadowBlur>0</ShadowBlur>
          <groupChildrenDescriptors>
            <control controlID="A59C71C6-D680-42EA-A27A-88ED81EB69A4" controlTypeID="Image" x="0" y="0" w="50" h="50" zOrder="0">
              <ShadowBlur>0</ShadowBlur>
              <URL>976481E0FBEB84C2585025769B665392.png</URL>
            </control>
            <control controlID="71811EA7-6C05-46B9-8E7F-8EBC0643E418" controlTypeID="__group__" x="113" y="17" w="42" h="24" zOrder="1">
              <ShadowBlur>0</ShadowBlur>
              <groupChildrenDescriptors>
                <control controlID="63EAE2B3-4EB2-4853-A906-8D558F80B317" controlTypeID="Label" x="12" y="0" w="30" h="24" zOrder="0">
                  <ShadowBlur>0</ShadowBlur>
                  <font family="Segoe+UI" displayName="Segoe+UI" postScript="" weightStyle="Standard" weight="400" isBold="False" isItalic="False"/>
                  <text>sers</text>
                  <textColor>4290689342</textColor>
                  <textSize>18</textSize>
                  <lineSpacing>0</lineSpacing>
                  <useDefaultTextSize>False</useDefaultTextSize>
                  <selectedIndex>-1</selectedIndex>
                </control>
                <control controlID="FC74CAC4-C886-4521-9A38-C40FC3C872E1" controlTypeID="Label" x="0" y="0" w="11" h="24" zOrder="1">
                  <ShadowBlur>0</ShadowBlur>
                  <font family="Segoe+UI" displayName="Segoe+UI" postScript="" weightStyle="Standard" weight="400" isBold="False" isItalic="False"/>
                  <text>U</text>
                  <textColor>4290689342</textColor>
                  <textSize>18</textSize>
                  <lineSpacing>0</lineSpacing>
                  <textStyles>[fsUnderline]</textStyles>
                  <useDefaultTextSize>False</useDefaultTextSize>
                  <selectedIndex>-1</selectedIndex>
                </control>
              </groupChildrenDescriptors>
            </control>
            <control controlID="3D2A62A1-4F66-431E-BAC9-412F49C053DD" controlTypeID="__group__" x="233" y="18" w="95" h="24" zOrder="2">
              <ShadowBlur>0</ShadowBlur>
              <groupChildrenDescriptors>
                <control controlID="5BEC996B-16B6-4DA6-9E33-D967D3446392" controlTypeID="Label" x="0" y="0" w="95" h="24" zOrder="0">
                  <ShadowBlur>0</ShadowBlur>
                  <font family="Segoe+UI" displayName="Segoe+UI" postScript="" weightStyle="Standard" weight="400" isBold="False" isItalic="False"/>
                  <text>User+++roups</text>
                  <textColor>4294967295</textColor>
                  <textSize>18</textSize>
                  <lineSpacing>0</lineSpacing>
                  <useDefaultTextSize>False</useDefaultTextSize>
                  <selectedIndex>-1</selectedIndex>
                </control>
                <control controlID="3DE2BD31-A94F-4708-8B32-1E77AAF266CA" controlTypeID="Label" x="39" y="0" w="11" h="24" zOrder="1">
                  <ShadowBlur>0</ShadowBlur>
                  <font family="Segoe+UI" displayName="Segoe+UI" postScript="" weightStyle="Standard" weight="400" isBold="False" isItalic="False"/>
                  <text>G</text>
                  <textColor>4290689342</textColor>
                  <textSize>18</textSize>
                  <lineSpacing>0</lineSpacing>
                  <textStyles>[fsUnderline]</textStyles>
                  <useDefaultTextSize>False</useDefaultTextSize>
                  <selectedIndex>-1</selectedIndex>
                </control>
              </groupChildrenDescriptors>
            </control>
            <control controlID="E74E2D4C-A930-4B55-9B7C-4FBBBB16C531" controlTypeID="__group__" x="968" y="16" w="65" h="25" zOrder="3">
              <ShadowBlur>0</ShadowBlur>
              <groupChildrenDescriptors>
                <control controlID="BCBA3A5E-926F-4283-B05D-DD9256717170" controlTypeID="Label" x="0" y="0" w="65" h="24" zOrder="0">
                  <ShadowBlur>0</ShadowBlur>
                  <font family="Segoe+UI" displayName="Segoe+UI" postScript="" weightStyle="Standard" weight="400" isBold="False" isItalic="False"/>
                  <text>Log++++ut</text>
                  <textColor>4294967295</textColor>
                  <textSize>18</textSize>
                  <lineSpacing>0</lineSpacing>
                  <useDefaultTextSize>False</useDefaultTextSize>
                  <selectedIndex>-1</selectedIndex>
                </control>
                <control controlID="6015A311-651A-4CCD-9749-6DDC5583DA7F" controlTypeID="Label" x="36" y="1" w="13" h="24" zOrder="1">
                  <ShadowBlur>0</ShadowBlur>
                  <font family="Segoe+UI" displayName="Segoe+UI" postScript="" weightStyle="Standard" weight="400" isBold="False" isItalic="False"/>
                  <text>O</text>
                  <textColor>4290689342</textColor>
                  <textSize>18</textSize>
                  <lineSpacing>0</lineSpacing>
                  <textStyles>[fsUnderline]</textStyles>
                  <useDefaultTextSize>False</useDefaultTextSize>
                  <selectedIndex>-1</selectedIndex>
                </control>
              </groupChildrenDescriptors>
            </control>
            <control controlID="B1701165-9EA7-4DE0-BD78-FC7ACB7D9504" controlTypeID="__group__" x="818" y="16" w="80" h="24" zOrder="4">
              <ShadowBlur>0</ShadowBlur>
              <groupChildrenDescriptors>
                <control controlID="D2818B13-4956-4FFE-A0CC-71AE0AA77D52" controlTypeID="Label" x="0" y="0" w="80" h="24" zOrder="0">
                  <ShadowBlur>0</ShadowBlur>
                  <font family="Segoe+UI" displayName="Segoe+UI" postScript="" weightStyle="Standard" weight="400" isBold="False" isItalic="False"/>
                  <text>My+++rofile</text>
                  <textColor>4294967295</textColor>
                  <textSize>18</textSize>
                  <lineSpacing>0</lineSpacing>
                  <useDefaultTextSize>False</useDefaultTextSize>
                  <selectedIndex>-1</selectedIndex>
                </control>
                <control controlID="A4ABED8B-9FDD-4C03-8CC0-954E2CA8E4E2" controlTypeID="Label" x="29" y="0" w="9" h="24" zOrder="1">
                  <ShadowBlur>0</ShadowBlur>
                  <font family="Segoe+UI" displayName="Segoe+UI" postScript="" weightStyle="Standard" weight="400" isBold="False" isItalic="False"/>
                  <text>P</text>
                  <textColor>4290689342</textColor>
                  <textSize>18</textSize>
                  <lineSpacing>0</lineSpacing>
                  <textStyles>[fsUnderline]</textStyles>
                  <useDefaultTextSize>False</useDefaultTextSize>
                  <selectedIndex>-1</selectedIndex>
                </control>
              </groupChildrenDescriptors>
            </control>
            <control controlID="2C3760FC-11BF-40A0-954A-AEB89210A5DD" controlTypeID="Icon" x="78" y="14" w="30" h="30" zOrder="5">
              <color>4290689342</color>
              <ShadowBlur>0</ShadowBlur>
              <icon>
                <ID/>
                <iconFontName>jdIonicons</iconFontName>
                <iconCode>62366</iconCode>
              </icon>
              <URL>CB1D4BD70EFAF9D0D63B9D0659D62AAA.svg</URL>
            </control>
            <control controlID="4DA82931-B0C3-40FC-B0DC-200168A9691F" controlTypeID="Icon" x="198" y="14" w="30" h="30" zOrder="6">
              <color>4290689342</color>
              <ShadowBlur>0</ShadowBlur>
              <icon>
                <ID/>
                <iconFontName>jdIcoMoonFree</iconFontName>
                <iconCode>59762</iconCode>
              </icon>
              <URL>119C857C4792E02327F609276285EAD8.svg</URL>
            </control>
            <control controlID="68886F5B-CCC1-4BDD-ADCD-08346D1DAF92" controlTypeID="Icon" x="784" y="14" w="30" h="30" zOrder="7">
              <color>4290689342</color>
              <ShadowBlur>0</ShadowBlur>
              <icon>
                <ID/>
                <iconFontName>jdIonicons</iconFontName>
                <iconCode>62489</iconCode>
              </icon>
              <URL>E7D27E7A00FA7023CB70F7694DE9F06F.svg</URL>
            </control>
            <control controlID="83EF92B8-2465-437F-992E-3D155ECBB26A" controlTypeID="Icon" x="933" y="14" w="30" h="30" zOrder="8">
              <color>4290689342</color>
              <ShadowBlur>0</ShadowBlur>
              <icon>
                <ID/>
                <iconFontName>jdIonicons</iconFontName>
                <iconCode>62111</iconCode>
              </icon>
              <URL>3C8DF9DE80057200F41F28DCE285D271.svg</URL>
            </control>
          </groupChildrenDescriptors>
        </control>
      </groupChildrenDescriptors>
    </control>
    <control controlID="8938E84D-8B6B-4458-929C-753B762801A5" controlTypeID="__group__" x="0" y="690" w="1100" h="70" zOrder="1">
      <ShadowBlur>0</ShadowBlur>
      <groupChildrenDescriptors>
        <control controlID="0FB87770-F130-4830-8370-182E0EAAA2E8" controlTypeID="Panel" x="0" y="0" w="1100" h="70" zOrder="0">
          <color>4280642473</color>
          <borderColor>4280642473</borderColor>
          <ShadowBlur>0</ShadowBlur>
          <groupChildrenDescriptors>
            <control controlID="DD27B717-FAD4-40F3-99A7-088E030C7051" controlTypeID="Border" x="0" y="0" w="1100" h="70" zOrder="0">
              <borderColor>4280642473</borderColor>
              <alias>borderLayer</alias>
              <ShadowBlur>0</ShadowBlur>
            </control>
          </groupChildrenDescriptors>
          <thinkness>1</thinkness>
        </control>
        <control controlID="BECEF283-BEF6-4CF8-9AA7-A5C78D261381" controlTypeID="Label" x="31" y="21" w="36" h="24" zOrder="1">
          <ShadowBlur>0</ShadowBlur>
          <font family="Segoe+UI" displayName="Segoe+UI" postScript="" weightStyle="Standard" weight="400" isBold="False" isItalic="False"/>
          <text>Help</text>
          <textColor>4294967295</textColor>
          <textSize>18</textSize>
          <lineSpacing>0</lineSpacing>
          <useDefaultTextSize>False</useDefaultTextSize>
          <selectedIndex>-1</selectedIndex>
        </control>
        <control controlID="9743A50B-232C-45DB-A49A-31A19FF5135C" controlTypeID="Label" x="95" y="21" w="75" h="24" zOrder="2">
          <ShadowBlur>0</ShadowBlur>
          <font family="Segoe+UI" displayName="Segoe+UI" postScript="" weightStyle="Standard" weight="400" isBold="False" isItalic="False"/>
          <text>Feedback</text>
          <textColor>4294967295</textColor>
          <textSize>18</textSize>
          <lineSpacing>0</lineSpacing>
          <useDefaultTextSize>False</useDefaultTextSize>
          <selectedIndex>-1</selectedIndex>
        </control>
        <control controlID="6446406D-F497-4500-933C-EC21A0175780" controlTypeID="Label" x="207" y="21" w="57" h="24" zOrder="3">
          <ShadowBlur>0</ShadowBlur>
          <font family="Segoe+UI" displayName="Segoe+UI" postScript="" weightStyle="Standard" weight="400" isBold="False" isItalic="False"/>
          <text>Imprint</text>
          <textColor>4294967295</textColor>
          <textSize>18</textSize>
          <lineSpacing>0</lineSpacing>
          <useDefaultTextSize>False</useDefaultTextSize>
          <selectedIndex>-1</selectedIndex>
        </control>
        <control controlID="ABACD874-AEA9-4B57-ABA6-0D92D8950DEA" controlTypeID="Label" x="830" y="24" w="250" h="24" zOrder="4">
          <ShadowBlur>0</ShadowBlur>
          <font family="Segoe+UI" displayName="Segoe+UI" postScript="" weightStyle="Standard" weight="400" isBold="False" isItalic="False"/>
          <text>%C2%A9+Copyright+201%3F+becon+GmbH</text>
          <textColor>4294967295</textColor>
          <textSize>18</textSize>
          <lineSpacing>0</lineSpacing>
          <useDefaultTextSize>False</useDefaultTextSize>
          <selectedIndex>-1</selectedIndex>
        </control>
      </groupChildrenDescriptors>
    </control>
    <control controlID="65BB7455-AF00-4301-9EAB-613E557A8BFA" controlTypeID="Shape" x="0" y="70" w="1100" h="620" zOrder="2">
      <verticalScrollbarShow>True</verticalScrollbarShow>
      <ShadowBlur>0</ShadowBlur>
      <font family="Segoe+UI" displayName="Segoe+UI" postScript="" weightStyle="Standard" weight="400" isBold="False" isItalic="False"/>
      <textSize>14</textSize>
      <selectedIndex>-1</selectedIndex>
    </control>
    <control controlID="941542FC-79E2-425F-B0E0-23E13891F35C" controlTypeID="Label" x="475" y="80" w="154" h="38" zOrder="3">
      <ShadowBlur>0</ShadowBlur>
      <font family="Segoe+UI" displayName="Segoe+UI" postScript="" weightStyle="Standard" weight="400" isBold="False" isItalic="False"/>
      <text>Update+User</text>
      <textColor>4284900966</textColor>
      <textSize>28</textSize>
      <lineSpacing>0</lineSpacing>
      <useDefaultTextSize>False</useDefaultTextSize>
      <selectedIndex>-1</selectedIndex>
    </control>
    <control controlID="82C96E92-3ED2-4991-83EA-574FD0F90613" controlTypeID="__group__" x="252" y="140" w="596" h="50" zOrder="4">
      <groupChildrenDescriptors>
        <control controlID="EEA4525C-2B83-46D9-9B0D-AFCD8821E322" controlTypeID="__group__" x="39" y="0" w="557" h="50" zOrder="0">
          <ShadowBlur>0</ShadowBlur>
          <groupChildrenDescriptors>
            <control controlID="CD6B2378-A4A9-4E1A-8031-05454C9140C0" controlTypeID="Label" x="0" y="0" w="32" h="19" zOrder="0">
              <ShadowBlur>0</ShadowBlur>
              <font family="Segoe+UI" displayName="Segoe+UI" postScript="" weightStyle="Standard" weight="400" isBold="False" isItalic="False"/>
              <text>Email</text>
              <lineSpacing>0</lineSpacing>
              <selectedIndex>-1</selectedIndex>
            </control>
            <control controlID="DC23ECEE-C3F9-4D53-8308-7C5BB760F45F" controlTypeID="TextInput" x="0" y="25" w="557" h="25" zOrder="1">
              <ShadowBlur>0</ShadowBlur>
              <font family="Segoe+UI" displayName="Segoe+UI" postScript="" weightStyle="Standard" weight="400" isBold="False" isItalic="False"/>
              <lineSpacing>0</lineSpacing>
              <selectedIndex>-1</selectedIndex>
            </control>
          </groupChildrenDescriptors>
        </control>
        <control controlID="4258853D-85CF-435F-9937-2B52A695D036" controlTypeID="Icon" x="0" y="26" w="24" h="24" zOrder="1">
          <ShadowBlur>0</ShadowBlur>
          <icon>
            <ID/>
            <iconFontName>jdIonicons</iconFontName>
            <iconCode>62187</iconCode>
          </icon>
          <URL>B006535552ADCF3C660B10FA6D267D70.svg</URL>
        </control>
      </groupChildrenDescriptors>
    </control>
    <control controlID="903021F6-B4F5-47CB-85F3-E0515428C97C" controlTypeID="__group__" x="253" y="205" w="597" h="50" zOrder="5">
      <ShadowBlur>0</ShadowBlur>
      <groupChildrenDescriptors>
        <control controlID="5BF6FBE0-51D1-4DDD-9070-AB68DDF4D1D7" controlTypeID="__group__" x="39" y="0" w="558" h="50" zOrder="0">
          <ShadowBlur>0</ShadowBlur>
          <groupChildrenDescriptors>
            <control controlID="075D41FA-3FEE-4D49-A54D-C128C6975486" controlTypeID="Label" x="0" y="0" w="57" h="19" zOrder="0">
              <ShadowBlur>0</ShadowBlur>
              <font family="Segoe+UI" displayName="Segoe+UI" postScript="" weightStyle="Standard" weight="400" isBold="False" isItalic="False"/>
              <text>Password</text>
              <lineSpacing>0</lineSpacing>
              <selectedIndex>-1</selectedIndex>
            </control>
            <control controlID="5F479A4B-F0B5-4E7C-B89E-E39612B2480C" controlTypeID="TextInput" x="0" y="25" w="558" h="25" zOrder="1">
              <ShadowBlur>0</ShadowBlur>
              <font family="Segoe+UI" displayName="Segoe+UI" postScript="" weightStyle="Standard" weight="400" isBold="False" isItalic="False"/>
              <lineSpacing>0</lineSpacing>
              <selectedIndex>-1</selectedIndex>
            </control>
          </groupChildrenDescriptors>
        </control>
        <control controlID="DA57CDAC-5CFF-4C05-B1FF-CCA57E1FA937" controlTypeID="Icon" x="0" y="26" w="24" h="24" zOrder="1">
          <ShadowBlur>0</ShadowBlur>
          <icon>
            <ID/>
            <iconFontName>jdFontCustom</iconFontName>
            <iconCode>61792</iconCode>
          </icon>
          <URL>70987BBBAB2116F8F2969789465AA2A3.svg</URL>
        </control>
      </groupChildrenDescriptors>
    </control>
    <control controlID="66863E8A-0D70-443F-8F22-619F3AA952F0" controlTypeID="__group__" x="254" y="270" w="597" h="50" zOrder="6">
      <ShadowBlur>0</ShadowBlur>
      <groupChildrenDescriptors>
        <control controlID="76094C1F-1B36-4B14-B35B-E7183ABD9CE0" controlTypeID="__group__" x="39" y="0" w="558" h="50" zOrder="0">
          <ShadowBlur>0</ShadowBlur>
          <groupChildrenDescriptors>
            <control controlID="8E638F58-F2F8-4A6D-9A61-C9594F34AA71" controlTypeID="Label" x="0" y="0" w="104" h="19" zOrder="0">
              <ShadowBlur>0</ShadowBlur>
              <font family="Segoe+UI" displayName="Segoe+UI" postScript="" weightStyle="Standard" weight="400" isBold="False" isItalic="False"/>
              <text>Repeat+Password</text>
              <lineSpacing>0</lineSpacing>
              <selectedIndex>-1</selectedIndex>
            </control>
            <control controlID="E6E34397-FB37-4203-BE5F-F899F7ACC617" controlTypeID="TextInput" x="0" y="25" w="558" h="25" zOrder="1">
              <ShadowBlur>0</ShadowBlur>
              <font family="Segoe+UI" displayName="Segoe+UI" postScript="" weightStyle="Standard" weight="400" isBold="False" isItalic="False"/>
              <lineSpacing>0</lineSpacing>
              <selectedIndex>-1</selectedIndex>
            </control>
          </groupChildrenDescriptors>
        </control>
        <control controlID="C5CACC58-50D8-4BC7-ADC2-A3CFBECA7476" controlTypeID="Icon" x="0" y="26" w="24" h="24" zOrder="1">
          <ShadowBlur>0</ShadowBlur>
          <icon>
            <ID/>
            <iconFontName>jdFontCustom</iconFontName>
            <iconCode>61792</iconCode>
          </icon>
          <URL>70987BBBAB2116F8F2969789465AA2A3.svg</URL>
        </control>
      </groupChildrenDescriptors>
    </control>
    <control controlID="44D7B13F-9539-4AA5-BC5F-1DEB05C2ADCB" controlTypeID="__group__" x="253" y="335" w="597" h="50" zOrder="7">
      <ShadowBlur>0</ShadowBlur>
      <groupChildrenDescriptors>
        <control controlID="2ED56B04-DF85-48AC-A90C-35128DFFBA4C" controlTypeID="__group__" x="39" y="0" w="558" h="50" zOrder="0">
          <ShadowBlur>0</ShadowBlur>
          <groupChildrenDescriptors>
            <control controlID="14F4F008-622B-4ADE-AE5E-9480BFE4C504" controlTypeID="Label" x="0" y="0" w="36" h="19" zOrder="0">
              <ShadowBlur>0</ShadowBlur>
              <font family="Segoe+UI" displayName="Segoe+UI" postScript="" weightStyle="Standard" weight="400" isBold="False" isItalic="False"/>
              <text>Name</text>
              <lineSpacing>0</lineSpacing>
              <selectedIndex>-1</selectedIndex>
            </control>
            <control controlID="35EB4F20-943A-4464-A858-276E8A843FFC" controlTypeID="TextInput" x="0" y="25" w="558" h="25" zOrder="1">
              <ShadowBlur>0</ShadowBlur>
              <font family="Segoe+UI" displayName="Segoe+UI" postScript="" weightStyle="Standard" weight="400" isBold="False" isItalic="False"/>
              <lineSpacing>0</lineSpacing>
              <selectedIndex>-1</selectedIndex>
            </control>
          </groupChildrenDescriptors>
        </control>
        <control controlID="EDC4A495-C4D7-4FA5-AB68-015225E6ADE1" controlTypeID="Icon" x="0" y="26" w="24" h="24" zOrder="1">
          <ShadowBlur>0</ShadowBlur>
          <icon>
            <ID/>
            <iconFontName>jdIonicons</iconFontName>
            <iconCode>61954</iconCode>
          </icon>
          <URL>6DFE1BF6476B7504EDAC282764A0883C.svg</URL>
        </control>
      </groupChildrenDescriptors>
    </control>
    <control controlID="E0263142-46F1-42A4-8984-5837A35A7387" controlTypeID="__group__" x="253" y="400" w="598" h="50" zOrder="8">
      <ShadowBlur>0</ShadowBlur>
      <groupChildrenDescriptors>
        <control controlID="FCE9F65C-D3F2-4C8F-9581-3CE8EF60E8E4" controlTypeID="__group__" x="40" y="0" w="558" h="50" zOrder="0">
          <ShadowBlur>0</ShadowBlur>
          <groupChildrenDescriptors>
            <control controlID="7DCEDC2D-985B-4C18-9D7F-B8A9502C3BF0" controlTypeID="Label" x="0" y="0" w="54" h="19" zOrder="0">
              <ShadowBlur>0</ShadowBlur>
              <font family="Segoe+UI" displayName="Segoe+UI" postScript="" weightStyle="Standard" weight="400" isBold="False" isItalic="False"/>
              <text>Surname</text>
              <lineSpacing>0</lineSpacing>
              <selectedIndex>-1</selectedIndex>
            </control>
            <control controlID="B3492678-5AA6-4DAF-B519-FD098429543E" controlTypeID="TextInput" x="0" y="25" w="558" h="25" zOrder="1">
              <ShadowBlur>0</ShadowBlur>
              <font family="Segoe+UI" displayName="Segoe+UI" postScript="" weightStyle="Standard" weight="400" isBold="False" isItalic="False"/>
              <lineSpacing>0</lineSpacing>
              <selectedIndex>-1</selectedIndex>
            </control>
          </groupChildrenDescriptors>
        </control>
        <control controlID="891D88F5-2744-4DF5-B425-A05AFF03361A" controlTypeID="Icon" x="0" y="26" w="24" h="24" zOrder="1">
          <ShadowBlur>0</ShadowBlur>
          <icon>
            <ID/>
            <iconFontName>jdIonicons</iconFontName>
            <iconCode>61954</iconCode>
          </icon>
          <URL>6DFE1BF6476B7504EDAC282764A0883C.svg</URL>
        </control>
      </groupChildrenDescriptors>
    </control>
    <control controlID="2883651F-6E81-459E-B6C7-68631EF513B3" controlTypeID="__group__" x="253" y="465" w="598" h="50" zOrder="9">
      <ShadowBlur>0</ShadowBlur>
      <groupChildrenDescriptors>
        <control controlID="7CA64489-538C-4D6F-8E86-E4297B845EA6" controlTypeID="__group__" x="40" y="0" w="558" h="50" zOrder="0">
          <ShadowBlur>0</ShadowBlur>
          <groupChildrenDescriptors>
            <control controlID="E4D4B40A-CCDC-416E-A3D4-A15288D4EB19" controlTypeID="Label" x="0" y="0" w="79" h="19" zOrder="0">
              <ShadowBlur>0</ShadowBlur>
              <font family="Segoe+UI" displayName="Segoe+UI" postScript="" weightStyle="Standard" weight="400" isBold="False" isItalic="False"/>
              <text>Organization</text>
              <lineSpacing>0</lineSpacing>
              <selectedIndex>-1</selectedIndex>
            </control>
            <control controlID="0658B6BD-0924-4E4A-AA1B-04C46B76B753" controlTypeID="TextInput" x="0" y="25" w="558" h="25" zOrder="1">
              <ShadowBlur>0</ShadowBlur>
              <font family="Segoe+UI" displayName="Segoe+UI" postScript="" weightStyle="Standard" weight="400" isBold="False" isItalic="False"/>
              <lineSpacing>0</lineSpacing>
              <selectedIndex>-1</selectedIndex>
            </control>
          </groupChildrenDescriptors>
        </control>
        <control controlID="599545BA-119B-4CFA-B963-1DB30A30DBF7" controlTypeID="Icon" x="0" y="26" w="24" h="24" zOrder="1">
          <ShadowBlur>0</ShadowBlur>
          <icon>
            <ID/>
            <iconFontName>jdIcoMoonFree</iconFontName>
            <iconCode>59849</iconCode>
          </icon>
          <URL>3E0037915FDA15712E7E88422547A8A2.svg</URL>
        </control>
      </groupChildrenDescriptors>
    </control>
    <control controlID="F365A7CC-F247-4635-84EB-E0128E4D485F" controlTypeID="__group__" x="253" y="530" w="598" h="48" zOrder="10">
      <ShadowBlur>0</ShadowBlur>
      <groupChildrenDescriptors>
        <control controlID="5541981B-03F3-49AE-A598-79AD1EF89FC9" controlTypeID="__group__" x="40" y="0" w="558" h="48" zOrder="0">
          <ShadowBlur>0</ShadowBlur>
          <groupChildrenDescriptors>
            <control controlID="D9C1463B-33CB-4C60-AF68-3812D2F87DF5" controlTypeID="Label" x="0" y="0" w="74" h="19" zOrder="0">
              <ShadowBlur>0</ShadowBlur>
              <font family="Segoe+UI" displayName="Segoe+UI" postScript="" weightStyle="Standard" weight="400" isBold="False" isItalic="False"/>
              <text>Department</text>
              <lineSpacing>0</lineSpacing>
              <selectedIndex>-1</selectedIndex>
            </control>
            <control controlID="6AFE054A-0610-4EF7-8095-425A8548C360" controlTypeID="TextInput" x="0" y="24" w="558" h="24" zOrder="1">
              <ShadowBlur>0</ShadowBlur>
              <font family="Segoe+UI" displayName="Segoe+UI" postScript="" weightStyle="Standard" weight="400" isBold="False" isItalic="False"/>
              <lineSpacing>0</lineSpacing>
              <selectedIndex>-1</selectedIndex>
            </control>
          </groupChildrenDescriptors>
        </control>
        <control controlID="DE034D92-B614-477F-B01A-CBAFD15CB5EB" controlTypeID="Icon" x="0" y="24" w="24" h="24" zOrder="1">
          <ShadowBlur>0</ShadowBlur>
          <icon>
            <ID/>
            <iconFontName>jdIcoMoonFree</iconFontName>
            <iconCode>59716</iconCode>
          </icon>
          <URL>E9BC305766B471DFFF8260E11E938D6D.svg</URL>
        </control>
      </groupChildrenDescriptors>
    </control>
    <control controlID="9C5259AB-D21E-417B-A976-79A5957C9F62" controlTypeID="__group__" x="252" y="655" w="111" h="27" zOrder="11">
      <ShadowBlur>0</ShadowBlur>
      <groupChildrenDescriptors>
        <control controlID="4F6D8D24-3228-4A62-917F-7D84C0CD50F1" controlTypeID="Icon" x="0" y="0" w="27" h="27" zOrder="0">
          <color>4278190080</color>
          <ShadowBlur>0</ShadowBlur>
          <icon>
            <ID/>
            <iconFontName>jdIonicons</iconFontName>
            <iconCode>62547</iconCode>
          </icon>
          <URL>23C89C10F7B3376AE4E32DC5E7C501A2.svg</URL>
        </control>
        <control controlID="2A11AF05-8D2E-40CC-8B22-7F98D9EF7A34" controlTypeID="Label" x="31" y="0" w="80" h="27" zOrder="1">
          <ShadowBlur>0</ShadowBlur>
          <font family="Segoe+UI" displayName="Segoe+UI_%26_Bold" postScript="" weightStyle="Bold" weight="700" isBold="True" isItalic="False"/>
          <text>User+List</text>
          <textSize>20</textSize>
          <lineSpacing>0</lineSpacing>
          <textStyles>[fsBold]</textStyles>
          <useDefaultTextSize>False</useDefaultTextSize>
          <selectedIndex>-1</selectedIndex>
        </control>
      </groupChildrenDescriptors>
    </control>
    <control controlID="28A2CB73-71DC-4A93-BA42-17806218BE4A" controlTypeID="__group__" x="747" y="651" w="104" h="31" zOrder="12">
      <groupChildrenDescriptors>
        <control controlID="D0651257-4D65-444A-A9D0-A08D0637043D" controlTypeID="IconButton2" x="0" y="0" w="31" h="31" zOrder="0">
          <ShadowBlur>0</ShadowBlur>
          <groupChildrenDescriptors>
            <control controlID="FB89B8E6-CBF9-41FA-A926-747C58CC7D34" controlTypeID="Shape" x="0" y="0" w="31" h="31" zOrder="0">
              <borderColor>4278190080</borderColor>
              <canMove>False</canMove>
              <alias>shape</alias>
              <ShadowBlur>0</ShadowBlur>
              <font family="Segoe+UI" displayName="Segoe+UI" postScript="" weightStyle="Standard" weight="400" isBold="False" isItalic="False"/>
              <textSize>14</textSize>
              <selectedIndex>-1</selectedIndex>
              <shapeBorderType>SbEllipse</shapeBorderType>
            </control>
            <control controlID="BA2C5AB7-649A-478F-8C6A-5EFB240B7665" controlTypeID="Icon" x="6" y="6" w="20" h="20" zOrder="1">
              <color>4278190080</color>
              <canMove>False</canMove>
              <alias>icon</alias>
              <ShadowBlur>0</ShadowBlur>
              <icon>
                <ID/>
                <iconFontName>jdIcoFont</iconFontName>
                <iconCode>59120</iconCode>
              </icon>
              <URL>01DCD6AFD5583A4B865B91922BFCECAD.svg</URL>
            </control>
            <control controlID="ABA088EA-C38B-4142-953F-6FAE0BEB428F" controlTypeID="Label" x="-2" y="0" w="32" h="19" zOrder="2">
              <canMove>False</canMove>
              <alias>label</alias>
              <ShadowBlur>0</ShadowBlur>
              <font family="Segoe+UI" displayName="Segoe+UI" postScript="" weightStyle="Standard" weight="400" isBold="False" isItalic="False"/>
              <text>Label</text>
              <textAlign>HaCenter</textAlign>
              <lineSpacing>0</lineSpacing>
              <selectedIndex>-1</selectedIndex>
            </control>
            <control controlID="794A4F60-3585-407E-B983-FDDEAB239464" controlTypeID="Shape" x="19" y="0" w="12" h="12" zOrder="3">
              <color>4294901760</color>
              <borderVisible>False</borderVisible>
              <canMove>False</canMove>
              <alias>alarm</alias>
              <ShadowBlur>0</ShadowBlur>
              <font family="Segoe+UI" displayName="Segoe+UI" postScript="" weightStyle="Standard" weight="400" isBold="False" isItalic="False"/>
              <text>2</text>
              <textColor>4294967295</textColor>
              <textSize>7</textSize>
              <selectedIndex>-1</selectedIndex>
              <radius>100</radius>
              <radiusIsPercent>True</radiusIsPercent>
            </control>
          </groupChildrenDescriptors>
          <iconSize>20</iconSize>
        </control>
        <control controlID="2CFB7DE7-4761-478D-91DB-2BE0A99ED003" controlTypeID="Label" x="36" y="3" w="68" h="27" zOrder="1">
          <ShadowBlur>0</ShadowBlur>
          <font family="Segoe+UI" displayName="Segoe+UI_%26_Bold" postScript="" weightStyle="Bold" weight="700" isBold="True" isItalic="False"/>
          <text>Update</text>
          <textSize>20</textSize>
          <lineSpacing>0</lineSpacing>
          <textStyles>[fsBold]</textStyles>
          <useDefaultTextSize>False</useDefaultTextSize>
          <selectedIndex>-1</selectedIndex>
        </control>
      </groupChildrenDescriptors>
    </control>
  </controls>
  <param>
    <backgroundColor>4294967295</backgroundColor>
    <fontSize>14</fontSize>
    <fontFamily>Segoe+UI</fontFamily>
    <guideLines/>
  </param>
</mockup>