﻿<mockup version="5.2" minAllowVersion="5.2" ID="C3BB989A-B050-42AB-BA9E-773B430DB219" platform="MtWeb" defaultW="1100" defaultH="1000" measureW="1100" measureH="1000" mobileScreenScale="0">
  <controls controlCount="82">
    <control controlID="69154560-3615-4C4D-893A-1945EC9193A0" controlTypeID="__group__" x="0" y="690" w="1100" h="70" zOrder="0">
      <ShadowBlur>0</ShadowBlur>
      <groupChildrenDescriptors>
        <control controlID="743F78E0-FEF5-47BE-BDF3-B897263FD4BD" controlTypeID="Panel" x="0" y="0" w="1100" h="70" zOrder="0">
          <color>4280642473</color>
          <borderColor>4280642473</borderColor>
          <ShadowBlur>0</ShadowBlur>
          <groupChildrenDescriptors>
            <control controlID="3549367A-4BF2-4700-8919-1475C9873E01" controlTypeID="Border" x="0" y="0" w="1100" h="70" zOrder="0">
              <borderColor>4280642473</borderColor>
              <alias>borderLayer</alias>
              <ShadowBlur>0</ShadowBlur>
            </control>
          </groupChildrenDescriptors>
          <thinkness>1</thinkness>
        </control>
        <control controlID="DDA76EFA-A805-439D-B2A8-A79C8BD1DE17" controlTypeID="Label" x="31" y="21" w="36" h="24" zOrder="1">
          <ShadowBlur>0</ShadowBlur>
          <font family="Segoe+UI" displayName="Segoe+UI" postScript="" weightStyle="Standard" weight="400" isBold="False" isItalic="False"/>
          <text>Help</text>
          <textColor>4294967295</textColor>
          <textSize>18</textSize>
          <lineSpacing>0</lineSpacing>
          <useDefaultTextSize>False</useDefaultTextSize>
          <selectedIndex>-1</selectedIndex>
        </control>
        <control controlID="12141542-B650-43A6-807B-ED555FA2AABC" controlTypeID="Label" x="95" y="21" w="75" h="24" zOrder="2">
          <ShadowBlur>0</ShadowBlur>
          <font family="Segoe+UI" displayName="Segoe+UI" postScript="" weightStyle="Standard" weight="400" isBold="False" isItalic="False"/>
          <text>Feedback</text>
          <textColor>4294967295</textColor>
          <textSize>18</textSize>
          <lineSpacing>0</lineSpacing>
          <useDefaultTextSize>False</useDefaultTextSize>
          <selectedIndex>-1</selectedIndex>
        </control>
        <control controlID="A8A6B468-E03B-4BBE-9CA4-616A1432C19B" controlTypeID="Label" x="207" y="21" w="57" h="24" zOrder="3">
          <ShadowBlur>0</ShadowBlur>
          <font family="Segoe+UI" displayName="Segoe+UI" postScript="" weightStyle="Standard" weight="400" isBold="False" isItalic="False"/>
          <text>Imprint</text>
          <textColor>4294967295</textColor>
          <textSize>18</textSize>
          <lineSpacing>0</lineSpacing>
          <useDefaultTextSize>False</useDefaultTextSize>
          <selectedIndex>-1</selectedIndex>
        </control>
        <control controlID="433F0036-4AAD-46CB-9454-508B695BFD8E" controlTypeID="Label" x="830" y="24" w="250" h="24" zOrder="4">
          <ShadowBlur>0</ShadowBlur>
          <font family="Segoe+UI" displayName="Segoe+UI" postScript="" weightStyle="Standard" weight="400" isBold="False" isItalic="False"/>
          <text>%C2%A9+Copyright+201%3F+becon+GmbH</text>
          <textColor>4294967295</textColor>
          <textSize>18</textSize>
          <lineSpacing>0</lineSpacing>
          <useDefaultTextSize>False</useDefaultTextSize>
          <selectedIndex>-1</selectedIndex>
        </control>
      </groupChildrenDescriptors>
    </control>
    <control controlID="70BF941E-6899-4758-8A77-6119D1E52BEE" controlTypeID="Shape" x="0" y="70" w="1100" h="620" zOrder="1">
      <ShadowBlur>0</ShadowBlur>
      <font family="Segoe+UI" displayName="Segoe+UI" postScript="" weightStyle="Standard" weight="400" isBold="False" isItalic="False"/>
      <textSize>14</textSize>
      <selectedIndex>-1</selectedIndex>
    </control>
    <control controlID="B202D769-CA1E-4543-A680-01D20DBF1AD6" controlTypeID="__group__" x="252" y="228" w="279" h="143" zOrder="2">
      <groupChildrenDescriptors>
        <control controlID="E078EE63-441F-441E-8D21-380F2DC88DB0" controlTypeID="Shape" x="0" y="0" w="279" h="143" zOrder="0">
          <color>4288269465</color>
          <ShadowBlur>0</ShadowBlur>
          <font family="Segoe+UI" displayName="Segoe+UI" postScript="" weightStyle="Standard" weight="400" isBold="False" isItalic="False"/>
          <textSize>14</textSize>
          <selectedIndex>-1</selectedIndex>
          <radius>4</radius>
          <radiusIsPercent>True</radiusIsPercent>
        </control>
        <control controlID="E49C6AAC-EC13-4063-98B8-8A5D7782D55B" controlTypeID="__group__" x="6" y="14" w="268" h="121" zOrder="1">
          <ShadowBlur>0</ShadowBlur>
          <groupChildrenDescriptors>
            <control controlID="BB661E8C-5B5D-4FD5-9FC0-17B8CADB2462" controlTypeID="__group__" x="0" y="102" w="268" h="19" zOrder="0">
              <ShadowBlur>0</ShadowBlur>
              <groupChildrenDescriptors>
                <control controlID="0A9395D7-A328-4FDA-A810-151214010C73" controlTypeID="Label" x="0" y="0" w="29" h="19" zOrder="0">
                  <ShadowBlur>0</ShadowBlur>
                  <font family="Segoe+UI" displayName="Segoe+UI" postScript="" weightStyle="Standard" weight="400" isBold="False" isItalic="False"/>
                  <text>View</text>
                  <lineSpacing>0</lineSpacing>
                  <useDefaultTextSize>False</useDefaultTextSize>
                  <selectedIndex>-1</selectedIndex>
                </control>
                <control controlID="B0236483-530E-4351-8238-E354DD45BDAD" controlTypeID="Label" x="39" y="0" w="45" h="19" zOrder="1">
                  <ShadowBlur>0</ShadowBlur>
                  <font family="Segoe+UI" displayName="Segoe+UI" postScript="" weightStyle="Standard" weight="400" isBold="False" isItalic="False"/>
                  <text>Update</text>
                  <lineSpacing>0</lineSpacing>
                  <useDefaultTextSize>False</useDefaultTextSize>
                  <selectedIndex>-1</selectedIndex>
                </control>
                <control controlID="C6ECFB0B-5A55-4067-BD1A-9B982FE34D06" controlTypeID="Label" x="229" y="0" w="39" h="19" zOrder="2">
                  <ShadowBlur>0</ShadowBlur>
                  <font family="Segoe+UI" displayName="Segoe+UI" postScript="" weightStyle="Standard" weight="400" isBold="False" isItalic="False"/>
                  <text>Delete</text>
                  <textColor>4294901760</textColor>
                  <lineSpacing>0</lineSpacing>
                  <useDefaultTextSize>False</useDefaultTextSize>
                  <selectedIndex>-1</selectedIndex>
                </control>
              </groupChildrenDescriptors>
            </control>
            <control controlID="3F6FDD5A-77CC-4C32-BA70-4A2863780BE6" controlTypeID="Label" x="0" y="10" w="107" h="24" zOrder="1">
              <ShadowBlur>0</ShadowBlur>
              <font family="Segoe+UI" displayName="Segoe+UI_%26_Bold" postScript="" weightStyle="Bold" weight="700" isBold="True" isItalic="False"/>
              <text>Becon.Demo</text>
              <textSize>18</textSize>
              <lineSpacing>0</lineSpacing>
              <textStyles>[fsBold]</textStyles>
              <useDefaultTextSize>False</useDefaultTextSize>
              <selectedIndex>-1</selectedIndex>
            </control>
            <control controlID="8A1426A7-9D5E-4E10-9FF8-9DBE24C388CE" controlTypeID="Image" x="221" y="0" w="47" h="47" zOrder="2">
              <URL>D6117415B92B81ACCC00871D1EB9371F.jpg</URL>
            </control>
          </groupChildrenDescriptors>
        </control>
      </groupChildrenDescriptors>
    </control>
    <control controlID="2B1D20FD-DD25-42E9-86C7-746FA13A6C37" controlTypeID="__group__" x="567" y="228" w="279" h="143" zOrder="3">
      <ShadowBlur>0</ShadowBlur>
      <groupChildrenDescriptors>
        <control controlID="635812C0-764B-49A1-AD61-D0A7E7924D27" controlTypeID="Shape" x="0" y="0" w="279" h="143" zOrder="0">
          <color>4288269465</color>
          <ShadowBlur>0</ShadowBlur>
          <font family="Segoe+UI" displayName="Segoe+UI" postScript="" weightStyle="Standard" weight="400" isBold="False" isItalic="False"/>
          <textSize>14</textSize>
          <selectedIndex>-1</selectedIndex>
          <radius>4</radius>
          <radiusIsPercent>True</radiusIsPercent>
        </control>
        <control controlID="29F1D51B-96DF-4A62-BE11-35135AD288B2" controlTypeID="__group__" x="6" y="14" w="268" h="121" zOrder="1">
          <ShadowBlur>0</ShadowBlur>
          <groupChildrenDescriptors>
            <control controlID="0811BD73-143A-4430-A588-5A423758FEDD" controlTypeID="__group__" x="0" y="102" w="268" h="19" zOrder="0">
              <ShadowBlur>0</ShadowBlur>
              <groupChildrenDescriptors>
                <control controlID="5B06DA26-15BF-4547-A377-967C59CEDE0E" controlTypeID="Label" x="0" y="0" w="29" h="19" zOrder="0">
                  <ShadowBlur>0</ShadowBlur>
                  <font family="Segoe+UI" displayName="Segoe+UI" postScript="" weightStyle="Standard" weight="400" isBold="False" isItalic="False"/>
                  <text>View</text>
                  <lineSpacing>0</lineSpacing>
                  <useDefaultTextSize>False</useDefaultTextSize>
                  <selectedIndex>-1</selectedIndex>
                </control>
                <control controlID="E34C0D57-C2D1-499B-8442-62E0CCC48A3A" controlTypeID="Label" x="39" y="0" w="45" h="19" zOrder="1">
                  <ShadowBlur>0</ShadowBlur>
                  <font family="Segoe+UI" displayName="Segoe+UI" postScript="" weightStyle="Standard" weight="400" isBold="False" isItalic="False"/>
                  <text>Update</text>
                  <lineSpacing>0</lineSpacing>
                  <useDefaultTextSize>False</useDefaultTextSize>
                  <selectedIndex>-1</selectedIndex>
                </control>
                <control controlID="F1791CE9-75CE-42B4-A029-547EC2DED88F" controlTypeID="Label" x="229" y="0" w="39" h="19" zOrder="2">
                  <ShadowBlur>0</ShadowBlur>
                  <font family="Segoe+UI" displayName="Segoe+UI" postScript="" weightStyle="Standard" weight="400" isBold="False" isItalic="False"/>
                  <text>Delete</text>
                  <textColor>4294901760</textColor>
                  <lineSpacing>0</lineSpacing>
                  <useDefaultTextSize>False</useDefaultTextSize>
                  <selectedIndex>-1</selectedIndex>
                </control>
              </groupChildrenDescriptors>
            </control>
            <control controlID="86D8A117-1DE2-4B4B-B6C8-D084C22D94D8" controlTypeID="Label" x="0" y="10" w="137" h="24" zOrder="1">
              <ShadowBlur>0</ShadowBlur>
              <font family="Segoe+UI" displayName="Segoe+UI_%26_Bold" postScript="" weightStyle="Bold" weight="700" isBold="True" isItalic="False"/>
              <text>Microsoft.Demo</text>
              <textSize>18</textSize>
              <lineSpacing>0</lineSpacing>
              <textStyles>[fsBold]</textStyles>
              <useDefaultTextSize>False</useDefaultTextSize>
              <selectedIndex>-1</selectedIndex>
            </control>
            <control controlID="532C9D37-E49B-47AC-9EEB-561938C137CD" controlTypeID="Image" x="164" y="0" w="104" h="39" zOrder="2">
              <URL>000987A029F19208C0EE6B82886308C1.png</URL>
            </control>
          </groupChildrenDescriptors>
        </control>
      </groupChildrenDescriptors>
    </control>
    <control controlID="D524BEE9-A063-4C5C-8389-16D4E8A0BCE2" controlTypeID="__group__" x="252" y="146" w="351" h="48" zOrder="4">
      <ShadowBlur>0</ShadowBlur>
      <groupChildrenDescriptors>
        <control controlID="34335C97-4A41-4B97-BD5F-E0E6117035DF" controlTypeID="Label" x="0" y="0" w="81" h="19" zOrder="0">
          <ShadowBlur>0</ShadowBlur>
          <font family="Segoe+UI" displayName="Segoe+UI" postScript="" weightStyle="Standard" weight="400" isBold="False" isItalic="False"/>
          <text>Quick+search%3A</text>
          <lineSpacing>0</lineSpacing>
          <selectedIndex>-1</selectedIndex>
        </control>
        <control controlID="281EB002-B121-42F0-B061-BDA4592B51C6" controlTypeID="TextInput" x="0" y="24" w="351" h="24" zOrder="1">
          <ShadowBlur>0</ShadowBlur>
          <font family="Segoe+UI" displayName="Segoe+UI" postScript="" weightStyle="Standard" weight="400" isBold="False" isItalic="False"/>
          <lineSpacing>0</lineSpacing>
          <selectedIndex>-1</selectedIndex>
        </control>
      </groupChildrenDescriptors>
    </control>
    <control controlID="0DE3ECEF-4BAD-486E-8E14-E00BCF29A167" controlTypeID="__group__" x="0" y="0" w="1100" h="70" zOrder="5">
      <ShadowBlur>0</ShadowBlur>
      <groupChildrenDescriptors>
        <control controlID="787E7290-5807-46D7-8CB5-ED101434E7D1" controlTypeID="Panel" x="0" y="0" w="1100" h="70" zOrder="0">
          <color>4280642473</color>
          <borderColor>4280642473</borderColor>
          <ShadowBlur>0</ShadowBlur>
          <groupChildrenDescriptors>
            <control controlID="F1C44201-E510-441E-82C6-99988A67D3D8" controlTypeID="Border" x="0" y="0" w="1100" h="70" zOrder="0">
              <borderColor>4280642473</borderColor>
              <alias>borderLayer</alias>
              <ShadowBlur>0</ShadowBlur>
            </control>
          </groupChildrenDescriptors>
          <thinkness>1</thinkness>
        </control>
        <control controlID="38FCADBB-EB59-47B6-83D2-294FC7B17089" controlTypeID="__group__" x="30" y="10" w="1033" h="50" zOrder="1">
          <ShadowBlur>0</ShadowBlur>
          <groupChildrenDescriptors>
            <control controlID="135FA95A-D27D-41A3-9F56-0A565E64DA87" controlTypeID="Image" x="0" y="0" w="50" h="50" zOrder="0">
              <ShadowBlur>0</ShadowBlur>
              <URL>976481E0FBEB84C2585025769B665392.png</URL>
            </control>
            <control controlID="7C72F8F4-FB62-4B47-9208-4F37CA4C6D4C" controlTypeID="__group__" x="968" y="16" w="65" h="25" zOrder="1">
              <ShadowBlur>0</ShadowBlur>
              <groupChildrenDescriptors>
                <control controlID="78EC2729-7E4D-4250-ABD4-BAAE131ABF3A" controlTypeID="Label" x="0" y="0" w="65" h="24" zOrder="0">
                  <ShadowBlur>0</ShadowBlur>
                  <font family="Segoe+UI" displayName="Segoe+UI" postScript="" weightStyle="Standard" weight="400" isBold="False" isItalic="False"/>
                  <text>Log++++ut</text>
                  <textColor>4294967295</textColor>
                  <textSize>18</textSize>
                  <lineSpacing>0</lineSpacing>
                  <useDefaultTextSize>False</useDefaultTextSize>
                  <selectedIndex>-1</selectedIndex>
                </control>
                <control controlID="B824FB7B-5525-4F18-98A8-4749B6AAEEFE" controlTypeID="Label" x="36" y="1" w="13" h="24" zOrder="1">
                  <ShadowBlur>0</ShadowBlur>
                  <font family="Segoe+UI" displayName="Segoe+UI" postScript="" weightStyle="Standard" weight="400" isBold="False" isItalic="False"/>
                  <text>O</text>
                  <textColor>4290689342</textColor>
                  <textSize>18</textSize>
                  <lineSpacing>0</lineSpacing>
                  <textStyles>[fsUnderline]</textStyles>
                  <useDefaultTextSize>False</useDefaultTextSize>
                  <selectedIndex>-1</selectedIndex>
                </control>
              </groupChildrenDescriptors>
            </control>
            <control controlID="5E5441EA-D509-4046-A132-D16FFAFDE4DA" controlTypeID="__group__" x="818" y="16" w="80" h="24" zOrder="2">
              <ShadowBlur>0</ShadowBlur>
              <groupChildrenDescriptors>
                <control controlID="71672E3C-D86F-4FF5-B6F5-F5F2D2C12C3A" controlTypeID="Label" x="0" y="0" w="80" h="24" zOrder="0">
                  <ShadowBlur>0</ShadowBlur>
                  <font family="Segoe+UI" displayName="Segoe+UI" postScript="" weightStyle="Standard" weight="400" isBold="False" isItalic="False"/>
                  <text>My+++rofile</text>
                  <textColor>4294967295</textColor>
                  <textSize>18</textSize>
                  <lineSpacing>0</lineSpacing>
                  <useDefaultTextSize>False</useDefaultTextSize>
                  <selectedIndex>-1</selectedIndex>
                </control>
                <control controlID="96D65509-A56A-4E6A-9CFD-2970379F1639" controlTypeID="Label" x="29" y="0" w="9" h="24" zOrder="1">
                  <ShadowBlur>0</ShadowBlur>
                  <font family="Segoe+UI" displayName="Segoe+UI" postScript="" weightStyle="Standard" weight="400" isBold="False" isItalic="False"/>
                  <text>P</text>
                  <textColor>4290689342</textColor>
                  <textSize>18</textSize>
                  <lineSpacing>0</lineSpacing>
                  <textStyles>[fsUnderline]</textStyles>
                  <useDefaultTextSize>False</useDefaultTextSize>
                  <selectedIndex>-1</selectedIndex>
                </control>
              </groupChildrenDescriptors>
            </control>
            <control controlID="A87EE9D4-8056-4C8B-944B-8AB6D207F6C8" controlTypeID="__group__" x="78" y="14" w="125" h="30" zOrder="3">
              <groupChildrenDescriptors>
                <control controlID="EC4879DF-E9AC-45A2-A990-153FFDCAF29C" controlTypeID="__group__" x="35" y="3" w="90" h="24" zOrder="0">
                  <ShadowBlur>0</ShadowBlur>
                  <groupChildrenDescriptors>
                    <control controlID="61958FF5-5C29-426F-A7B2-8942336AFB9D" controlTypeID="Label" x="12" y="0" w="78" h="24" zOrder="0">
                      <ShadowBlur>0</ShadowBlur>
                      <font family="Segoe+UI" displayName="Segoe+UI" postScript="" weightStyle="Standard" weight="400" isBold="False" isItalic="False"/>
                      <text>onnectors</text>
                      <textColor>4290689342</textColor>
                      <textSize>18</textSize>
                      <lineSpacing>0</lineSpacing>
                      <useDefaultTextSize>False</useDefaultTextSize>
                      <selectedIndex>-1</selectedIndex>
                    </control>
                    <control controlID="14702E1B-79A9-4D1C-B23E-3B4F3655B979" controlTypeID="Label" x="0" y="0" w="10" h="24" zOrder="1">
                      <ShadowBlur>0</ShadowBlur>
                      <font family="Segoe+UI" displayName="Segoe+UI" postScript="" weightStyle="Standard" weight="400" isBold="False" isItalic="False"/>
                      <text>C</text>
                      <textColor>4290689342</textColor>
                      <textSize>18</textSize>
                      <lineSpacing>0</lineSpacing>
                      <textStyles>[fsUnderline]</textStyles>
                      <useDefaultTextSize>False</useDefaultTextSize>
                      <selectedIndex>-1</selectedIndex>
                    </control>
                  </groupChildrenDescriptors>
                </control>
                <control controlID="B89EB8B8-9C6D-487D-91ED-EE6CA35017AE" controlTypeID="Icon" x="0" y="0" w="30" h="30" zOrder="1">
                  <color>4290689342</color>
                  <ShadowBlur>0</ShadowBlur>
                  <icon>
                    <ID/>
                    <iconFontName>jdIonicons</iconFontName>
                    <iconCode>62199</iconCode>
                  </icon>
                  <URL>DED0E6A8242D8DE296EBCBE2FFA15EDA.svg</URL>
                </control>
              </groupChildrenDescriptors>
            </control>
            <control controlID="C029FEB3-52AE-4EBA-AA85-1716D1A54549" controlTypeID="Icon" x="784" y="14" w="30" h="30" zOrder="4">
              <color>4290689342</color>
              <ShadowBlur>0</ShadowBlur>
              <icon>
                <ID/>
                <iconFontName>jdIonicons</iconFontName>
                <iconCode>62489</iconCode>
              </icon>
              <URL>E7D27E7A00FA7023CB70F7694DE9F06F.svg</URL>
            </control>
            <control controlID="26C6CDB2-F617-40AC-B8A3-30DF34A0DA95" controlTypeID="Icon" x="933" y="14" w="30" h="30" zOrder="5">
              <color>4290689342</color>
              <ShadowBlur>0</ShadowBlur>
              <icon>
                <ID/>
                <iconFontName>jdIonicons</iconFontName>
                <iconCode>62111</iconCode>
              </icon>
              <URL>3C8DF9DE80057200F41F28DCE285D271.svg</URL>
            </control>
            <control controlID="AA981053-3231-42F6-9E0F-CA7CBCB84DFE" controlTypeID="__group__" x="220" y="14" w="133" h="30" zOrder="6">
              <groupChildrenDescriptors>
                <control controlID="74E58BC7-C83D-4CC0-9D30-B4D7E2FCF5E8" controlTypeID="Icon" x="0" y="0" w="30" h="30" zOrder="0">
                  <color>4290689342</color>
                  <ShadowBlur>0</ShadowBlur>
                  <icon>
                    <ID/>
                    <iconFontName>jdIcoMoonFree</iconFontName>
                    <iconCode>59797</iconCode>
                  </icon>
                  <URL>5E98D2A591BAC40C8F4087F7DA8C54F9.svg</URL>
                </control>
                <control controlID="83E9E723-94C3-454D-A027-9BBE2B15977D" controlTypeID="__group__" x="35" y="3" w="98" h="24" zOrder="1">
                  <groupChildrenDescriptors>
                    <control controlID="3B6A132F-26DC-4B7B-A42E-2B4320C5C861" controlTypeID="Label" x="9" y="0" w="89" h="24" zOrder="0">
                      <ShadowBlur>0</ShadowBlur>
                      <font family="Segoe+UI" displayName="Segoe+UI" postScript="" weightStyle="Standard" weight="400" isBold="False" isItalic="False"/>
                      <text>ransactions</text>
                      <textColor>4294967295</textColor>
                      <textSize>18</textSize>
                      <lineSpacing>0</lineSpacing>
                      <useDefaultTextSize>False</useDefaultTextSize>
                      <selectedIndex>-1</selectedIndex>
                    </control>
                    <control controlID="2D84F264-4F86-4482-99DB-64228D1FD07C" controlTypeID="Label" x="0" y="0" w="9" h="24" zOrder="1">
                      <ShadowBlur>0</ShadowBlur>
                      <font family="Segoe+UI" displayName="Segoe+UI" postScript="" weightStyle="Standard" weight="400" isBold="False" isItalic="False"/>
                      <text>T</text>
                      <textColor>4290689342</textColor>
                      <textSize>18</textSize>
                      <lineSpacing>0</lineSpacing>
                      <textStyles>[fsUnderline]</textStyles>
                      <useDefaultTextSize>False</useDefaultTextSize>
                      <selectedIndex>-1</selectedIndex>
                    </control>
                  </groupChildrenDescriptors>
                </control>
              </groupChildrenDescriptors>
            </control>
            <control controlID="F74C6464-744D-4903-A5B3-715A5AA646FA" controlTypeID="__group__" x="371" y="14" w="124" h="30" zOrder="7">
              <groupChildrenDescriptors>
                <control controlID="BD555358-F8CB-470D-9599-4500CD5D79D2" controlTypeID="Icon" x="0" y="0" w="30" h="30" zOrder="0">
                  <color>4290689342</color>
                  <ShadowBlur>0</ShadowBlur>
                  <icon>
                    <ID/>
                    <iconFontName>jdIonicons</iconFontName>
                    <iconCode>62062</iconCode>
                  </icon>
                  <URL>8D87F0B6E067D29DE1E9AC9BADB84F13.svg</URL>
                </control>
                <control controlID="F6394D1D-BBBA-43FC-8DCB-87FEFC787752" controlTypeID="__group__" x="35" y="3" w="89" h="24" zOrder="1">
                  <groupChildrenDescriptors>
                    <control controlID="C5618240-38EE-4C9B-BD79-AB7A0D9972BC" controlTypeID="Label" x="10" y="0" w="41" h="24" zOrder="0">
                      <ShadowBlur>0</ShadowBlur>
                      <font family="Segoe+UI" displayName="Segoe+UI" postScript="" weightStyle="Standard" weight="400" isBold="False" isItalic="False"/>
                      <text>vents</text>
                      <textColor>4294967295</textColor>
                      <textSize>18</textSize>
                      <lineSpacing>0</lineSpacing>
                      <useDefaultTextSize>False</useDefaultTextSize>
                      <selectedIndex>-1</selectedIndex>
                    </control>
                    <control controlID="34AE2279-B14B-448D-AC33-BAA3255B4744" controlTypeID="Label" x="0" y="0" w="8" h="24" zOrder="1">
                      <ShadowBlur>0</ShadowBlur>
                      <font family="Segoe+UI" displayName="Segoe+UI" postScript="" weightStyle="Standard" weight="400" isBold="False" isItalic="False"/>
                      <text>E</text>
                      <textColor>4290689342</textColor>
                      <textSize>18</textSize>
                      <lineSpacing>0</lineSpacing>
                      <textStyles>[fsUnderline]</textStyles>
                      <useDefaultTextSize>False</useDefaultTextSize>
                      <selectedIndex>-1</selectedIndex>
                    </control>
                  </groupChildrenDescriptors>
                </control>
              </groupChildrenDescriptors>
            </control>
          </groupChildrenDescriptors>
        </control>
      </groupChildrenDescriptors>
    </control>
    <control controlID="5C21D2E0-E03E-4B1D-81A8-4F47D4F8E6C0" controlTypeID="Label" x="462" y="80" w="177" h="38" zOrder="6">
      <ShadowBlur>0</ShadowBlur>
      <font family="Segoe+UI" displayName="Segoe+UI" postScript="" weightStyle="Standard" weight="400" isBold="False" isItalic="False"/>
      <text>Connector+List</text>
      <textColor>4284900966</textColor>
      <textSize>28</textSize>
      <lineSpacing>0</lineSpacing>
      <useDefaultTextSize>False</useDefaultTextSize>
      <selectedIndex>-1</selectedIndex>
    </control>
    <control controlID="C0671AD1-3A7A-44A8-A0B3-8B443CFB22DE" controlTypeID="__group__" x="567" y="430" w="279" h="143" zOrder="7">
      <ShadowBlur>0</ShadowBlur>
      <groupChildrenDescriptors>
        <control controlID="B57531E1-697E-4913-8918-0E5906CF4C7F" controlTypeID="Shape" x="0" y="0" w="279" h="143" zOrder="0">
          <color>4288269465</color>
          <ShadowBlur>0</ShadowBlur>
          <font family="Segoe+UI" displayName="Segoe+UI" postScript="" weightStyle="Standard" weight="400" isBold="False" isItalic="False"/>
          <textSize>14</textSize>
          <selectedIndex>-1</selectedIndex>
          <radius>4</radius>
          <radiusIsPercent>True</radiusIsPercent>
        </control>
        <control controlID="B37A2413-125F-4F8E-ABD3-DCB4D4F2178E" controlTypeID="__group__" x="6" y="14" w="268" h="121" zOrder="1">
          <ShadowBlur>0</ShadowBlur>
          <groupChildrenDescriptors>
            <control controlID="C0D37C1A-0EFD-4DA3-8EB2-B799EAB4E237" controlTypeID="__group__" x="0" y="102" w="268" h="19" zOrder="0">
              <ShadowBlur>0</ShadowBlur>
              <groupChildrenDescriptors>
                <control controlID="174B3DD2-341F-4F2F-88DC-C2A2CDB1B135" controlTypeID="Label" x="0" y="0" w="29" h="19" zOrder="0">
                  <ShadowBlur>0</ShadowBlur>
                  <font family="Segoe+UI" displayName="Segoe+UI" postScript="" weightStyle="Standard" weight="400" isBold="False" isItalic="False"/>
                  <text>View</text>
                  <lineSpacing>0</lineSpacing>
                  <useDefaultTextSize>False</useDefaultTextSize>
                  <selectedIndex>-1</selectedIndex>
                </control>
                <control controlID="BFE3491B-86B1-4CDF-85BB-2D9AAD9343F1" controlTypeID="Label" x="39" y="0" w="45" h="19" zOrder="1">
                  <ShadowBlur>0</ShadowBlur>
                  <font family="Segoe+UI" displayName="Segoe+UI" postScript="" weightStyle="Standard" weight="400" isBold="False" isItalic="False"/>
                  <text>Update</text>
                  <lineSpacing>0</lineSpacing>
                  <useDefaultTextSize>False</useDefaultTextSize>
                  <selectedIndex>-1</selectedIndex>
                </control>
                <control controlID="3096C482-A02F-47E6-84C1-463BD24EC6E7" controlTypeID="Label" x="229" y="0" w="39" h="19" zOrder="2">
                  <ShadowBlur>0</ShadowBlur>
                  <font family="Segoe+UI" displayName="Segoe+UI" postScript="" weightStyle="Standard" weight="400" isBold="False" isItalic="False"/>
                  <text>Delete</text>
                  <textColor>4294901760</textColor>
                  <lineSpacing>0</lineSpacing>
                  <useDefaultTextSize>False</useDefaultTextSize>
                  <selectedIndex>-1</selectedIndex>
                </control>
              </groupChildrenDescriptors>
            </control>
            <control controlID="A7A59F74-CC63-422E-B2ED-B40D0196FECC" controlTypeID="Label" x="0" y="10" w="107" h="24" zOrder="1">
              <ShadowBlur>0</ShadowBlur>
              <font family="Segoe+UI" displayName="Segoe+UI_%26_Bold" postScript="" weightStyle="Bold" weight="700" isBold="True" isItalic="False"/>
              <text>Becon.Demo</text>
              <textSize>18</textSize>
              <lineSpacing>0</lineSpacing>
              <textStyles>[fsBold]</textStyles>
              <useDefaultTextSize>False</useDefaultTextSize>
              <selectedIndex>-1</selectedIndex>
            </control>
            <control controlID="B99788E0-AD78-4AD1-B590-BA5AE61B823C" controlTypeID="Image" x="164" y="0" w="104" h="39" zOrder="2">
              <URL>000987A029F19208C0EE6B82886308C1.png</URL>
            </control>
          </groupChildrenDescriptors>
        </control>
      </groupChildrenDescriptors>
    </control>
    <control controlID="1EDED27F-F744-4B55-AE5F-828B38D98F2F" controlTypeID="__group__" x="252" y="430" w="279" h="143" zOrder="8">
      <ShadowBlur>0</ShadowBlur>
      <groupChildrenDescriptors>
        <control controlID="B5CCCAB0-5D1F-4FC0-B41C-7C52DD4DB22F" controlTypeID="Shape" x="0" y="0" w="279" h="143" zOrder="0">
          <color>4288269465</color>
          <ShadowBlur>0</ShadowBlur>
          <font family="Segoe+UI" displayName="Segoe+UI" postScript="" weightStyle="Standard" weight="400" isBold="False" isItalic="False"/>
          <textSize>14</textSize>
          <selectedIndex>-1</selectedIndex>
          <radius>4</radius>
          <radiusIsPercent>True</radiusIsPercent>
        </control>
        <control controlID="677F6A4F-B64F-4B2E-B9F9-CF65EF7B4016" controlTypeID="__group__" x="6" y="14" w="268" h="121" zOrder="1">
          <ShadowBlur>0</ShadowBlur>
          <groupChildrenDescriptors>
            <control controlID="FA24A6A0-E811-4370-B169-EDDC9F49EDF0" controlTypeID="__group__" x="0" y="102" w="268" h="19" zOrder="0">
              <ShadowBlur>0</ShadowBlur>
              <groupChildrenDescriptors>
                <control controlID="BD3D4FB9-EC60-4416-8E8C-6B6843CB3190" controlTypeID="Label" x="0" y="0" w="29" h="19" zOrder="0">
                  <ShadowBlur>0</ShadowBlur>
                  <font family="Segoe+UI" displayName="Segoe+UI" postScript="" weightStyle="Standard" weight="400" isBold="False" isItalic="False"/>
                  <text>View</text>
                  <lineSpacing>0</lineSpacing>
                  <useDefaultTextSize>False</useDefaultTextSize>
                  <selectedIndex>-1</selectedIndex>
                </control>
                <control controlID="D5E7290E-EE40-4DCC-A7B4-E17EF999D7EA" controlTypeID="Label" x="39" y="0" w="45" h="19" zOrder="1">
                  <ShadowBlur>0</ShadowBlur>
                  <font family="Segoe+UI" displayName="Segoe+UI" postScript="" weightStyle="Standard" weight="400" isBold="False" isItalic="False"/>
                  <text>Update</text>
                  <lineSpacing>0</lineSpacing>
                  <useDefaultTextSize>False</useDefaultTextSize>
                  <selectedIndex>-1</selectedIndex>
                </control>
                <control controlID="1C5B3EB9-2D7A-4433-A7D4-3139C12A5F3E" controlTypeID="Label" x="229" y="0" w="39" h="19" zOrder="2">
                  <ShadowBlur>0</ShadowBlur>
                  <font family="Segoe+UI" displayName="Segoe+UI" postScript="" weightStyle="Standard" weight="400" isBold="False" isItalic="False"/>
                  <text>Delete</text>
                  <textColor>4294901760</textColor>
                  <lineSpacing>0</lineSpacing>
                  <useDefaultTextSize>False</useDefaultTextSize>
                  <selectedIndex>-1</selectedIndex>
                </control>
              </groupChildrenDescriptors>
            </control>
            <control controlID="87524F9E-4EE3-445F-B01D-07F766655305" controlTypeID="Label" x="0" y="10" w="150" h="24" zOrder="1">
              <ShadowBlur>0</ShadowBlur>
              <font family="Segoe+UI" displayName="Segoe+UI_%26_Bold" postScript="" weightStyle="Bold" weight="700" isBold="True" isItalic="False"/>
              <text>Becon.Production</text>
              <textSize>18</textSize>
              <lineSpacing>0</lineSpacing>
              <textStyles>[fsBold]</textStyles>
              <useDefaultTextSize>False</useDefaultTextSize>
              <selectedIndex>-1</selectedIndex>
            </control>
            <control controlID="B1419B34-3C8B-4EB1-8BEB-E7146891C342" controlTypeID="Image" x="164" y="0" w="104" h="39" zOrder="2">
              <URL>000987A029F19208C0EE6B82886308C1.png</URL>
            </control>
          </groupChildrenDescriptors>
        </control>
      </groupChildrenDescriptors>
    </control>
    <control controlID="4EE60D02-6FF3-4798-883E-7BDFB7255E92" controlTypeID="__group__" x="464" y="650" w="172" h="31" zOrder="9">
      <ShadowBlur>0</ShadowBlur>
      <groupChildrenDescriptors>
        <control controlID="90E38DA6-D422-4DE2-903C-C9E33EBEE602" controlTypeID="Icon" x="0" y="0" w="31" h="31" zOrder="0">
          <ShadowBlur>0</ShadowBlur>
          <icon>
            <ID/>
            <iconFontName>jdIonicons</iconFontName>
            <iconCode>62305</iconCode>
          </icon>
          <URL>99D18E524D2BEF9446942FB6A373FE26.svg</URL>
        </control>
        <control controlID="ABDC813D-86E5-4E0C-BCEB-6C0B91686617" controlTypeID="Icon" x="141" y="0" w="31" h="31" zOrder="1">
          <ShadowBlur>0</ShadowBlur>
          <icon>
            <ID/>
            <iconFontName>jdIonicons</iconFontName>
            <iconCode>62307</iconCode>
          </icon>
          <URL>2B26C789AF3EFEA925A6893B9D4A201A.svg</URL>
        </control>
        <control controlID="B582AE87-1C74-4D5B-8F33-8C4666F4D423" controlTypeID="__group__" x="67" y="3" w="38" h="24" zOrder="2">
          <ShadowBlur>0</ShadowBlur>
          <groupChildrenDescriptors>
            <control controlID="B407C30A-B2F5-4E3F-8711-B78581AF8167" controlTypeID="Label" x="0" y="0" w="38" h="24" zOrder="0">
              <ShadowBlur>0</ShadowBlur>
              <font family="Segoe+UI" displayName="Segoe+UI" postScript="" weightStyle="Standard" weight="400" isBold="False" isItalic="False"/>
              <text>1++++3+</text>
              <textColor>4284900966</textColor>
              <textSize>18</textSize>
              <lineSpacing>0</lineSpacing>
              <useDefaultTextSize>False</useDefaultTextSize>
              <selectedIndex>-1</selectedIndex>
            </control>
            <control controlID="4D5A6766-C902-467D-8BB8-2BCBB30FB2F2" controlTypeID="Label" x="15" y="0" w="9" h="24" zOrder="1">
              <ShadowBlur>0</ShadowBlur>
              <font family="Segoe+UI" displayName="Segoe+UI" postScript="" weightStyle="Standard" weight="400" isBold="False" isItalic="False"/>
              <text>2</text>
              <textSize>18</textSize>
              <lineSpacing>0</lineSpacing>
              <textStyles>[fsUnderline]</textStyles>
              <useDefaultTextSize>False</useDefaultTextSize>
              <selectedIndex>-1</selectedIndex>
            </control>
          </groupChildrenDescriptors>
        </control>
      </groupChildrenDescriptors>
    </control>
  </controls>
  <param>
    <backgroundColor>4294967295</backgroundColor>
    <fontSize>14</fontSize>
    <fontFamily>Segoe+UI</fontFamily>
    <guideLines/>
  </param>
</mockup>