﻿<mockup version="5.2" minAllowVersion="5.2" ID="CC6AAB6C-27D7-4B4D-A501-4D17AFFF5D37" platform="MtWeb" defaultW="1100" defaultH="1000" measureW="1100" measureH="1000" mobileScreenScale="0">
  <controls controlCount="69">
    <control controlID="C25F969F-C9B9-4DF3-8214-4D490EE8DE3F" controlTypeID="__group__" x="0" y="690" w="1100" h="70" zOrder="0">
      <ShadowBlur>0</ShadowBlur>
      <groupChildrenDescriptors>
        <control controlID="ECCA0DFF-B902-4A9B-BB68-0FD63F73F799" controlTypeID="Panel" x="0" y="0" w="1100" h="70" zOrder="0">
          <color>4280642473</color>
          <borderColor>4280642473</borderColor>
          <ShadowBlur>0</ShadowBlur>
          <groupChildrenDescriptors>
            <control controlID="34F2C668-BED9-4DCA-B17A-1BB7A085697D" controlTypeID="Border" x="0" y="0" w="1100" h="70" zOrder="0">
              <borderColor>4280642473</borderColor>
              <alias>borderLayer</alias>
              <ShadowBlur>0</ShadowBlur>
            </control>
          </groupChildrenDescriptors>
          <thinkness>1</thinkness>
        </control>
        <control controlID="CBBC815D-9024-4D25-B6DB-2B06E195AB1A" controlTypeID="Label" x="31" y="21" w="36" h="24" zOrder="1">
          <ShadowBlur>0</ShadowBlur>
          <font family="Segoe+UI" displayName="Segoe+UI" postScript="" weightStyle="Standard" weight="400" isBold="False" isItalic="False"/>
          <text>Help</text>
          <textColor>4294967295</textColor>
          <textSize>18</textSize>
          <lineSpacing>0</lineSpacing>
          <useDefaultTextSize>False</useDefaultTextSize>
          <selectedIndex>-1</selectedIndex>
        </control>
        <control controlID="59A98852-0CB1-4DE4-BA52-11543267BBA6" controlTypeID="Label" x="95" y="21" w="75" h="24" zOrder="2">
          <ShadowBlur>0</ShadowBlur>
          <font family="Segoe+UI" displayName="Segoe+UI" postScript="" weightStyle="Standard" weight="400" isBold="False" isItalic="False"/>
          <text>Feedback</text>
          <textColor>4294967295</textColor>
          <textSize>18</textSize>
          <lineSpacing>0</lineSpacing>
          <useDefaultTextSize>False</useDefaultTextSize>
          <selectedIndex>-1</selectedIndex>
        </control>
        <control controlID="A1E377D7-B9E4-4C4A-A76D-144559343C74" controlTypeID="Label" x="207" y="21" w="57" h="24" zOrder="3">
          <ShadowBlur>0</ShadowBlur>
          <font family="Segoe+UI" displayName="Segoe+UI" postScript="" weightStyle="Standard" weight="400" isBold="False" isItalic="False"/>
          <text>Imprint</text>
          <textColor>4294967295</textColor>
          <textSize>18</textSize>
          <lineSpacing>0</lineSpacing>
          <useDefaultTextSize>False</useDefaultTextSize>
          <selectedIndex>-1</selectedIndex>
        </control>
        <control controlID="98E38238-8309-4F5B-AA2B-8F32E0E2188F" controlTypeID="Label" x="830" y="24" w="250" h="24" zOrder="4">
          <ShadowBlur>0</ShadowBlur>
          <font family="Segoe+UI" displayName="Segoe+UI" postScript="" weightStyle="Standard" weight="400" isBold="False" isItalic="False"/>
          <text>%C2%A9+Copyright+201%3F+becon+GmbH</text>
          <textColor>4294967295</textColor>
          <textSize>18</textSize>
          <lineSpacing>0</lineSpacing>
          <useDefaultTextSize>False</useDefaultTextSize>
          <selectedIndex>-1</selectedIndex>
        </control>
      </groupChildrenDescriptors>
    </control>
    <control controlID="EDA8AB6C-3874-4CFC-BE06-2053DD27B1FE" controlTypeID="__group__" x="0" y="0" w="1100" h="70" zOrder="1">
      <ShadowBlur>0</ShadowBlur>
      <groupChildrenDescriptors>
        <control controlID="709DDE22-D70D-4D7C-9642-4BCB3ED0BA3F" controlTypeID="Panel" x="0" y="0" w="1100" h="70" zOrder="0">
          <color>4280642473</color>
          <borderColor>4280642473</borderColor>
          <ShadowBlur>0</ShadowBlur>
          <groupChildrenDescriptors>
            <control controlID="0EB870D0-2982-4464-8F82-438B0EF32BE1" controlTypeID="Border" x="0" y="0" w="1100" h="70" zOrder="0">
              <borderColor>4280642473</borderColor>
              <alias>borderLayer</alias>
              <ShadowBlur>0</ShadowBlur>
            </control>
          </groupChildrenDescriptors>
          <thinkness>1</thinkness>
        </control>
        <control controlID="AA52C0B5-07DA-4172-99D0-00767357E910" controlTypeID="__group__" x="30" y="10" w="1033" h="50" zOrder="1">
          <ShadowBlur>0</ShadowBlur>
          <groupChildrenDescriptors>
            <control controlID="19E3DB8C-B0EF-4891-B070-C6975A77728B" controlTypeID="Image" x="0" y="0" w="50" h="50" zOrder="0">
              <ShadowBlur>0</ShadowBlur>
              <URL>976481E0FBEB84C2585025769B665392.png</URL>
            </control>
            <control controlID="6FBF4E50-7B51-424C-92BE-5FC9BD1C1234" controlTypeID="__group__" x="113" y="17" w="42" h="24" zOrder="1">
              <ShadowBlur>0</ShadowBlur>
              <groupChildrenDescriptors>
                <control controlID="4DD1C295-0266-454B-99E5-D6774C6689D7" controlTypeID="Label" x="12" y="0" w="30" h="24" zOrder="0">
                  <ShadowBlur>0</ShadowBlur>
                  <font family="Segoe+UI" displayName="Segoe+UI" postScript="" weightStyle="Standard" weight="400" isBold="False" isItalic="False"/>
                  <text>sers</text>
                  <textColor>4294967295</textColor>
                  <textSize>18</textSize>
                  <lineSpacing>0</lineSpacing>
                  <useDefaultTextSize>False</useDefaultTextSize>
                  <selectedIndex>-1</selectedIndex>
                </control>
                <control controlID="1882AC71-9A9D-41DD-A6A6-0CE4B1C93E38" controlTypeID="Label" x="0" y="0" w="11" h="24" zOrder="1">
                  <ShadowBlur>0</ShadowBlur>
                  <font family="Segoe+UI" displayName="Segoe+UI" postScript="" weightStyle="Standard" weight="400" isBold="False" isItalic="False"/>
                  <text>U</text>
                  <textColor>4290689342</textColor>
                  <textSize>18</textSize>
                  <lineSpacing>0</lineSpacing>
                  <textStyles>[fsUnderline]</textStyles>
                  <useDefaultTextSize>False</useDefaultTextSize>
                  <selectedIndex>-1</selectedIndex>
                </control>
              </groupChildrenDescriptors>
            </control>
            <control controlID="E7473F20-AA3C-4CFD-99A1-F57C9F1358DD" controlTypeID="__group__" x="233" y="18" w="95" h="24" zOrder="2">
              <ShadowBlur>0</ShadowBlur>
              <groupChildrenDescriptors>
                <control controlID="EE67D46F-4E0C-45EA-A4DF-E694E751665E" controlTypeID="Label" x="0" y="0" w="95" h="24" zOrder="0">
                  <ShadowBlur>0</ShadowBlur>
                  <font family="Segoe+UI" displayName="Segoe+UI" postScript="" weightStyle="Standard" weight="400" isBold="False" isItalic="False"/>
                  <text>User+++roups</text>
                  <textColor>4290689342</textColor>
                  <textSize>18</textSize>
                  <lineSpacing>0</lineSpacing>
                  <useDefaultTextSize>False</useDefaultTextSize>
                  <selectedIndex>-1</selectedIndex>
                </control>
                <control controlID="D267E8A3-52C1-4FBE-9C60-370A3ACF2FD3" controlTypeID="Label" x="39" y="0" w="11" h="24" zOrder="1">
                  <ShadowBlur>0</ShadowBlur>
                  <font family="Segoe+UI" displayName="Segoe+UI" postScript="" weightStyle="Standard" weight="400" isBold="False" isItalic="False"/>
                  <text>G</text>
                  <textColor>4290689342</textColor>
                  <textSize>18</textSize>
                  <lineSpacing>0</lineSpacing>
                  <textStyles>[fsUnderline]</textStyles>
                  <useDefaultTextSize>False</useDefaultTextSize>
                  <selectedIndex>-1</selectedIndex>
                </control>
              </groupChildrenDescriptors>
            </control>
            <control controlID="116CBEDF-C455-4A9F-91BB-381399EEBCCB" controlTypeID="__group__" x="968" y="16" w="65" h="25" zOrder="3">
              <ShadowBlur>0</ShadowBlur>
              <groupChildrenDescriptors>
                <control controlID="852A53B9-60EE-46A6-9563-9BF21D026DF1" controlTypeID="Label" x="0" y="0" w="65" h="24" zOrder="0">
                  <ShadowBlur>0</ShadowBlur>
                  <font family="Segoe+UI" displayName="Segoe+UI" postScript="" weightStyle="Standard" weight="400" isBold="False" isItalic="False"/>
                  <text>Log++++ut</text>
                  <textColor>4294967295</textColor>
                  <textSize>18</textSize>
                  <lineSpacing>0</lineSpacing>
                  <useDefaultTextSize>False</useDefaultTextSize>
                  <selectedIndex>-1</selectedIndex>
                </control>
                <control controlID="6608AF59-48AE-4E6D-90A5-AECE427E154B" controlTypeID="Label" x="36" y="1" w="13" h="24" zOrder="1">
                  <ShadowBlur>0</ShadowBlur>
                  <font family="Segoe+UI" displayName="Segoe+UI" postScript="" weightStyle="Standard" weight="400" isBold="False" isItalic="False"/>
                  <text>O</text>
                  <textColor>4290689342</textColor>
                  <textSize>18</textSize>
                  <lineSpacing>0</lineSpacing>
                  <textStyles>[fsUnderline]</textStyles>
                  <useDefaultTextSize>False</useDefaultTextSize>
                  <selectedIndex>-1</selectedIndex>
                </control>
              </groupChildrenDescriptors>
            </control>
            <control controlID="9F05FE8F-CF9E-40D7-B0F0-ECBDFED869CA" controlTypeID="__group__" x="818" y="16" w="80" h="24" zOrder="4">
              <ShadowBlur>0</ShadowBlur>
              <groupChildrenDescriptors>
                <control controlID="FFDA48DB-3678-4998-99CF-9AB8E97FA5AB" controlTypeID="Label" x="0" y="0" w="80" h="24" zOrder="0">
                  <ShadowBlur>0</ShadowBlur>
                  <font family="Segoe+UI" displayName="Segoe+UI" postScript="" weightStyle="Standard" weight="400" isBold="False" isItalic="False"/>
                  <text>My+++rofile</text>
                  <textColor>4294967295</textColor>
                  <textSize>18</textSize>
                  <lineSpacing>0</lineSpacing>
                  <useDefaultTextSize>False</useDefaultTextSize>
                  <selectedIndex>-1</selectedIndex>
                </control>
                <control controlID="616C7C98-40E4-46C7-AB3A-53A204238510" controlTypeID="Label" x="29" y="0" w="9" h="24" zOrder="1">
                  <ShadowBlur>0</ShadowBlur>
                  <font family="Segoe+UI" displayName="Segoe+UI" postScript="" weightStyle="Standard" weight="400" isBold="False" isItalic="False"/>
                  <text>P</text>
                  <textColor>4290689342</textColor>
                  <textSize>18</textSize>
                  <lineSpacing>0</lineSpacing>
                  <textStyles>[fsUnderline]</textStyles>
                  <useDefaultTextSize>False</useDefaultTextSize>
                  <selectedIndex>-1</selectedIndex>
                </control>
              </groupChildrenDescriptors>
            </control>
            <control controlID="4A05F4A9-3584-48FC-BF75-53D18A690F62" controlTypeID="Icon" x="78" y="14" w="30" h="30" zOrder="5">
              <color>4290689342</color>
              <ShadowBlur>0</ShadowBlur>
              <icon>
                <ID/>
                <iconFontName>jdIonicons</iconFontName>
                <iconCode>62366</iconCode>
              </icon>
              <URL>CB1D4BD70EFAF9D0D63B9D0659D62AAA.svg</URL>
            </control>
            <control controlID="99557CC5-01B1-4783-A736-38BB5CE4FFD7" controlTypeID="Icon" x="198" y="14" w="30" h="30" zOrder="6">
              <color>4290689342</color>
              <ShadowBlur>0</ShadowBlur>
              <icon>
                <ID/>
                <iconFontName>jdIcoMoonFree</iconFontName>
                <iconCode>59762</iconCode>
              </icon>
              <URL>119C857C4792E02327F609276285EAD8.svg</URL>
            </control>
            <control controlID="3CA20807-21B3-4574-BC55-B120BCB14D83" controlTypeID="Icon" x="784" y="14" w="30" h="30" zOrder="7">
              <color>4290689342</color>
              <ShadowBlur>0</ShadowBlur>
              <icon>
                <ID/>
                <iconFontName>jdIonicons</iconFontName>
                <iconCode>62489</iconCode>
              </icon>
              <URL>E7D27E7A00FA7023CB70F7694DE9F06F.svg</URL>
            </control>
            <control controlID="B13C23D1-5F24-4012-9339-BF55633FB291" controlTypeID="Icon" x="933" y="14" w="30" h="30" zOrder="8">
              <color>4290689342</color>
              <ShadowBlur>0</ShadowBlur>
              <icon>
                <ID/>
                <iconFontName>jdIonicons</iconFontName>
                <iconCode>62111</iconCode>
              </icon>
              <URL>3C8DF9DE80057200F41F28DCE285D271.svg</URL>
            </control>
          </groupChildrenDescriptors>
        </control>
      </groupChildrenDescriptors>
    </control>
    <control controlID="AB858194-F38E-483C-97B6-1A549B2DA1E6" controlTypeID="Shape" x="0" y="70" w="1100" h="620" zOrder="2">
      <verticalScrollbarShow>True</verticalScrollbarShow>
      <ShadowBlur>0</ShadowBlur>
      <font family="Segoe+UI" displayName="Segoe+UI" postScript="" weightStyle="Standard" weight="400" isBold="False" isItalic="False"/>
      <textSize>14</textSize>
      <selectedIndex>-1</selectedIndex>
    </control>
    <control controlID="5EAACA2D-FD50-47A0-848B-8E556751969E" controlTypeID="Panel" x="252" y="140" w="596" h="400" zOrder="3">
      <ShadowBlur>0</ShadowBlur>
      <groupChildrenDescriptors>
        <control controlID="BCBD7712-9E17-4E9C-A614-2174381366B2" controlTypeID="Border" x="0" y="0" w="596" h="400" zOrder="0">
          <alias>borderLayer</alias>
          <ShadowBlur>0</ShadowBlur>
          <dashMode>SdDash</dashMode>
        </control>
      </groupChildrenDescriptors>
      <thinkness>1</thinkness>
      <dashMode>SdDash</dashMode>
    </control>
    <control controlID="127E331B-CAA0-4E92-A0E8-ABE8BC60F195" controlTypeID="__group__" x="311" y="235" w="514" h="94" zOrder="4">
      <groupChildrenDescriptors>
        <control controlID="4D226AF9-FCEC-4526-84F1-CF6C00C6E2FE" controlTypeID="Table" x="0" y="0" w="514" h="94" zOrder="0">
          <ShadowBlur>0</ShadowBlur>
          <font family="Segoe+UI" displayName="Segoe+UI" postScript="" weightStyle="Standard" weight="400" isBold="False" isItalic="False"/>
          <text>Component%09Create%09Read%09Update%09Delete%09Admin%09Connector%09%09%09%09%09%09MyProfile%09%09%09%09%09</text>
          <textSize>14</textSize>
          <textAlign>HaCenter</textAlign>
          <lineSpacing>0</lineSpacing>
          <useDefaultTextSize>False</useDefaultTextSize>
          <thickness>1</thickness>
          <dashMode>SdSolid</dashMode>
          <tableStyle>tsNone</tableStyle>
          <fontFamily/>
          <fontWeight>Regular</fontWeight>
          <textStyles>[]</textStyles>
          <cells>
            <cell rows="0,0" cols="0,0">
              <fontSize>14</fontSize>
              <fontFamily>Segoe+UI</fontFamily>
              <fontWeight>Bold</fontWeight>
              <textStyles>[fsBold]</textStyles>
              <text>Component</text>
              <textHeight>31</textHeight>
              <font family="Segoe+UI" displayName="Segoe+UI_%26_Bold" postScript="" weightStyle="Bold" weight="700" isBold="True" isItalic="False"/>
            </cell>
            <cell rows="0,0" cols="1,1">
              <fontSize>12</fontSize>
              <textHAlign>HaLeft</textHAlign>
              <fontFamily>Segoe+UI</fontFamily>
              <fontWeight>Standard</fontWeight>
              <textStyles>[]</textStyles>
              <text>Create</text>
              <textHeight>28</textHeight>
              <font family="Segoe+UI" displayName="Segoe+UI" postScript="" weightStyle="Standard" weight="400" isBold="False" isItalic="False"/>
            </cell>
            <cell rows="0,0" cols="2,2">
              <textHAlign>HaLeft</textHAlign>
              <fontFamily>Segoe+UI</fontFamily>
              <fontWeight>Standard</fontWeight>
              <textStyles>[]</textStyles>
              <text>Read</text>
              <textHeight>28</textHeight>
              <font family="Segoe+UI" displayName="Segoe+UI" postScript="" weightStyle="Standard" weight="400" isBold="False" isItalic="False"/>
            </cell>
            <cell rows="0,0" cols="3,3">
              <textHAlign>HaLeft</textHAlign>
              <fontFamily>Segoe+UI</fontFamily>
              <fontWeight>Standard</fontWeight>
              <textStyles>[]</textStyles>
              <text>Update</text>
              <textHeight>28</textHeight>
              <font family="Segoe+UI" displayName="Segoe+UI" postScript="" weightStyle="Standard" weight="400" isBold="False" isItalic="False"/>
            </cell>
            <cell rows="0,0" cols="4,4">
              <textHAlign>HaLeft</textHAlign>
              <fontFamily>Segoe+UI</fontFamily>
              <fontWeight>Standard</fontWeight>
              <textStyles>[]</textStyles>
              <text>Delete</text>
              <textHeight>28</textHeight>
              <font family="Segoe+UI" displayName="Segoe+UI" postScript="" weightStyle="Standard" weight="400" isBold="False" isItalic="False"/>
            </cell>
            <cell rows="0,0" cols="5,5">
              <textHAlign>HaLeft</textHAlign>
              <fontFamily>Segoe+UI</fontFamily>
              <fontWeight>Standard</fontWeight>
              <textStyles>[]</textStyles>
              <text>Admin</text>
              <textHeight>28</textHeight>
              <font family="Segoe+UI" displayName="Segoe+UI" postScript="" weightStyle="Standard" weight="400" isBold="False" isItalic="False"/>
            </cell>
            <cell rows="1,1" cols="0,0">
              <fontFamily>Segoe+UI</fontFamily>
              <fontWeight>Standard</fontWeight>
              <textStyles>[]</textStyles>
              <text>Connector</text>
              <textHeight>28</textHeight>
              <font family="Segoe+UI" displayName="Segoe+UI" postScript="" weightStyle="Standard" weight="400" isBold="False" isItalic="False"/>
            </cell>
            <cell rows="1,1" cols="1,1">
              <fontFamily>Segoe+UI</fontFamily>
              <fontWeight>Standard</fontWeight>
              <textStyles>[]</textStyles>
              <textHeight>12</textHeight>
              <font family="Segoe+UI" displayName="Segoe+UI" postScript="" weightStyle="Standard" weight="400" isBold="False" isItalic="False"/>
            </cell>
            <cell rows="1,1" cols="2,2">
              <fontFamily>Segoe+UI</fontFamily>
              <fontWeight>Standard</fontWeight>
              <textStyles>[]</textStyles>
              <textHeight>12</textHeight>
              <font family="Segoe+UI" displayName="Segoe+UI" postScript="" weightStyle="Standard" weight="400" isBold="False" isItalic="False"/>
            </cell>
            <cell rows="1,1" cols="3,3">
              <fontFamily>Segoe+UI</fontFamily>
              <fontWeight>Standard</fontWeight>
              <textStyles>[]</textStyles>
              <textHeight>12</textHeight>
              <font family="Segoe+UI" displayName="Segoe+UI" postScript="" weightStyle="Standard" weight="400" isBold="False" isItalic="False"/>
            </cell>
            <cell rows="1,1" cols="4,4">
              <fontFamily>Segoe+UI</fontFamily>
              <fontWeight>Standard</fontWeight>
              <textStyles>[]</textStyles>
              <textHeight>12</textHeight>
              <font family="Segoe+UI" displayName="Segoe+UI" postScript="" weightStyle="Standard" weight="400" isBold="False" isItalic="False"/>
            </cell>
            <cell rows="1,1" cols="5,5">
              <fontFamily>Segoe+UI</fontFamily>
              <fontWeight>Standard</fontWeight>
              <textStyles>[]</textStyles>
              <textHeight>12</textHeight>
              <font family="Segoe+UI" displayName="Segoe+UI" postScript="" weightStyle="Standard" weight="400" isBold="False" isItalic="False"/>
            </cell>
            <cell rows="2,2" cols="0,0">
              <fontFamily>Segoe+UI</fontFamily>
              <fontWeight>Standard</fontWeight>
              <textStyles>[]</textStyles>
              <text>MyProfile</text>
              <textHeight>28</textHeight>
              <font family="Segoe+UI" displayName="Segoe+UI" postScript="" weightStyle="Standard" weight="400" isBold="False" isItalic="False"/>
            </cell>
            <cell rows="2,2" cols="1,1">
              <fontFamily>Segoe+UI</fontFamily>
              <fontWeight>Standard</fontWeight>
              <textStyles>[]</textStyles>
              <textHeight>12</textHeight>
              <font family="Segoe+UI" displayName="Segoe+UI" postScript="" weightStyle="Standard" weight="400" isBold="False" isItalic="False"/>
            </cell>
            <cell rows="2,2" cols="2,2">
              <fontFamily>Segoe+UI</fontFamily>
              <fontWeight>Standard</fontWeight>
              <textStyles>[]</textStyles>
              <textHeight>12</textHeight>
              <font family="Segoe+UI" displayName="Segoe+UI" postScript="" weightStyle="Standard" weight="400" isBold="False" isItalic="False"/>
            </cell>
            <cell rows="2,2" cols="3,3">
              <fontFamily>Segoe+UI</fontFamily>
              <fontWeight>Standard</fontWeight>
              <textStyles>[]</textStyles>
              <textHeight>12</textHeight>
              <font family="Segoe+UI" displayName="Segoe+UI" postScript="" weightStyle="Standard" weight="400" isBold="False" isItalic="False"/>
            </cell>
            <cell rows="2,2" cols="4,4">
              <fontFamily>Segoe+UI</fontFamily>
              <fontWeight>Standard</fontWeight>
              <textStyles>[]</textStyles>
              <textHeight>12</textHeight>
              <font family="Segoe+UI" displayName="Segoe+UI" postScript="" weightStyle="Standard" weight="400" isBold="False" isItalic="False"/>
            </cell>
            <cell rows="2,2" cols="5,5">
              <fontFamily>Segoe+UI</fontFamily>
              <fontWeight>Standard</fontWeight>
              <textStyles>[]</textStyles>
              <textHeight>12</textHeight>
              <font family="Segoe+UI" displayName="Segoe+UI" postScript="" weightStyle="Standard" weight="400" isBold="False" isItalic="False"/>
            </cell>
          </cells>
          <rows>
            <row height="31">
              <fontFamily/>
              <fontWeight>Regular</fontWeight>
              <textStyles>[]</textStyles>
              <isAutoRowHeight>True</isAutoRowHeight>
            </row>
            <row height="30">
              <fontFamily/>
              <fontWeight>Regular</fontWeight>
              <textStyles>[]</textStyles>
              <isAutoRowHeight>True</isAutoRowHeight>
            </row>
            <row height="33">
              <fontFamily/>
              <fontWeight>Regular</fontWeight>
              <textStyles>[]</textStyles>
              <isAutoRowHeight>False</isAutoRowHeight>
            </row>
          </rows>
          <cols>
            <col width="203">
              <fontFamily/>
              <fontWeight>Regular</fontWeight>
              <textStyles>[]</textStyles>
            </col>
            <col width="62">
              <fontFamily/>
              <fontWeight>Regular</fontWeight>
              <textStyles>[]</textStyles>
            </col>
            <col width="59">
              <fontFamily/>
              <fontWeight>Regular</fontWeight>
              <textStyles>[]</textStyles>
            </col>
            <col width="67">
              <fontFamily/>
              <fontWeight>Regular</fontWeight>
              <textStyles>[]</textStyles>
            </col>
            <col width="60">
              <fontFamily/>
              <fontWeight>Regular</fontWeight>
              <textStyles>[]</textStyles>
            </col>
            <col width="63">
              <fontFamily/>
              <fontWeight>Regular</fontWeight>
              <textStyles>[]</textStyles>
            </col>
          </cols>
        </control>
        <control controlID="FE6E199F-DB86-4687-AA28-88F2BF99CB21" controlTypeID="__group__" x="230" y="9" w="280" h="77" zOrder="1">
          <groupChildrenDescriptors>
            <control controlID="986DB26F-4267-4FE7-916B-CCF47434136C" controlTypeID="CheckBox" x="0" y="32" w="13" h="13" zOrder="0">
              <font family="Segoe+UI" displayName="Segoe+UI" postScript="" weightStyle="Standard" weight="400" isBold="False" isItalic="False"/>
              <lineSpacing>0</lineSpacing>
              <selectedIndex>-1</selectedIndex>
              <state>MfEnabled</state>
            </control>
            <control controlID="8E7AA8C1-A078-4EAE-98DA-F1AED5A24E90" controlTypeID="CheckBox" x="67" y="32" w="13" h="13" zOrder="1">
              <font family="Segoe+UI" displayName="Segoe+UI" postScript="" weightStyle="Standard" weight="400" isBold="False" isItalic="False"/>
              <lineSpacing>0</lineSpacing>
              <selectedIndex>-1</selectedIndex>
            </control>
            <control controlID="296C82DC-1E82-4F03-A268-2BBEAD4ED73D" controlTypeID="CheckBox" x="127" y="32" w="13" h="13" zOrder="2">
              <font family="Segoe+UI" displayName="Segoe+UI" postScript="" weightStyle="Standard" weight="400" isBold="False" isItalic="False"/>
              <lineSpacing>0</lineSpacing>
              <selectedIndex>-1</selectedIndex>
              <state>MfEnabled</state>
            </control>
            <control controlID="CF7DC9B8-66C0-4C86-860B-1922E3AA3005" controlTypeID="CheckBox" x="127" y="64" w="13" h="13" zOrder="3">
              <font family="Segoe+UI" displayName="Segoe+UI" postScript="" weightStyle="Standard" weight="400" isBold="False" isItalic="False"/>
              <lineSpacing>0</lineSpacing>
              <selectedIndex>-1</selectedIndex>
            </control>
            <control controlID="198907E8-3F44-4D8C-B8BD-1C66C04650AC" controlTypeID="CheckBox" x="189" y="64" w="13" h="13" zOrder="4">
              <font family="Segoe+UI" displayName="Segoe+UI" postScript="" weightStyle="Standard" weight="400" isBold="False" isItalic="False"/>
              <lineSpacing>0</lineSpacing>
              <selectedIndex>-1</selectedIndex>
              <state>MfEnabled</state>
            </control>
            <control controlID="7288F747-88C0-489F-BEAE-C58840B34390" controlTypeID="CheckBox" x="189" y="32" w="13" h="13" zOrder="5">
              <font family="Segoe+UI" displayName="Segoe+UI" postScript="" weightStyle="Standard" weight="400" isBold="False" isItalic="False"/>
              <lineSpacing>0</lineSpacing>
              <selectedIndex>-1</selectedIndex>
              <state>MfEnabled</state>
            </control>
            <control controlID="E76E5023-CC4E-4221-991C-161EEA0B852E" controlTypeID="CheckBox" x="247" y="32" w="13" h="13" zOrder="6">
              <font family="Segoe+UI" displayName="Segoe+UI" postScript="" weightStyle="Standard" weight="400" isBold="False" isItalic="False"/>
              <lineSpacing>0</lineSpacing>
              <selectedIndex>-1</selectedIndex>
              <state>MfEnabled</state>
            </control>
            <control controlID="C81AFC8B-0CE9-47F6-A7CF-EAB515315679" controlTypeID="CheckBox" x="247" y="64" w="13" h="13" zOrder="7">
              <font family="Segoe+UI" displayName="Segoe+UI" postScript="" weightStyle="Standard" weight="400" isBold="False" isItalic="False"/>
              <lineSpacing>0</lineSpacing>
              <selectedIndex>-1</selectedIndex>
              <state>MfEnabled</state>
            </control>
            <control controlID="0D231D7B-9044-4833-863E-18B64B482D5F" controlTypeID="CheckBox" x="17" y="0" w="13" h="13" zOrder="8">
              <font family="Segoe+UI" displayName="Segoe+UI" postScript="" weightStyle="Standard" weight="400" isBold="False" isItalic="False"/>
              <lineSpacing>0</lineSpacing>
              <selectedIndex>-1</selectedIndex>
              <state>MfEnabled</state>
            </control>
            <control controlID="822EC51D-D4D8-4056-BA7D-88405B3FD17A" controlTypeID="CheckBox" x="75" y="0" w="13" h="13" zOrder="9">
              <font family="Segoe+UI" displayName="Segoe+UI" postScript="" weightStyle="Standard" weight="400" isBold="False" isItalic="False"/>
              <lineSpacing>0</lineSpacing>
              <selectedIndex>-1</selectedIndex>
            </control>
            <control controlID="A83ADDCC-BEED-4308-BE46-1E060A674CB4" controlTypeID="CheckBox" x="145" y="0" w="13" h="13" zOrder="10">
              <font family="Segoe+UI" displayName="Segoe+UI" postScript="" weightStyle="Standard" weight="400" isBold="False" isItalic="False"/>
              <lineSpacing>0</lineSpacing>
              <selectedIndex>-1</selectedIndex>
              <state>MfEnabled</state>
            </control>
            <control controlID="435BBDDF-07D4-443F-ABA0-650B10B4658E" controlTypeID="CheckBox" x="205" y="0" w="13" h="13" zOrder="11">
              <font family="Segoe+UI" displayName="Segoe+UI" postScript="" weightStyle="Standard" weight="400" isBold="False" isItalic="False"/>
              <lineSpacing>0</lineSpacing>
              <selectedIndex>-1</selectedIndex>
              <state>MfEnabled</state>
            </control>
            <control controlID="7F953DE3-D25F-4961-97E9-5F51B14156FF" controlTypeID="CheckBox" x="267" y="0" w="13" h="13" zOrder="12">
              <font family="Segoe+UI" displayName="Segoe+UI" postScript="" weightStyle="Standard" weight="400" isBold="False" isItalic="False"/>
              <lineSpacing>0</lineSpacing>
              <selectedIndex>-1</selectedIndex>
              <state>MfEnabled</state>
            </control>
            <control controlID="7E03D29D-ADD3-4B94-B13D-2EBDFB6A7A64" controlTypeID="CheckBox" x="67" y="64" w="13" h="13" zOrder="13">
              <font family="Segoe+UI" displayName="Segoe+UI" postScript="" weightStyle="Standard" weight="400" isBold="False" isItalic="False"/>
              <lineSpacing>0</lineSpacing>
              <selectedIndex>-1</selectedIndex>
            </control>
            <control controlID="847922C3-EFAD-4FA6-95D5-58CC66B9F254" controlTypeID="CheckBox" x="0" y="64" w="13" h="13" zOrder="14">
              <font family="Segoe+UI" displayName="Segoe+UI" postScript="" weightStyle="Standard" weight="400" isBold="False" isItalic="False"/>
              <lineSpacing>0</lineSpacing>
              <selectedIndex>-1</selectedIndex>
            </control>
          </groupChildrenDescriptors>
        </control>
      </groupChildrenDescriptors>
    </control>
    <control controlID="B595EA8D-297F-4C75-A206-67A1EE6098C5" controlTypeID="Label" x="451" y="80" w="198" h="38" zOrder="5">
      <ShadowBlur>0</ShadowBlur>
      <font family="Segoe+UI" displayName="Segoe+UI" postScript="" weightStyle="Standard" weight="400" isBold="False" isItalic="False"/>
      <text>Add+User+Group</text>
      <textColor>4284900966</textColor>
      <textSize>28</textSize>
      <lineSpacing>0</lineSpacing>
      <useDefaultTextSize>False</useDefaultTextSize>
      <selectedIndex>-1</selectedIndex>
    </control>
    <control controlID="E8795C92-A528-4B23-8F2C-F3C8400BA661" controlTypeID="__group__" x="252" y="654" w="175" h="28" zOrder="6">
      <ShadowBlur>0</ShadowBlur>
      <groupChildrenDescriptors>
        <control controlID="F619A92A-290A-4055-A093-DF9631D5BE7F" controlTypeID="Icon" x="0" y="1" w="27" h="27" zOrder="0">
          <color>4278190080</color>
          <ShadowBlur>0</ShadowBlur>
          <icon>
            <ID/>
            <iconFontName>jdIonicons</iconFontName>
            <iconCode>62547</iconCode>
          </icon>
          <URL>23C89C10F7B3376AE4E32DC5E7C501A2.svg</URL>
        </control>
        <control controlID="271238A2-9ED1-4664-862C-A08B09EB7C61" controlTypeID="Label" x="31" y="0" w="144" h="27" zOrder="1">
          <ShadowBlur>0</ShadowBlur>
          <font family="Segoe+UI" displayName="Segoe+UI_%26_Bold" postScript="" weightStyle="Bold" weight="700" isBold="True" isItalic="False"/>
          <text>User+Group+List</text>
          <textSize>20</textSize>
          <lineSpacing>0</lineSpacing>
          <textStyles>[fsBold]</textStyles>
          <useDefaultTextSize>False</useDefaultTextSize>
          <selectedIndex>-1</selectedIndex>
        </control>
      </groupChildrenDescriptors>
    </control>
    <control controlID="35323192-4715-45ED-BDA8-5D3D0BC2900B" controlTypeID="BreadCrumbs" x="273" y="160" w="256" h="19" zOrder="7">
      <ShadowBlur>0</ShadowBlur>
      <font family="Segoe+UI" displayName="Segoe+UI" postScript="" weightStyle="Standard" weight="400" isBold="False" isItalic="False"/>
      <text>General+Data%2CComponents%2CPermissions</text>
      <textSize>14</textSize>
      <lineSpacing>0</lineSpacing>
    </control>
    <control controlID="583C115C-FD39-4FD0-A15A-46F0DD2AEE15" controlTypeID="Label" x="501" y="482" w="98" h="19" zOrder="8">
      <ShadowBlur>0</ShadowBlur>
      <font family="Segoe+UI" displayName="Segoe+UI+Kursiv" postScript="" weightStyle="Kursiv" weight="400" isBold="False" isItalic="True"/>
      <text>Set+permissions</text>
      <lineSpacing>0</lineSpacing>
      <textStyles>[fsItalic]</textStyles>
      <selectedIndex>-1</selectedIndex>
    </control>
    <control controlID="9C434B25-E224-463D-9CCE-726F2D746EB3" controlTypeID="IconButton2" x="274" y="488" w="31" h="31" zOrder="9">
      <ShadowBlur>0</ShadowBlur>
      <groupChildrenDescriptors>
        <control controlID="B5826C70-371E-4B5A-8978-FE8466A38830" controlTypeID="Shape" x="0" y="0" w="31" h="31" zOrder="0">
          <borderColor>4278190080</borderColor>
          <canMove>False</canMove>
          <alias>shape</alias>
          <ShadowBlur>0</ShadowBlur>
          <font family="Segoe+UI" displayName="Segoe+UI" postScript="" weightStyle="Standard" weight="400" isBold="False" isItalic="False"/>
          <textSize>14</textSize>
          <selectedIndex>-1</selectedIndex>
          <shapeBorderType>SbEllipse</shapeBorderType>
        </control>
        <control controlID="5F9EE335-256E-4FC7-B75C-76EE75AE7420" controlTypeID="Icon" x="6" y="6" w="20" h="20" zOrder="1">
          <color>4278190080</color>
          <canMove>False</canMove>
          <alias>icon</alias>
          <ShadowBlur>0</ShadowBlur>
          <icon>
            <ID/>
            <iconFontName>jdIonicons</iconFontName>
            <iconCode>62305</iconCode>
          </icon>
          <URL>99D18E524D2BEF9446942FB6A373FE26.svg</URL>
        </control>
        <control controlID="DD492621-FF5B-42DA-A974-9FA866667ACC" controlTypeID="Label" x="-2" y="0" w="32" h="19" zOrder="2">
          <canMove>False</canMove>
          <alias>label</alias>
          <ShadowBlur>0</ShadowBlur>
          <font family="Segoe+UI" displayName="Segoe+UI" postScript="" weightStyle="Standard" weight="400" isBold="False" isItalic="False"/>
          <text>Label</text>
          <textAlign>HaCenter</textAlign>
          <lineSpacing>0</lineSpacing>
          <selectedIndex>-1</selectedIndex>
        </control>
        <control controlID="2C6DC497-AEE4-4CC7-8EAC-87E1FCC8C34F" controlTypeID="Shape" x="19" y="0" w="12" h="12" zOrder="3">
          <color>4294901760</color>
          <borderVisible>False</borderVisible>
          <canMove>False</canMove>
          <alias>alarm</alias>
          <ShadowBlur>0</ShadowBlur>
          <font family="Segoe+UI" displayName="Segoe+UI" postScript="" weightStyle="Standard" weight="400" isBold="False" isItalic="False"/>
          <text>2</text>
          <textColor>4294967295</textColor>
          <textSize>7</textSize>
          <selectedIndex>-1</selectedIndex>
          <radius>100</radius>
          <radiusIsPercent>True</radiusIsPercent>
        </control>
      </groupChildrenDescriptors>
      <iconSize>20</iconSize>
    </control>
    <control controlID="15C9B2B0-B1CF-4215-A8EF-0E37471F2F8B" controlTypeID="Label" x="311" y="210" w="72" h="19" zOrder="10">
      <ShadowBlur>0</ShadowBlur>
      <font family="Segoe+UI" displayName="Segoe+UI" postScript="" weightStyle="Standard" weight="400" isBold="False" isItalic="False"/>
      <text>Permissions</text>
      <lineSpacing>0</lineSpacing>
      <selectedIndex>-1</selectedIndex>
    </control>
    <control controlID="2C84DCB2-F084-4740-876E-3D50D445C31F" controlTypeID="Icon" x="274" y="235" w="23" h="23" zOrder="11">
      <ShadowBlur>0</ShadowBlur>
      <icon>
        <ID/>
        <iconFontName>jdIonicons</iconFontName>
        <iconCode>62315</iconCode>
      </icon>
      <URL>41BACA5C90C06C95D081FB51FB64DE31.svg</URL>
    </control>
    <control controlID="248D6865-40FD-4F8B-8DBB-2A58C28BB64E" controlTypeID="__group__" x="749" y="488" w="76" h="31" zOrder="12">
      <groupChildrenDescriptors>
        <control controlID="E1953D5A-1754-4218-A642-542886C54BE3" controlTypeID="IconButton2" x="0" y="0" w="31" h="31" zOrder="0">
          <ShadowBlur>0</ShadowBlur>
          <groupChildrenDescriptors>
            <control controlID="CB62E545-2E83-4F7E-9D83-2AE07AE6ECD2" controlTypeID="Shape" x="0" y="0" w="31" h="31" zOrder="0">
              <borderColor>4278190080</borderColor>
              <canMove>False</canMove>
              <alias>shape</alias>
              <ShadowBlur>0</ShadowBlur>
              <font family="Segoe+UI" displayName="Segoe+UI" postScript="" weightStyle="Standard" weight="400" isBold="False" isItalic="False"/>
              <textSize>14</textSize>
              <selectedIndex>-1</selectedIndex>
              <shapeBorderType>SbEllipse</shapeBorderType>
            </control>
            <control controlID="E48CD015-CA61-4067-83FC-8934B47DFB25" controlTypeID="Icon" x="6" y="6" w="20" h="20" zOrder="1">
              <color>4278190080</color>
              <canMove>False</canMove>
              <alias>icon</alias>
              <ShadowBlur>0</ShadowBlur>
              <icon>
                <ID/>
                <iconFontName>jdIcoFont</iconFontName>
                <iconCode>58893</iconCode>
              </icon>
              <URL>643399502F4A768B9C36424C2FD37F95.svg</URL>
            </control>
            <control controlID="A84487A7-A399-417B-9AF7-7896B6117E61" controlTypeID="Label" x="-2" y="0" w="32" h="19" zOrder="2">
              <canMove>False</canMove>
              <alias>label</alias>
              <ShadowBlur>0</ShadowBlur>
              <font family="Segoe+UI" displayName="Segoe+UI" postScript="" weightStyle="Standard" weight="400" isBold="False" isItalic="False"/>
              <text>Label</text>
              <textAlign>HaCenter</textAlign>
              <lineSpacing>0</lineSpacing>
              <selectedIndex>-1</selectedIndex>
            </control>
            <control controlID="6CD8CA38-3070-4DD3-889A-F697E23776FD" controlTypeID="Shape" x="19" y="0" w="12" h="12" zOrder="3">
              <color>4294901760</color>
              <borderVisible>False</borderVisible>
              <canMove>False</canMove>
              <alias>alarm</alias>
              <ShadowBlur>0</ShadowBlur>
              <font family="Segoe+UI" displayName="Segoe+UI" postScript="" weightStyle="Standard" weight="400" isBold="False" isItalic="False"/>
              <text>2</text>
              <textColor>4294967295</textColor>
              <textSize>7</textSize>
              <selectedIndex>-1</selectedIndex>
              <radius>100</radius>
              <radiusIsPercent>True</radiusIsPercent>
            </control>
          </groupChildrenDescriptors>
          <iconSize>20</iconSize>
        </control>
        <control controlID="28B87509-C273-4A7B-A74B-4504129DAFDD" controlTypeID="Label" x="38" y="3" w="38" h="27" zOrder="1">
          <ShadowBlur>0</ShadowBlur>
          <font family="Segoe+UI" displayName="Segoe+UI_%26_Bold" postScript="" weightStyle="Bold" weight="700" isBold="True" isItalic="False"/>
          <text>Add</text>
          <textSize>20</textSize>
          <lineSpacing>0</lineSpacing>
          <textStyles>[fsBold]</textStyles>
          <useDefaultTextSize>False</useDefaultTextSize>
          <selectedIndex>-1</selectedIndex>
        </control>
      </groupChildrenDescriptors>
    </control>
  </controls>
  <param>
    <backgroundColor>4294967295</backgroundColor>
    <fontSize>14</fontSize>
    <fontFamily>Segoe+UI</fontFamily>
    <guideLines/>
  </param>
</mockup>