﻿<mockup version="5.2" minAllowVersion="5.2" ID="E60B3E72-B8A8-413E-A928-3FD0BA0D0C3A" platform="MtWeb" defaultW="1100" defaultH="1000" measureW="1100" measureH="1000" mobileScreenScale="0">
  <controls controlCount="78">
    <control controlID="D8F3389A-B671-49AD-9CF9-8EDD07D6A27C" controlTypeID="Panel" x="0" y="0" w="1100" h="745" zOrder="0">
      <ShadowBlur>0</ShadowBlur>
      <groupChildrenDescriptors>
        <control controlID="8773F891-48C9-4B3F-808A-FC6552C9BA38" controlTypeID="Border" x="0" y="0" w="1100" h="745" zOrder="0">
          <alias>borderLayer</alias>
          <ShadowBlur>0</ShadowBlur>
        </control>
      </groupChildrenDescriptors>
      <thinkness>1</thinkness>
    </control>
    <control controlID="88F59D9C-F6E3-42CB-8BA5-373D1DCAA42B" controlTypeID="__group__" x="0" y="0" w="1100" h="70" zOrder="1">
      <ShadowBlur>0</ShadowBlur>
      <groupChildrenDescriptors>
        <control controlID="0B6564B3-5885-46C8-B93F-4F3812CA533E" controlTypeID="Panel" x="0" y="0" w="1100" h="70" zOrder="0">
          <color>4280642473</color>
          <borderColor>4280642473</borderColor>
          <ShadowBlur>0</ShadowBlur>
          <groupChildrenDescriptors>
            <control controlID="F28D8DF4-F0DE-4D2D-BAD6-320A434EEF95" controlTypeID="Border" x="0" y="0" w="1100" h="70" zOrder="0">
              <borderColor>4280642473</borderColor>
              <alias>borderLayer</alias>
              <ShadowBlur>0</ShadowBlur>
            </control>
          </groupChildrenDescriptors>
          <thinkness>1</thinkness>
        </control>
        <control controlID="77A975E2-3084-4C0F-B0D6-E62BD57FF3BF" controlTypeID="__group__" x="30" y="10" w="1033" h="50" zOrder="1">
          <ShadowBlur>0</ShadowBlur>
          <groupChildrenDescriptors>
            <control controlID="E7217C4C-8A5D-4C4E-A696-198C0480FF1F" controlTypeID="Image" x="0" y="0" w="50" h="50" zOrder="0">
              <ShadowBlur>0</ShadowBlur>
              <URL>976481E0FBEB84C2585025769B665392.png</URL>
            </control>
            <control controlID="6FFB72D2-B5F8-4B4C-A5E9-C7D2E4A6A2AD" controlTypeID="__group__" x="113" y="17" w="42" h="24" zOrder="1">
              <ShadowBlur>0</ShadowBlur>
              <groupChildrenDescriptors>
                <control controlID="4E3E99DF-AE6D-4EAD-871F-6154D7A766AF" controlTypeID="Label" x="12" y="0" w="30" h="24" zOrder="0">
                  <ShadowBlur>0</ShadowBlur>
                  <font family="Segoe+UI" displayName="Segoe+UI" postScript="" weightStyle="Standard" weight="400" isBold="False" isItalic="False"/>
                  <text>sers</text>
                  <textColor>4290689342</textColor>
                  <textSize>18</textSize>
                  <lineSpacing>0</lineSpacing>
                  <useDefaultTextSize>False</useDefaultTextSize>
                  <selectedIndex>-1</selectedIndex>
                </control>
                <control controlID="9D85580F-8111-4F76-AEA4-F0D1154F5603" controlTypeID="Label" x="0" y="0" w="11" h="24" zOrder="1">
                  <ShadowBlur>0</ShadowBlur>
                  <font family="Segoe+UI" displayName="Segoe+UI" postScript="" weightStyle="Standard" weight="400" isBold="False" isItalic="False"/>
                  <text>U</text>
                  <textColor>4290689342</textColor>
                  <textSize>18</textSize>
                  <lineSpacing>0</lineSpacing>
                  <textStyles>[fsUnderline]</textStyles>
                  <useDefaultTextSize>False</useDefaultTextSize>
                  <selectedIndex>-1</selectedIndex>
                </control>
              </groupChildrenDescriptors>
            </control>
            <control controlID="35CE27DC-4C90-4E60-89CC-36F0C0B0BEB8" controlTypeID="__group__" x="233" y="18" w="95" h="24" zOrder="2">
              <ShadowBlur>0</ShadowBlur>
              <groupChildrenDescriptors>
                <control controlID="56A2E9AE-04CD-46C4-9780-CBECCE2716D7" controlTypeID="Label" x="0" y="0" w="95" h="24" zOrder="0">
                  <ShadowBlur>0</ShadowBlur>
                  <font family="Segoe+UI" displayName="Segoe+UI" postScript="" weightStyle="Standard" weight="400" isBold="False" isItalic="False"/>
                  <text>User+++roups</text>
                  <textColor>4294967295</textColor>
                  <textSize>18</textSize>
                  <lineSpacing>0</lineSpacing>
                  <useDefaultTextSize>False</useDefaultTextSize>
                  <selectedIndex>-1</selectedIndex>
                </control>
                <control controlID="B199B651-579C-420E-9F63-60737EAD8A41" controlTypeID="Label" x="39" y="0" w="11" h="24" zOrder="1">
                  <ShadowBlur>0</ShadowBlur>
                  <font family="Segoe+UI" displayName="Segoe+UI" postScript="" weightStyle="Standard" weight="400" isBold="False" isItalic="False"/>
                  <text>G</text>
                  <textColor>4290689342</textColor>
                  <textSize>18</textSize>
                  <lineSpacing>0</lineSpacing>
                  <textStyles>[fsUnderline]</textStyles>
                  <useDefaultTextSize>False</useDefaultTextSize>
                  <selectedIndex>-1</selectedIndex>
                </control>
              </groupChildrenDescriptors>
            </control>
            <control controlID="1550B19F-8BEF-4746-BFF4-FD613490CA50" controlTypeID="__group__" x="968" y="16" w="65" h="25" zOrder="3">
              <ShadowBlur>0</ShadowBlur>
              <groupChildrenDescriptors>
                <control controlID="53494FBD-80FA-45FC-9550-156166E2C7AE" controlTypeID="Label" x="0" y="0" w="65" h="24" zOrder="0">
                  <ShadowBlur>0</ShadowBlur>
                  <font family="Segoe+UI" displayName="Segoe+UI" postScript="" weightStyle="Standard" weight="400" isBold="False" isItalic="False"/>
                  <text>Log++++ut</text>
                  <textColor>4294967295</textColor>
                  <textSize>18</textSize>
                  <lineSpacing>0</lineSpacing>
                  <useDefaultTextSize>False</useDefaultTextSize>
                  <selectedIndex>-1</selectedIndex>
                </control>
                <control controlID="ED6D5488-732D-4414-8994-191F624F29FF" controlTypeID="Label" x="36" y="1" w="13" h="24" zOrder="1">
                  <ShadowBlur>0</ShadowBlur>
                  <font family="Segoe+UI" displayName="Segoe+UI" postScript="" weightStyle="Standard" weight="400" isBold="False" isItalic="False"/>
                  <text>O</text>
                  <textColor>4290689342</textColor>
                  <textSize>18</textSize>
                  <lineSpacing>0</lineSpacing>
                  <textStyles>[fsUnderline]</textStyles>
                  <useDefaultTextSize>False</useDefaultTextSize>
                  <selectedIndex>-1</selectedIndex>
                </control>
              </groupChildrenDescriptors>
            </control>
            <control controlID="87094B88-5E69-4547-9CBF-3FB5A6414280" controlTypeID="__group__" x="818" y="16" w="80" h="24" zOrder="4">
              <ShadowBlur>0</ShadowBlur>
              <groupChildrenDescriptors>
                <control controlID="E45B32B1-059D-4863-8C72-B717F3CD5B63" controlTypeID="Label" x="0" y="0" w="80" h="24" zOrder="0">
                  <ShadowBlur>0</ShadowBlur>
                  <font family="Segoe+UI" displayName="Segoe+UI" postScript="" weightStyle="Standard" weight="400" isBold="False" isItalic="False"/>
                  <text>My+++rofile</text>
                  <textColor>4294967295</textColor>
                  <textSize>18</textSize>
                  <lineSpacing>0</lineSpacing>
                  <useDefaultTextSize>False</useDefaultTextSize>
                  <selectedIndex>-1</selectedIndex>
                </control>
                <control controlID="F565AA76-0ED9-4696-A4EB-D14DEB787503" controlTypeID="Label" x="29" y="0" w="9" h="24" zOrder="1">
                  <ShadowBlur>0</ShadowBlur>
                  <font family="Segoe+UI" displayName="Segoe+UI" postScript="" weightStyle="Standard" weight="400" isBold="False" isItalic="False"/>
                  <text>P</text>
                  <textColor>4290689342</textColor>
                  <textSize>18</textSize>
                  <lineSpacing>0</lineSpacing>
                  <textStyles>[fsUnderline]</textStyles>
                  <useDefaultTextSize>False</useDefaultTextSize>
                  <selectedIndex>-1</selectedIndex>
                </control>
              </groupChildrenDescriptors>
            </control>
            <control controlID="472D2150-FA8E-4845-8E9A-0AA6F8007CE8" controlTypeID="Icon" x="78" y="14" w="30" h="30" zOrder="5">
              <color>4290689342</color>
              <ShadowBlur>0</ShadowBlur>
              <icon>
                <ID/>
                <iconFontName>jdIonicons</iconFontName>
                <iconCode>62366</iconCode>
              </icon>
              <URL>CB1D4BD70EFAF9D0D63B9D0659D62AAA.svg</URL>
            </control>
            <control controlID="7A524E6B-8E6D-4601-8E05-058E46A2C1A4" controlTypeID="Icon" x="198" y="14" w="30" h="30" zOrder="6">
              <color>4290689342</color>
              <ShadowBlur>0</ShadowBlur>
              <icon>
                <ID/>
                <iconFontName>jdIcoMoonFree</iconFontName>
                <iconCode>59762</iconCode>
              </icon>
              <URL>119C857C4792E02327F609276285EAD8.svg</URL>
            </control>
            <control controlID="B91F5250-C43A-41F2-90DA-FF0BDD0B5F2F" controlTypeID="Icon" x="784" y="14" w="30" h="30" zOrder="7">
              <color>4290689342</color>
              <ShadowBlur>0</ShadowBlur>
              <icon>
                <ID/>
                <iconFontName>jdIonicons</iconFontName>
                <iconCode>62489</iconCode>
              </icon>
              <URL>E7D27E7A00FA7023CB70F7694DE9F06F.svg</URL>
            </control>
            <control controlID="0D371613-962D-41F8-AF23-A846D2731DE0" controlTypeID="Icon" x="933" y="14" w="30" h="30" zOrder="8">
              <color>4290689342</color>
              <ShadowBlur>0</ShadowBlur>
              <icon>
                <ID/>
                <iconFontName>jdIonicons</iconFontName>
                <iconCode>62111</iconCode>
              </icon>
              <URL>3C8DF9DE80057200F41F28DCE285D271.svg</URL>
            </control>
          </groupChildrenDescriptors>
        </control>
      </groupChildrenDescriptors>
    </control>
    <control controlID="01E5B401-81D7-450F-A094-33E7D7A17162" controlTypeID="__group__" x="0" y="675" w="1100" h="70" zOrder="2">
      <ShadowBlur>0</ShadowBlur>
      <groupChildrenDescriptors>
        <control controlID="B4E12B05-1021-4180-B5D9-B67036A7CF93" controlTypeID="Panel" x="0" y="0" w="1100" h="70" zOrder="0">
          <color>4280642473</color>
          <borderColor>4280642473</borderColor>
          <ShadowBlur>0</ShadowBlur>
          <groupChildrenDescriptors>
            <control controlID="5371A44D-BA0C-489F-868D-2345F8ABB69A" controlTypeID="Border" x="0" y="0" w="1100" h="70" zOrder="0">
              <borderColor>4280642473</borderColor>
              <alias>borderLayer</alias>
              <ShadowBlur>0</ShadowBlur>
            </control>
          </groupChildrenDescriptors>
          <thinkness>1</thinkness>
        </control>
        <control controlID="B82713BB-0824-4D4D-AF90-232FDF35CD97" controlTypeID="Label" x="31" y="21" w="36" h="24" zOrder="1">
          <ShadowBlur>0</ShadowBlur>
          <font family="Segoe+UI" displayName="Segoe+UI" postScript="" weightStyle="Standard" weight="400" isBold="False" isItalic="False"/>
          <text>Help</text>
          <textColor>4294967295</textColor>
          <textSize>18</textSize>
          <lineSpacing>0</lineSpacing>
          <useDefaultTextSize>False</useDefaultTextSize>
          <selectedIndex>-1</selectedIndex>
        </control>
        <control controlID="DE0278E7-3E39-44DE-8DBE-47CBC4D7D826" controlTypeID="Label" x="95" y="21" w="75" h="24" zOrder="2">
          <ShadowBlur>0</ShadowBlur>
          <font family="Segoe+UI" displayName="Segoe+UI" postScript="" weightStyle="Standard" weight="400" isBold="False" isItalic="False"/>
          <text>Feedback</text>
          <textColor>4294967295</textColor>
          <textSize>18</textSize>
          <lineSpacing>0</lineSpacing>
          <useDefaultTextSize>False</useDefaultTextSize>
          <selectedIndex>-1</selectedIndex>
        </control>
        <control controlID="CA492B4B-B971-4021-AFCD-2F5055ECA3BC" controlTypeID="Label" x="207" y="21" w="57" h="24" zOrder="3">
          <ShadowBlur>0</ShadowBlur>
          <font family="Segoe+UI" displayName="Segoe+UI" postScript="" weightStyle="Standard" weight="400" isBold="False" isItalic="False"/>
          <text>Imprint</text>
          <textColor>4294967295</textColor>
          <textSize>18</textSize>
          <lineSpacing>0</lineSpacing>
          <useDefaultTextSize>False</useDefaultTextSize>
          <selectedIndex>-1</selectedIndex>
        </control>
        <control controlID="059DBF39-23D0-4AEB-A149-DF292DEBE771" controlTypeID="Label" x="830" y="24" w="250" h="24" zOrder="4">
          <ShadowBlur>0</ShadowBlur>
          <font family="Segoe+UI" displayName="Segoe+UI" postScript="" weightStyle="Standard" weight="400" isBold="False" isItalic="False"/>
          <text>%C2%A9+Copyright+201%3F+becon+GmbH</text>
          <textColor>4294967295</textColor>
          <textSize>18</textSize>
          <lineSpacing>0</lineSpacing>
          <useDefaultTextSize>False</useDefaultTextSize>
          <selectedIndex>-1</selectedIndex>
        </control>
      </groupChildrenDescriptors>
    </control>
    <control controlID="7625498D-AC6C-4BF8-9C3B-1B139BFEA887" controlTypeID="Shape" x="0" y="70" w="1100" h="605" zOrder="3">
      <verticalScrollbarShow>True</verticalScrollbarShow>
      <ShadowBlur>0</ShadowBlur>
      <font family="Segoe+UI" displayName="Segoe+UI" postScript="" weightStyle="Standard" weight="400" isBold="False" isItalic="False"/>
      <textSize>14</textSize>
      <selectedIndex>-1</selectedIndex>
    </control>
    <control controlID="1CF3780F-F5BC-4205-A471-CF248C72AAA1" controlTypeID="Label" x="474" y="85" w="154" h="38" zOrder="4">
      <ShadowBlur>0</ShadowBlur>
      <font family="Segoe+UI" displayName="Segoe+UI" postScript="" weightStyle="Standard" weight="400" isBold="False" isItalic="False"/>
      <text>Update+User</text>
      <textColor>4284900966</textColor>
      <textSize>28</textSize>
      <lineSpacing>0</lineSpacing>
      <useDefaultTextSize>False</useDefaultTextSize>
      <selectedIndex>-1</selectedIndex>
    </control>
    <control controlID="5DE1B41B-3BCB-44F1-A570-F92FB1728969" controlTypeID="__group__" x="253" y="149" w="593" h="48" zOrder="5">
      <ShadowBlur>0</ShadowBlur>
      <groupChildrenDescriptors>
        <control controlID="159C5311-62E8-4C8E-A1C1-2695251A8D4E" controlTypeID="__group__" x="39" y="0" w="554" h="48" zOrder="0">
          <ShadowBlur>0</ShadowBlur>
          <groupChildrenDescriptors>
            <control controlID="71CC1995-0E3A-42DF-9100-6DE46594E319" controlTypeID="Label" x="0" y="0" w="32" h="19" zOrder="0">
              <ShadowBlur>0</ShadowBlur>
              <font family="Segoe+UI" displayName="Segoe+UI" postScript="" weightStyle="Standard" weight="400" isBold="False" isItalic="False"/>
              <text>Email</text>
              <lineSpacing>0</lineSpacing>
              <selectedIndex>-1</selectedIndex>
            </control>
            <control controlID="A786D66D-AD18-48A0-9949-F31EEA04D3E6" controlTypeID="TextInput" x="0" y="24" w="554" h="24" zOrder="1">
              <ShadowBlur>0</ShadowBlur>
              <font family="Segoe+UI" displayName="Segoe+UI" postScript="" weightStyle="Standard" weight="400" isBold="False" isItalic="False"/>
              <lineSpacing>0</lineSpacing>
              <selectedIndex>-1</selectedIndex>
            </control>
          </groupChildrenDescriptors>
        </control>
        <control controlID="8FA647BC-0FBC-44EB-A13D-875751F4C8A7" controlTypeID="Icon" x="0" y="24" w="24" h="24" zOrder="1">
          <ShadowBlur>0</ShadowBlur>
          <icon>
            <ID/>
            <iconFontName>jdIonicons</iconFontName>
            <iconCode>62187</iconCode>
          </icon>
          <URL>B006535552ADCF3C660B10FA6D267D70.svg</URL>
        </control>
      </groupChildrenDescriptors>
    </control>
    <control controlID="CBFF6F34-4878-43E1-894F-C5C933962721" controlTypeID="__group__" x="253" y="212" w="594" h="48" zOrder="6">
      <ShadowBlur>0</ShadowBlur>
      <groupChildrenDescriptors>
        <control controlID="18435356-2C1F-47D2-8B38-DF2B5837B5B5" controlTypeID="__group__" x="39" y="0" w="555" h="48" zOrder="0">
          <ShadowBlur>0</ShadowBlur>
          <groupChildrenDescriptors>
            <control controlID="99BAA3AC-741D-4BB0-8FD4-C614CD9AEFB1" controlTypeID="Label" x="0" y="0" w="57" h="19" zOrder="0">
              <ShadowBlur>0</ShadowBlur>
              <font family="Segoe+UI" displayName="Segoe+UI" postScript="" weightStyle="Standard" weight="400" isBold="False" isItalic="False"/>
              <text>Password</text>
              <lineSpacing>0</lineSpacing>
              <selectedIndex>-1</selectedIndex>
            </control>
            <control controlID="29BF9891-CB5A-49C4-995F-9B4C39AAA216" controlTypeID="TextInput" x="0" y="24" w="555" h="24" zOrder="1">
              <ShadowBlur>0</ShadowBlur>
              <font family="Segoe+UI" displayName="Segoe+UI" postScript="" weightStyle="Standard" weight="400" isBold="False" isItalic="False"/>
              <lineSpacing>0</lineSpacing>
              <selectedIndex>-1</selectedIndex>
            </control>
          </groupChildrenDescriptors>
        </control>
        <control controlID="690D1206-906C-4FE6-8826-25F794EAC2E1" controlTypeID="Icon" x="0" y="24" w="24" h="24" zOrder="1">
          <ShadowBlur>0</ShadowBlur>
          <icon>
            <ID/>
            <iconFontName>jdFontCustom</iconFontName>
            <iconCode>61792</iconCode>
          </icon>
          <URL>70987BBBAB2116F8F2969789465AA2A3.svg</URL>
        </control>
      </groupChildrenDescriptors>
    </control>
    <control controlID="08612450-9F49-4C6D-A4BF-42B7DC119543" controlTypeID="__group__" x="253" y="275" w="594" h="48" zOrder="7">
      <ShadowBlur>0</ShadowBlur>
      <groupChildrenDescriptors>
        <control controlID="897C87D1-7470-4D30-9DFA-4DB2F828DBA4" controlTypeID="__group__" x="39" y="0" w="555" h="48" zOrder="0">
          <ShadowBlur>0</ShadowBlur>
          <groupChildrenDescriptors>
            <control controlID="F652FFA5-F61B-459D-A189-C7BCDC15F4AA" controlTypeID="Label" x="0" y="0" w="104" h="19" zOrder="0">
              <ShadowBlur>0</ShadowBlur>
              <font family="Segoe+UI" displayName="Segoe+UI" postScript="" weightStyle="Standard" weight="400" isBold="False" isItalic="False"/>
              <text>Repeat+Password</text>
              <lineSpacing>0</lineSpacing>
              <selectedIndex>-1</selectedIndex>
            </control>
            <control controlID="F6B87A7D-44AC-46EB-A77C-96F37D38D3DC" controlTypeID="TextInput" x="0" y="24" w="555" h="24" zOrder="1">
              <ShadowBlur>0</ShadowBlur>
              <font family="Segoe+UI" displayName="Segoe+UI" postScript="" weightStyle="Standard" weight="400" isBold="False" isItalic="False"/>
              <lineSpacing>0</lineSpacing>
              <selectedIndex>-1</selectedIndex>
            </control>
          </groupChildrenDescriptors>
        </control>
        <control controlID="E7BC14E0-AE0F-41CB-ACF9-06DEA91F72CC" controlTypeID="Icon" x="0" y="24" w="24" h="24" zOrder="1">
          <ShadowBlur>0</ShadowBlur>
          <icon>
            <ID/>
            <iconFontName>jdFontCustom</iconFontName>
            <iconCode>61792</iconCode>
          </icon>
          <URL>70987BBBAB2116F8F2969789465AA2A3.svg</URL>
        </control>
      </groupChildrenDescriptors>
    </control>
    <control controlID="EC40194D-568C-4CD6-8431-B0F0D4DEB74B" controlTypeID="__group__" x="253" y="338" w="594" h="48" zOrder="8">
      <ShadowBlur>0</ShadowBlur>
      <groupChildrenDescriptors>
        <control controlID="450406D8-BA8E-4EEF-8C9C-777F2FFF1637" controlTypeID="__group__" x="39" y="0" w="555" h="48" zOrder="0">
          <ShadowBlur>0</ShadowBlur>
          <groupChildrenDescriptors>
            <control controlID="D78C7B99-F515-4593-96B5-B236B1C50FAE" controlTypeID="Label" x="0" y="0" w="36" h="19" zOrder="0">
              <ShadowBlur>0</ShadowBlur>
              <font family="Segoe+UI" displayName="Segoe+UI" postScript="" weightStyle="Standard" weight="400" isBold="False" isItalic="False"/>
              <text>Name</text>
              <lineSpacing>0</lineSpacing>
              <selectedIndex>-1</selectedIndex>
            </control>
            <control controlID="FDA5045D-5628-4F60-80BF-BDABFDDA7B21" controlTypeID="TextInput" x="0" y="24" w="555" h="24" zOrder="1">
              <ShadowBlur>0</ShadowBlur>
              <font family="Segoe+UI" displayName="Segoe+UI" postScript="" weightStyle="Standard" weight="400" isBold="False" isItalic="False"/>
              <lineSpacing>0</lineSpacing>
              <selectedIndex>-1</selectedIndex>
            </control>
          </groupChildrenDescriptors>
        </control>
        <control controlID="50059325-AD1C-40BC-A143-E61917B4CD77" controlTypeID="Icon" x="0" y="24" w="24" h="24" zOrder="1">
          <ShadowBlur>0</ShadowBlur>
          <icon>
            <ID/>
            <iconFontName>jdIonicons</iconFontName>
            <iconCode>61954</iconCode>
          </icon>
          <URL>6DFE1BF6476B7504EDAC282764A0883C.svg</URL>
        </control>
      </groupChildrenDescriptors>
    </control>
    <control controlID="1A0E3BE4-DD8B-400A-B60D-9E12F7084363" controlTypeID="__group__" x="253" y="401" w="595" h="48" zOrder="9">
      <ShadowBlur>0</ShadowBlur>
      <groupChildrenDescriptors>
        <control controlID="614AEC5A-704A-426E-8150-5C3D2151009B" controlTypeID="__group__" x="40" y="0" w="555" h="48" zOrder="0">
          <ShadowBlur>0</ShadowBlur>
          <groupChildrenDescriptors>
            <control controlID="D1AAB871-E3FE-4258-B084-B3A19137860B" controlTypeID="Label" x="0" y="0" w="54" h="19" zOrder="0">
              <ShadowBlur>0</ShadowBlur>
              <font family="Segoe+UI" displayName="Segoe+UI" postScript="" weightStyle="Standard" weight="400" isBold="False" isItalic="False"/>
              <text>Surname</text>
              <lineSpacing>0</lineSpacing>
              <selectedIndex>-1</selectedIndex>
            </control>
            <control controlID="A19E0E3B-2D59-4D73-ACF3-8E737EEF6B87" controlTypeID="TextInput" x="0" y="24" w="555" h="24" zOrder="1">
              <ShadowBlur>0</ShadowBlur>
              <font family="Segoe+UI" displayName="Segoe+UI" postScript="" weightStyle="Standard" weight="400" isBold="False" isItalic="False"/>
              <lineSpacing>0</lineSpacing>
              <selectedIndex>-1</selectedIndex>
            </control>
          </groupChildrenDescriptors>
        </control>
        <control controlID="A11D1D15-27DB-4C4F-B847-FFB0E8ACB7F6" controlTypeID="Icon" x="0" y="24" w="24" h="24" zOrder="1">
          <ShadowBlur>0</ShadowBlur>
          <icon>
            <ID/>
            <iconFontName>jdIonicons</iconFontName>
            <iconCode>61954</iconCode>
          </icon>
          <URL>6DFE1BF6476B7504EDAC282764A0883C.svg</URL>
        </control>
      </groupChildrenDescriptors>
    </control>
    <control controlID="2EC44222-99DE-446E-8066-4D17BEAB089B" controlTypeID="__group__" x="253" y="464" w="595" h="48" zOrder="10">
      <ShadowBlur>0</ShadowBlur>
      <groupChildrenDescriptors>
        <control controlID="9BA34320-E07C-4778-8E28-B395156527F9" controlTypeID="__group__" x="40" y="0" w="555" h="48" zOrder="0">
          <ShadowBlur>0</ShadowBlur>
          <groupChildrenDescriptors>
            <control controlID="B7EC2354-71E0-45B2-B558-521A129A3F87" controlTypeID="Label" x="0" y="0" w="79" h="19" zOrder="0">
              <ShadowBlur>0</ShadowBlur>
              <font family="Segoe+UI" displayName="Segoe+UI" postScript="" weightStyle="Standard" weight="400" isBold="False" isItalic="False"/>
              <text>Organization</text>
              <lineSpacing>0</lineSpacing>
              <selectedIndex>-1</selectedIndex>
            </control>
            <control controlID="CF487634-91D1-460F-8101-5EAAA4C60F8E" controlTypeID="TextInput" x="0" y="24" w="555" h="24" zOrder="1">
              <ShadowBlur>0</ShadowBlur>
              <font family="Segoe+UI" displayName="Segoe+UI" postScript="" weightStyle="Standard" weight="400" isBold="False" isItalic="False"/>
              <lineSpacing>0</lineSpacing>
              <selectedIndex>-1</selectedIndex>
            </control>
          </groupChildrenDescriptors>
        </control>
        <control controlID="CF52F91E-A05E-47DE-8825-B2F5C90B7257" controlTypeID="Icon" x="0" y="24" w="24" h="24" zOrder="1">
          <ShadowBlur>0</ShadowBlur>
          <icon>
            <ID/>
            <iconFontName>jdIcoMoonFree</iconFontName>
            <iconCode>59849</iconCode>
          </icon>
          <URL>3E0037915FDA15712E7E88422547A8A2.svg</URL>
        </control>
      </groupChildrenDescriptors>
    </control>
    <control controlID="4A124CA1-9730-494C-82D6-C7496F7DBAFC" controlTypeID="__group__" x="253" y="527" w="595" h="48" zOrder="11">
      <ShadowBlur>0</ShadowBlur>
      <groupChildrenDescriptors>
        <control controlID="B69BFE72-E6B1-4F13-96AA-689F04597E10" controlTypeID="__group__" x="40" y="0" w="555" h="48" zOrder="0">
          <ShadowBlur>0</ShadowBlur>
          <groupChildrenDescriptors>
            <control controlID="07EEEFB9-7E9C-4C8E-A3C5-1D8D08DFE9FC" controlTypeID="Label" x="0" y="0" w="74" h="19" zOrder="0">
              <ShadowBlur>0</ShadowBlur>
              <font family="Segoe+UI" displayName="Segoe+UI" postScript="" weightStyle="Standard" weight="400" isBold="False" isItalic="False"/>
              <text>Department</text>
              <lineSpacing>0</lineSpacing>
              <selectedIndex>-1</selectedIndex>
            </control>
            <control controlID="DC32BD27-55F7-4026-A947-DF8B298BBB52" controlTypeID="TextInput" x="0" y="24" w="555" h="24" zOrder="1">
              <ShadowBlur>0</ShadowBlur>
              <font family="Segoe+UI" displayName="Segoe+UI" postScript="" weightStyle="Standard" weight="400" isBold="False" isItalic="False"/>
              <lineSpacing>0</lineSpacing>
              <selectedIndex>-1</selectedIndex>
            </control>
          </groupChildrenDescriptors>
        </control>
        <control controlID="C3803691-97E0-4A55-8F55-3E98F4C5B0FB" controlTypeID="Icon" x="0" y="24" w="24" h="24" zOrder="1">
          <ShadowBlur>0</ShadowBlur>
          <icon>
            <ID/>
            <iconFontName>jdIcoMoonFree</iconFontName>
            <iconCode>59716</iconCode>
          </icon>
          <URL>E9BC305766B471DFFF8260E11E938D6D.svg</URL>
        </control>
      </groupChildrenDescriptors>
    </control>
    <control controlID="AA17B7AD-45A4-419F-B56E-530C52BA2CD4" controlTypeID="__group__" x="253" y="626" w="595" h="31" zOrder="12">
      <groupChildrenDescriptors>
        <control controlID="B67798D4-0B72-45FC-810B-23280FA96019" controlTypeID="__group__" x="0" y="2" w="114" h="27" zOrder="0">
          <ShadowBlur>0</ShadowBlur>
          <groupChildrenDescriptors>
            <control controlID="BA655C0D-169D-4B46-84FE-53D3B8BE9235" controlTypeID="Icon" x="0" y="3" w="24" h="24" zOrder="0">
              <color>4278190080</color>
              <ShadowBlur>0</ShadowBlur>
              <icon>
                <ID/>
                <iconFontName>jdIonicons</iconFontName>
                <iconCode>62547</iconCode>
              </icon>
              <URL>23C89C10F7B3376AE4E32DC5E7C501A2.svg</URL>
            </control>
            <control controlID="93BEB17E-FCDD-4966-8F11-4292C40189D4" controlTypeID="Label" x="34" y="0" w="80" h="27" zOrder="1">
              <ShadowBlur>0</ShadowBlur>
              <font family="Segoe+UI" displayName="Segoe+UI_%26_Bold" postScript="" weightStyle="Bold" weight="700" isBold="True" isItalic="False"/>
              <text>User+List</text>
              <textSize>20</textSize>
              <lineSpacing>0</lineSpacing>
              <textStyles>[fsBold]</textStyles>
              <useDefaultTextSize>False</useDefaultTextSize>
              <selectedIndex>-1</selectedIndex>
            </control>
          </groupChildrenDescriptors>
        </control>
        <control controlID="2D70C479-D431-4BCC-9031-BDD12E7A21A4" controlTypeID="__group__" x="486" y="0" w="109" h="31" zOrder="1">
          <groupChildrenDescriptors>
            <control controlID="C6C99BF6-8C02-40B5-869C-AF166A565F4E" controlTypeID="IconButton2" x="0" y="0" w="31" h="31" zOrder="0">
              <ShadowBlur>0</ShadowBlur>
              <groupChildrenDescriptors>
                <control controlID="39F89008-1325-45CD-A448-E3C0F7D744F0" controlTypeID="Shape" x="0" y="0" w="31" h="31" zOrder="0">
                  <borderColor>4278190080</borderColor>
                  <canMove>False</canMove>
                  <alias>shape</alias>
                  <ShadowBlur>0</ShadowBlur>
                  <font family="Segoe+UI" displayName="Segoe+UI" postScript="" weightStyle="Standard" weight="400" isBold="False" isItalic="False"/>
                  <textSize>14</textSize>
                  <selectedIndex>-1</selectedIndex>
                  <shapeBorderType>SbEllipse</shapeBorderType>
                </control>
                <control controlID="91582853-3BD6-4076-A8B6-2355002C375A" controlTypeID="Icon" x="6" y="6" w="20" h="20" zOrder="1">
                  <color>4278190080</color>
                  <canMove>False</canMove>
                  <alias>icon</alias>
                  <ShadowBlur>0</ShadowBlur>
                  <icon>
                    <ID/>
                    <iconFontName>jdIcoFont</iconFontName>
                    <iconCode>59120</iconCode>
                  </icon>
                  <URL>01DCD6AFD5583A4B865B91922BFCECAD.svg</URL>
                </control>
                <control controlID="07A1B97C-28E1-4EF2-AF30-2AB0C571708C" controlTypeID="Label" x="-2" y="0" w="32" h="19" zOrder="2">
                  <canMove>False</canMove>
                  <alias>label</alias>
                  <ShadowBlur>0</ShadowBlur>
                  <font family="Segoe+UI" displayName="Segoe+UI" postScript="" weightStyle="Standard" weight="400" isBold="False" isItalic="False"/>
                  <text>Label</text>
                  <textAlign>HaCenter</textAlign>
                  <lineSpacing>0</lineSpacing>
                  <selectedIndex>-1</selectedIndex>
                </control>
                <control controlID="3D2D0AFD-2933-4BD9-8501-08D1D2C1F013" controlTypeID="Shape" x="19" y="0" w="12" h="12" zOrder="3">
                  <color>4294901760</color>
                  <borderVisible>False</borderVisible>
                  <canMove>False</canMove>
                  <alias>alarm</alias>
                  <ShadowBlur>0</ShadowBlur>
                  <font family="Segoe+UI" displayName="Segoe+UI" postScript="" weightStyle="Standard" weight="400" isBold="False" isItalic="False"/>
                  <text>2</text>
                  <textColor>4294967295</textColor>
                  <textSize>7</textSize>
                  <selectedIndex>-1</selectedIndex>
                  <radius>100</radius>
                  <radiusIsPercent>True</radiusIsPercent>
                </control>
              </groupChildrenDescriptors>
              <iconSize>20</iconSize>
            </control>
            <control controlID="F0A0E6FD-41C3-4519-BC61-699ABD1825FA" controlTypeID="Label" x="41" y="3" w="68" h="27" zOrder="1">
              <ShadowBlur>0</ShadowBlur>
              <font family="Segoe+UI" displayName="Segoe+UI_%26_Bold" postScript="" weightStyle="Bold" weight="700" isBold="True" isItalic="False"/>
              <text>Update</text>
              <textSize>20</textSize>
              <lineSpacing>0</lineSpacing>
              <textStyles>[fsBold]</textStyles>
              <useDefaultTextSize>False</useDefaultTextSize>
              <selectedIndex>-1</selectedIndex>
            </control>
          </groupChildrenDescriptors>
        </control>
      </groupChildrenDescriptors>
    </control>
  </controls>
  <param>
    <backgroundColor>4294967295</backgroundColor>
    <fontSize>14</fontSize>
    <fontFamily>Segoe+UI</fontFamily>
    <guideLines/>
  </param>
</mockup>