﻿<mockup version="5.2" minAllowVersion="5.2" ID="2F4535A7-785E-4FD6-ABCA-9A1EDBABB515" platform="MtWeb" defaultW="1100" defaultH="1000" measureW="1100" measureH="1000" mobileScreenScale="0">
  <controls controlCount="53">
    <control controlID="4DC5371A-D4D5-4C77-9A99-71A640D52C80" controlTypeID="__group__" x="0" y="0" w="1100" h="745" zOrder="0">
      <ShadowBlur>0,5</ShadowBlur>
      <groupChildrenDescriptors>
        <control controlID="7217F4FB-27CD-4815-8092-99FDDDA6C886" controlTypeID="__group__" x="0" y="675" w="1100" h="70" zOrder="0">
          <ShadowBlur>0</ShadowBlur>
          <groupChildrenDescriptors>
            <control controlID="53160BE4-4F13-45C4-AEAA-65E5FC2FB1F3" controlTypeID="Panel" x="0" y="0" w="1100" h="70" zOrder="0">
              <color>4280642473</color>
              <borderColor>4280642473</borderColor>
              <ShadowBlur>0</ShadowBlur>
              <groupChildrenDescriptors>
                <control controlID="34DE9FEF-8CCD-4699-957C-8D0A041A6BA9" controlTypeID="Border" x="0" y="0" w="1100" h="70" zOrder="0">
                  <borderColor>4280642473</borderColor>
                  <alias>borderLayer</alias>
                  <ShadowBlur>0</ShadowBlur>
                </control>
              </groupChildrenDescriptors>
              <thinkness>1</thinkness>
            </control>
            <control controlID="6E5FB1ED-28FE-4542-9595-4EFF3E90EE34" controlTypeID="Label" x="31" y="21" w="36" h="24" zOrder="1">
              <ShadowBlur>0</ShadowBlur>
              <font family="Segoe+UI" displayName="Segoe+UI" postScript="" weightStyle="Standard" weight="400" isBold="False" isItalic="False"/>
              <text>Help</text>
              <textColor>4294967295</textColor>
              <textSize>18</textSize>
              <lineSpacing>0</lineSpacing>
              <useDefaultTextSize>False</useDefaultTextSize>
              <selectedIndex>-1</selectedIndex>
            </control>
            <control controlID="3B035C20-8B78-40DB-B8F7-56ED772F7192" controlTypeID="Label" x="95" y="21" w="75" h="24" zOrder="2">
              <ShadowBlur>0</ShadowBlur>
              <font family="Segoe+UI" displayName="Segoe+UI" postScript="" weightStyle="Standard" weight="400" isBold="False" isItalic="False"/>
              <text>Feedback</text>
              <textColor>4294967295</textColor>
              <textSize>18</textSize>
              <lineSpacing>0</lineSpacing>
              <useDefaultTextSize>False</useDefaultTextSize>
              <selectedIndex>-1</selectedIndex>
            </control>
            <control controlID="E7572482-0B14-4EDF-B5C5-1347774BC3DD" controlTypeID="Label" x="207" y="21" w="57" h="24" zOrder="3">
              <ShadowBlur>0</ShadowBlur>
              <font family="Segoe+UI" displayName="Segoe+UI" postScript="" weightStyle="Standard" weight="400" isBold="False" isItalic="False"/>
              <text>Imprint</text>
              <textColor>4294967295</textColor>
              <textSize>18</textSize>
              <lineSpacing>0</lineSpacing>
              <useDefaultTextSize>False</useDefaultTextSize>
              <selectedIndex>-1</selectedIndex>
            </control>
            <control controlID="E9E60967-2295-456D-9840-7535D96C34B3" controlTypeID="Label" x="830" y="24" w="250" h="24" zOrder="4">
              <ShadowBlur>0</ShadowBlur>
              <font family="Segoe+UI" displayName="Segoe+UI" postScript="" weightStyle="Standard" weight="400" isBold="False" isItalic="False"/>
              <text>%C2%A9+Copyright+201%3F+becon+GmbH</text>
              <textColor>4294967295</textColor>
              <textSize>18</textSize>
              <lineSpacing>0</lineSpacing>
              <useDefaultTextSize>False</useDefaultTextSize>
              <selectedIndex>-1</selectedIndex>
            </control>
          </groupChildrenDescriptors>
        </control>
        <control controlID="2759E3F4-001F-4AE5-9A30-9FBCDA380DA6" controlTypeID="__group__" x="0" y="0" w="1100" h="70" zOrder="1">
          <ShadowBlur>0</ShadowBlur>
          <groupChildrenDescriptors>
            <control controlID="C1C83BEB-B053-4436-BBA3-6E87C9BCC75A" controlTypeID="Panel" x="0" y="0" w="1100" h="70" zOrder="0">
              <color>4280642473</color>
              <borderColor>4280642473</borderColor>
              <ShadowBlur>0</ShadowBlur>
              <groupChildrenDescriptors>
                <control controlID="FEA2CBA2-186A-4E07-9CB9-593CE6E60C99" controlTypeID="Border" x="0" y="0" w="1100" h="70" zOrder="0">
                  <borderColor>4280642473</borderColor>
                  <alias>borderLayer</alias>
                  <ShadowBlur>0</ShadowBlur>
                </control>
              </groupChildrenDescriptors>
              <thinkness>1</thinkness>
            </control>
            <control controlID="23E33428-37EF-44C7-8F5D-07D338B4E56F" controlTypeID="__group__" x="30" y="10" w="1033" h="50" zOrder="1">
              <ShadowBlur>0</ShadowBlur>
              <groupChildrenDescriptors>
                <control controlID="A72FE056-B784-432A-9BAD-1A6D79A150A4" controlTypeID="Image" x="0" y="0" w="50" h="50" zOrder="0">
                  <ShadowBlur>0</ShadowBlur>
                  <URL>976481E0FBEB84C2585025769B665392.png</URL>
                </control>
                <control controlID="D1484E3C-D59A-4715-9E4E-0374FE8C67C8" controlTypeID="__group__" x="113" y="17" w="42" h="24" zOrder="1">
                  <ShadowBlur>0</ShadowBlur>
                  <groupChildrenDescriptors>
                    <control controlID="44458773-0E22-486B-B3FF-24F81C9C1471" controlTypeID="Label" x="12" y="0" w="30" h="24" zOrder="0">
                      <ShadowBlur>0</ShadowBlur>
                      <font family="Segoe+UI" displayName="Segoe+UI" postScript="" weightStyle="Standard" weight="400" isBold="False" isItalic="False"/>
                      <text>sers</text>
                      <textColor>4294967295</textColor>
                      <textSize>18</textSize>
                      <lineSpacing>0</lineSpacing>
                      <useDefaultTextSize>False</useDefaultTextSize>
                      <selectedIndex>-1</selectedIndex>
                    </control>
                    <control controlID="D135E50A-3288-458A-BEE8-FD135D93FC92" controlTypeID="Label" x="0" y="0" w="11" h="24" zOrder="1">
                      <ShadowBlur>0</ShadowBlur>
                      <font family="Segoe+UI" displayName="Segoe+UI" postScript="" weightStyle="Standard" weight="400" isBold="False" isItalic="False"/>
                      <text>U</text>
                      <textColor>4290689342</textColor>
                      <textSize>18</textSize>
                      <lineSpacing>0</lineSpacing>
                      <textStyles>[fsUnderline]</textStyles>
                      <useDefaultTextSize>False</useDefaultTextSize>
                      <selectedIndex>-1</selectedIndex>
                    </control>
                  </groupChildrenDescriptors>
                </control>
                <control controlID="6F721773-CD07-4040-86DB-06FCAF436FB2" controlTypeID="__group__" x="233" y="18" w="95" h="24" zOrder="2">
                  <ShadowBlur>0</ShadowBlur>
                  <groupChildrenDescriptors>
                    <control controlID="534AF995-0141-4410-871C-F345CE9826CB" controlTypeID="Label" x="0" y="0" w="95" h="24" zOrder="0">
                      <ShadowBlur>0</ShadowBlur>
                      <font family="Segoe+UI" displayName="Segoe+UI" postScript="" weightStyle="Standard" weight="400" isBold="False" isItalic="False"/>
                      <text>User+++roups</text>
                      <textColor>4290689342</textColor>
                      <textSize>18</textSize>
                      <lineSpacing>0</lineSpacing>
                      <useDefaultTextSize>False</useDefaultTextSize>
                      <selectedIndex>-1</selectedIndex>
                    </control>
                    <control controlID="C439AC02-3A86-43DE-A5C1-FB0D7143C789" controlTypeID="Label" x="39" y="0" w="11" h="24" zOrder="1">
                      <ShadowBlur>0</ShadowBlur>
                      <font family="Segoe+UI" displayName="Segoe+UI" postScript="" weightStyle="Standard" weight="400" isBold="False" isItalic="False"/>
                      <text>G</text>
                      <textColor>4290689342</textColor>
                      <textSize>18</textSize>
                      <lineSpacing>0</lineSpacing>
                      <textStyles>[fsUnderline]</textStyles>
                      <useDefaultTextSize>False</useDefaultTextSize>
                      <selectedIndex>-1</selectedIndex>
                    </control>
                  </groupChildrenDescriptors>
                </control>
                <control controlID="3FD49B99-FEEC-4016-BBFF-8DCA6B142305" controlTypeID="__group__" x="968" y="16" w="65" h="25" zOrder="3">
                  <ShadowBlur>0</ShadowBlur>
                  <groupChildrenDescriptors>
                    <control controlID="6EBF8DEC-CC18-4565-9207-13E0607FAB85" controlTypeID="Label" x="0" y="0" w="65" h="24" zOrder="0">
                      <ShadowBlur>0</ShadowBlur>
                      <font family="Segoe+UI" displayName="Segoe+UI" postScript="" weightStyle="Standard" weight="400" isBold="False" isItalic="False"/>
                      <text>Log++++ut</text>
                      <textColor>4294967295</textColor>
                      <textSize>18</textSize>
                      <lineSpacing>0</lineSpacing>
                      <useDefaultTextSize>False</useDefaultTextSize>
                      <selectedIndex>-1</selectedIndex>
                    </control>
                    <control controlID="5999186E-C634-4894-AD83-41A049778354" controlTypeID="Label" x="36" y="1" w="13" h="24" zOrder="1">
                      <ShadowBlur>0</ShadowBlur>
                      <font family="Segoe+UI" displayName="Segoe+UI" postScript="" weightStyle="Standard" weight="400" isBold="False" isItalic="False"/>
                      <text>O</text>
                      <textColor>4290689342</textColor>
                      <textSize>18</textSize>
                      <lineSpacing>0</lineSpacing>
                      <textStyles>[fsUnderline]</textStyles>
                      <useDefaultTextSize>False</useDefaultTextSize>
                      <selectedIndex>-1</selectedIndex>
                    </control>
                  </groupChildrenDescriptors>
                </control>
                <control controlID="B5B9724D-2169-4118-9450-38434BA76A16" controlTypeID="__group__" x="818" y="16" w="80" h="24" zOrder="4">
                  <ShadowBlur>0</ShadowBlur>
                  <groupChildrenDescriptors>
                    <control controlID="A0FA2125-6861-4BB1-B4FA-83560A41C3D1" controlTypeID="Label" x="0" y="0" w="80" h="24" zOrder="0">
                      <ShadowBlur>0</ShadowBlur>
                      <font family="Segoe+UI" displayName="Segoe+UI" postScript="" weightStyle="Standard" weight="400" isBold="False" isItalic="False"/>
                      <text>My+++rofile</text>
                      <textColor>4294967295</textColor>
                      <textSize>18</textSize>
                      <lineSpacing>0</lineSpacing>
                      <useDefaultTextSize>False</useDefaultTextSize>
                      <selectedIndex>-1</selectedIndex>
                    </control>
                    <control controlID="425F9122-C5D3-462F-9213-C3445FAF749D" controlTypeID="Label" x="29" y="0" w="9" h="24" zOrder="1">
                      <ShadowBlur>0</ShadowBlur>
                      <font family="Segoe+UI" displayName="Segoe+UI" postScript="" weightStyle="Standard" weight="400" isBold="False" isItalic="False"/>
                      <text>P</text>
                      <textColor>4290689342</textColor>
                      <textSize>18</textSize>
                      <lineSpacing>0</lineSpacing>
                      <textStyles>[fsUnderline]</textStyles>
                      <useDefaultTextSize>False</useDefaultTextSize>
                      <selectedIndex>-1</selectedIndex>
                    </control>
                  </groupChildrenDescriptors>
                </control>
                <control controlID="3653AC91-ACCA-42DF-B141-9704400D5E7A" controlTypeID="Icon" x="78" y="14" w="30" h="30" zOrder="5">
                  <color>4290689342</color>
                  <ShadowBlur>0</ShadowBlur>
                  <icon>
                    <ID/>
                    <iconFontName>jdIonicons</iconFontName>
                    <iconCode>62366</iconCode>
                  </icon>
                  <URL>CB1D4BD70EFAF9D0D63B9D0659D62AAA.svg</URL>
                </control>
                <control controlID="98850CDA-5B41-4F52-B608-7128A5606776" controlTypeID="Icon" x="198" y="14" w="30" h="30" zOrder="6">
                  <color>4290689342</color>
                  <ShadowBlur>0</ShadowBlur>
                  <icon>
                    <ID/>
                    <iconFontName>jdIcoMoonFree</iconFontName>
                    <iconCode>59762</iconCode>
                  </icon>
                  <URL>119C857C4792E02327F609276285EAD8.svg</URL>
                </control>
                <control controlID="650B540D-E57D-432B-BE3A-8E36791CB577" controlTypeID="Icon" x="784" y="14" w="30" h="30" zOrder="7">
                  <color>4290689342</color>
                  <ShadowBlur>0</ShadowBlur>
                  <icon>
                    <ID/>
                    <iconFontName>jdIonicons</iconFontName>
                    <iconCode>62489</iconCode>
                  </icon>
                  <URL>E7D27E7A00FA7023CB70F7694DE9F06F.svg</URL>
                </control>
                <control controlID="D01A2D5C-1D9E-4C97-A37F-3B866B4B90EE" controlTypeID="Icon" x="933" y="14" w="30" h="30" zOrder="8">
                  <color>4290689342</color>
                  <ShadowBlur>0</ShadowBlur>
                  <icon>
                    <ID/>
                    <iconFontName>jdIonicons</iconFontName>
                    <iconCode>62111</iconCode>
                  </icon>
                  <URL>3C8DF9DE80057200F41F28DCE285D271.svg</URL>
                </control>
              </groupChildrenDescriptors>
            </control>
          </groupChildrenDescriptors>
        </control>
      </groupChildrenDescriptors>
    </control>
    <control controlID="F8FE01D0-56CE-4CE9-9181-CD3031507E5D" controlTypeID="Shape" x="0" y="70" w="1100" h="605" zOrder="1">
      <verticalScrollbarShow>True</verticalScrollbarShow>
      <ShadowBlur>0</ShadowBlur>
      <font family="Segoe+UI" displayName="Segoe+UI" postScript="" weightStyle="Standard" weight="400" isBold="False" isItalic="False"/>
      <textSize>14</textSize>
      <selectedIndex>-1</selectedIndex>
    </control>
    <control controlID="2A12F8EE-0E45-446C-B320-67A264D21EB5" controlTypeID="__group__" x="253" y="145" w="594" h="448" zOrder="2">
      <ShadowBlur>0</ShadowBlur>
      <groupChildrenDescriptors>
        <control controlID="DFABACB5-E828-4EC0-8CBE-AA95CD38F41B" controlTypeID="Panel" x="0" y="0" w="594" h="400" zOrder="0">
          <ShadowBlur>0</ShadowBlur>
          <groupChildrenDescriptors>
            <control controlID="8448BD5B-DBC0-4EF0-A9A9-E56CF11B2755" controlTypeID="Border" x="0" y="0" w="594" h="400" zOrder="0">
              <alias>borderLayer</alias>
              <ShadowBlur>0</ShadowBlur>
              <dashMode>SdDash</dashMode>
            </control>
          </groupChildrenDescriptors>
          <thinkness>1</thinkness>
          <dashMode>SdDash</dashMode>
        </control>
        <control controlID="F5289FCF-6EEB-411D-9D39-341C2CFDDDEB" controlTypeID="Label" x="233" y="313" w="127" h="19" zOrder="1">
          <ShadowBlur>0</ShadowBlur>
          <font family="Segoe+UI" displayName="Segoe+UI" postScript="" weightStyle="Standard" weight="400" isBold="False" isItalic="False"/>
          <text>Choose+components</text>
          <lineSpacing>0</lineSpacing>
          <selectedIndex>-1</selectedIndex>
        </control>
        <control controlID="3FE22095-0948-4F7F-B3C9-00112F1EA471" controlTypeID="BreadCrumbs" x="21" y="59" w="171" h="19" zOrder="2">
          <ShadowBlur>0</ShadowBlur>
          <font family="Segoe+UI" displayName="Segoe+UI" postScript="" weightStyle="Standard" weight="400" isBold="False" isItalic="False"/>
          <text>General+Data%2CComponents</text>
          <textSize>14</textSize>
          <lineSpacing>0</lineSpacing>
        </control>
        <control controlID="4AF2B8FD-671F-4DD6-A09F-00AF79B2F351" controlTypeID="__group__" x="0" y="421" w="178" h="27" zOrder="3">
          <ShadowBlur>0</ShadowBlur>
          <groupChildrenDescriptors>
            <control controlID="922AB855-000B-444F-B8B5-756FF12295C4" controlTypeID="Icon" x="0" y="2" w="24" h="24" zOrder="0">
              <color>4278190080</color>
              <ShadowBlur>0</ShadowBlur>
              <icon>
                <ID/>
                <iconFontName>jdIonicons</iconFontName>
                <iconCode>62547</iconCode>
              </icon>
              <URL>23C89C10F7B3376AE4E32DC5E7C501A2.svg</URL>
            </control>
            <control controlID="5E8961A9-F27F-411B-8188-D058B19105F6" controlTypeID="Label" x="34" y="0" w="144" h="27" zOrder="1">
              <ShadowBlur>0</ShadowBlur>
              <font family="Segoe+UI" displayName="Segoe+UI_%26_Bold" postScript="" weightStyle="Bold" weight="700" isBold="True" isItalic="False"/>
              <text>User+Group+List</text>
              <textSize>20</textSize>
              <lineSpacing>0</lineSpacing>
              <textStyles>[fsBold]</textStyles>
              <useDefaultTextSize>False</useDefaultTextSize>
              <selectedIndex>-1</selectedIndex>
            </control>
          </groupChildrenDescriptors>
        </control>
        <control controlID="1D30C46A-757C-445F-8149-5E4F94D8082A" controlTypeID="__group__" x="18" y="128" w="556" h="153" zOrder="4">
          <ShadowBlur>0,5</ShadowBlur>
          <groupChildrenDescriptors>
            <control controlID="B2DFA1F9-8A41-4C44-A5D1-5290481BF881" controlTypeID="List" x="39" y="0" w="517" h="153" zOrder="0">
              <verticalScrollbarShow>True</verticalScrollbarShow>
              <ShadowBlur>0,5</ShadowBlur>
              <font family="Segoe+UI" displayName="Segoe+UI" postScript="" weightStyle="Standard" weight="400" isBold="False" isItalic="False"/>
              <text>User%0D%0AUserGroup%0D%0AConnector%0D%0ATransaction%0D%0AEvent%0D%0AEventHandler%0D%0AScheduler%0D%0AMyProfile</text>
              <textSize>14</textSize>
              <lineSpacing>0</lineSpacing>
            </control>
            <control controlID="4821B607-F5AD-4F29-BD7C-9D00ED050F4E" controlTypeID="Icon" x="0" y="0" w="24" h="24" zOrder="1">
              <ShadowBlur>0,5</ShadowBlur>
              <icon>
                <ID/>
                <iconFontName>jdFontAwesome</iconFontName>
                <iconCode>61672</iconCode>
              </icon>
              <URL>D25389732084BB204093B6C73FE4C76B.svg</URL>
            </control>
          </groupChildrenDescriptors>
        </control>
        <control controlID="A4C2BFA4-0452-4525-9740-F86F3F3F9222" controlTypeID="__group__" x="18" y="347" w="557" h="32" zOrder="5">
          <ShadowBlur>0,5</ShadowBlur>
          <groupChildrenDescriptors>
            <control controlID="3670B070-8783-4AAC-8F0C-3A4CB4EBB9E6" controlTypeID="IconButton2" x="0" y="1" w="31" h="31" zOrder="0">
              <ShadowBlur>0</ShadowBlur>
              <groupChildrenDescriptors>
                <control controlID="25317BDE-C1D4-48B1-B172-BFD867D9DA23" controlTypeID="Shape" x="0" y="0" w="31" h="31" zOrder="0">
                  <borderColor>4278190080</borderColor>
                  <canMove>False</canMove>
                  <alias>shape</alias>
                  <ShadowBlur>0</ShadowBlur>
                  <font family="Segoe+UI" displayName="Segoe+UI" postScript="" weightStyle="Standard" weight="400" isBold="False" isItalic="False"/>
                  <textSize>14</textSize>
                  <selectedIndex>-1</selectedIndex>
                  <shapeBorderType>SbEllipse</shapeBorderType>
                </control>
                <control controlID="F9979116-B250-49A0-A5D1-D0972B11053F" controlTypeID="Icon" x="6" y="6" w="20" h="20" zOrder="1">
                  <color>4278190080</color>
                  <canMove>False</canMove>
                  <alias>icon</alias>
                  <ShadowBlur>0</ShadowBlur>
                  <icon>
                    <ID/>
                    <iconFontName>jdIonicons</iconFontName>
                    <iconCode>62154</iconCode>
                  </icon>
                  <URL>D95E480717200F895E41DB6E5B869596.svg</URL>
                </control>
                <control controlID="927BFED7-6695-4C9F-A917-376634B67B6E" controlTypeID="Label" x="-2" y="0" w="32" h="19" zOrder="2">
                  <canMove>False</canMove>
                  <alias>label</alias>
                  <ShadowBlur>0</ShadowBlur>
                  <font family="Segoe+UI" displayName="Segoe+UI" postScript="" weightStyle="Standard" weight="400" isBold="False" isItalic="False"/>
                  <text>Label</text>
                  <textAlign>HaCenter</textAlign>
                  <lineSpacing>0</lineSpacing>
                  <selectedIndex>-1</selectedIndex>
                </control>
                <control controlID="DA4F234F-BA07-49EE-A3ED-3BCFEFF72B9C" controlTypeID="Shape" x="19" y="0" w="12" h="12" zOrder="3">
                  <color>4294901760</color>
                  <borderVisible>False</borderVisible>
                  <canMove>False</canMove>
                  <alias>alarm</alias>
                  <ShadowBlur>0</ShadowBlur>
                  <font family="Segoe+UI" displayName="Segoe+UI" postScript="" weightStyle="Standard" weight="400" isBold="False" isItalic="False"/>
                  <text>2</text>
                  <textColor>4294967295</textColor>
                  <textSize>7</textSize>
                  <selectedIndex>-1</selectedIndex>
                  <radius>100</radius>
                  <radiusIsPercent>True</radiusIsPercent>
                </control>
              </groupChildrenDescriptors>
              <iconSize>20</iconSize>
            </control>
            <control controlID="7F4ACF9D-CB15-4495-B312-BDC04F84E942" controlTypeID="IconButton2" x="526" y="0" w="31" h="31" zOrder="1">
              <ShadowBlur>0</ShadowBlur>
              <groupChildrenDescriptors>
                <control controlID="9E88FDC2-5E44-4E3A-88F8-155147568717" controlTypeID="Shape" x="0" y="0" w="31" h="31" zOrder="0">
                  <borderColor>4278190080</borderColor>
                  <canMove>False</canMove>
                  <alias>shape</alias>
                  <ShadowBlur>0</ShadowBlur>
                  <font family="Segoe+UI" displayName="Segoe+UI" postScript="" weightStyle="Standard" weight="400" isBold="False" isItalic="False"/>
                  <textSize>14</textSize>
                  <selectedIndex>-1</selectedIndex>
                  <shapeBorderType>SbEllipse</shapeBorderType>
                </control>
                <control controlID="7A01A695-BBA6-422B-9ACE-BE43F911B758" controlTypeID="Icon" x="6" y="6" w="20" h="20" zOrder="1">
                  <color>4278190080</color>
                  <canMove>False</canMove>
                  <alias>icon</alias>
                  <ShadowBlur>0</ShadowBlur>
                  <icon>
                    <ID/>
                    <iconFontName>jdIonicons</iconFontName>
                    <iconCode>62223</iconCode>
                  </icon>
                  <URL>84E43FD667F4EA128EEFBAD7B03B51F5.svg</URL>
                </control>
                <control controlID="0F4F9470-7EC5-4B63-AA71-BDE5992A766E" controlTypeID="Label" x="-2" y="0" w="32" h="19" zOrder="2">
                  <canMove>False</canMove>
                  <alias>label</alias>
                  <ShadowBlur>0</ShadowBlur>
                  <font family="Segoe+UI" displayName="Segoe+UI" postScript="" weightStyle="Standard" weight="400" isBold="False" isItalic="False"/>
                  <text>Label</text>
                  <textAlign>HaCenter</textAlign>
                  <lineSpacing>0</lineSpacing>
                  <selectedIndex>-1</selectedIndex>
                </control>
                <control controlID="E9587E36-3561-4C17-97F2-321A52CAC1F4" controlTypeID="Shape" x="19" y="0" w="12" h="12" zOrder="3">
                  <color>4294901760</color>
                  <borderVisible>False</borderVisible>
                  <canMove>False</canMove>
                  <alias>alarm</alias>
                  <ShadowBlur>0</ShadowBlur>
                  <font family="Segoe+UI" displayName="Segoe+UI" postScript="" weightStyle="Standard" weight="400" isBold="False" isItalic="False"/>
                  <text>2</text>
                  <textColor>4294967295</textColor>
                  <textSize>7</textSize>
                  <selectedIndex>-1</selectedIndex>
                  <radius>100</radius>
                  <radiusIsPercent>True</radiusIsPercent>
                </control>
              </groupChildrenDescriptors>
              <iconSize>20</iconSize>
            </control>
          </groupChildrenDescriptors>
        </control>
      </groupChildrenDescriptors>
    </control>
    <control controlID="06BEE915-3E36-454C-88E6-684CF216989B" controlTypeID="Label" x="451" y="86" w="198" h="38" zOrder="3">
      <ShadowBlur>0</ShadowBlur>
      <font family="Segoe+UI" displayName="Segoe+UI" postScript="" weightStyle="Standard" weight="400" isBold="False" isItalic="False"/>
      <text>Add+User+Group</text>
      <textColor>4284900966</textColor>
      <textSize>28</textSize>
      <lineSpacing>0</lineSpacing>
      <useDefaultTextSize>False</useDefaultTextSize>
      <selectedIndex>-1</selectedIndex>
    </control>
  </controls>
  <param>
    <backgroundColor>4294967295</backgroundColor>
    <fontSize>14</fontSize>
    <fontFamily>Segoe+UI</fontFamily>
    <guideLines/>
  </param>
</mockup>